18:15:17 DEBUG : Logs will be stored at 'C:/Users/suren/Documents/ECE_520/Final_Project/Sandbox/signal_detect_vitis/IDE.log'.
18:15:24 INFO  : Registering command handlers for Vitis TCF services
18:15:24 INFO  : Launching XSCT server: xsct.bat -n  -interactive C:\Users\suren\Documents\ECE_520\Final_Project\Sandbox\signal_detect_vitis\temp_xsdb_launch_script.tcl
18:15:24 INFO  : Platform repository initialization has completed.
18:15:26 INFO  : XSCT server has started successfully.
18:15:31 INFO  : plnx-install-location is set to ''
18:15:31 INFO  : Successfully done setting XSCT server connection channel  
18:15:31 INFO  : Successfully done query RDI_DATADIR 
18:15:31 INFO  : Successfully done setting workspace for the tool. 
18:17:17 INFO  : Result from executing command 'getProjects': signal_detect_platform
18:17:18 INFO  : Result from executing command 'getPlatforms': xilinx_zcu102_base_202310_1|C:/Xilinx/Vitis/2023.1/base_platforms/xilinx_zcu102_base_202310_1/xilinx_zcu102_base_202310_1.xpfm;xilinx_zcu102_base_dfx_202310_1|C:/Xilinx/Vitis/2023.1/base_platforms/xilinx_zcu102_base_dfx_202310_1/xilinx_zcu102_base_dfx_202310_1.xpfm;xilinx_zcu104_base_202310_1|C:/Xilinx/Vitis/2023.1/base_platforms/xilinx_zcu104_base_202310_1/xilinx_zcu104_base_202310_1.xpfm
18:18:00 INFO  : Result from executing command 'getProjects': signal_detect_platform
18:18:00 INFO  : Result from executing command 'getPlatforms': signal_detect_platform|C:/Users/suren/Documents/ECE_520/Final_Project/Sandbox/signal_detect_vitis/signal_detect_platform/export/signal_detect_platform/signal_detect_platform.xpfm;xilinx_zcu102_base_202310_1|C:/Xilinx/Vitis/2023.1/base_platforms/xilinx_zcu102_base_202310_1/xilinx_zcu102_base_202310_1.xpfm;xilinx_zcu102_base_dfx_202310_1|C:/Xilinx/Vitis/2023.1/base_platforms/xilinx_zcu102_base_dfx_202310_1/xilinx_zcu102_base_dfx_202310_1.xpfm;xilinx_zcu104_base_202310_1|C:/Xilinx/Vitis/2023.1/base_platforms/xilinx_zcu104_base_202310_1/xilinx_zcu104_base_202310_1.xpfm
18:20:28 INFO  : Checking for BSP changes to sync application flags for project 'signal_detect_app'...
18:41:32 INFO  : Connected to target on host '127.0.0.1' and port '3121'.
18:41:33 INFO  : Jtag cable 'Digilent Zybo Z7 210351BE7AB6A' is selected.
18:41:33 INFO  : 'jtag frequency' command is executed.
18:41:33 INFO  : Context for 'APU' is selected.
18:41:33 INFO  : System reset is completed.
18:41:36 INFO  : 'after 3000' command is executed.
18:41:36 INFO  : 'targets -set -filter {jtag_cable_name =~ "Digilent Zybo Z7 210351BE7AB6A" && level==0 && jtag_device_ctx=="jsn-Zybo Z7-210351BE7AB6A-13722093-0"}' command is executed.
18:41:38 INFO  : Device configured successfully with "C:/Users/suren/Documents/ECE_520/Final_Project/Sandbox/signal_detect_vitis/signal_detect_app/_ide/bitstream/signal_detect_bd_wrapper.bit"
18:41:38 INFO  : Context for 'APU' is selected.
18:41:38 INFO  : Hardware design and registers information is loaded from 'C:/Users/suren/Documents/ECE_520/Final_Project/Sandbox/signal_detect_vitis/signal_detect_platform/export/signal_detect_platform/hw/signal_detect_bd_wrapper.xsa'.
18:41:38 INFO  : 'configparams force-mem-access 1' command is executed.
18:41:38 INFO  : Context for 'APU' is selected.
18:41:38 INFO  : Sourcing of 'C:/Users/suren/Documents/ECE_520/Final_Project/Sandbox/signal_detect_vitis/signal_detect_app/_ide/psinit/ps7_init.tcl' is done.
18:41:39 INFO  : 'ps7_init' command is executed.
18:41:39 INFO  : 'ps7_post_config' command is executed.
18:41:39 INFO  : Context for processor 'ps7_cortexa9_0' is selected.
18:41:40 INFO  : The application 'C:/Users/suren/Documents/ECE_520/Final_Project/Sandbox/signal_detect_vitis/signal_detect_app/Debug/signal_detect_app.elf' is downloaded to processor 'ps7_cortexa9_0'.
18:41:40 INFO  : 'configparams force-mem-access 0' command is executed.
18:41:40 INFO  : ----------------XSDB Script----------------
connect -url tcp:127.0.0.1:3121
targets -set -nocase -filter {name =~"APU*"}
rst -system
after 3000
targets -set -filter {jtag_cable_name =~ "Digilent Zybo Z7 210351BE7AB6A" && level==0 && jtag_device_ctx=="jsn-Zybo Z7-210351BE7AB6A-13722093-0"}
fpga -file C:/Users/suren/Documents/ECE_520/Final_Project/Sandbox/signal_detect_vitis/signal_detect_app/_ide/bitstream/signal_detect_bd_wrapper.bit
targets -set -nocase -filter {name =~"APU*"}
loadhw -hw C:/Users/suren/Documents/ECE_520/Final_Project/Sandbox/signal_detect_vitis/signal_detect_platform/export/signal_detect_platform/hw/signal_detect_bd_wrapper.xsa -mem-ranges [list {0x40000000 0xbfffffff}] -regs
configparams force-mem-access 1
targets -set -nocase -filter {name =~"APU*"}
source C:/Users/suren/Documents/ECE_520/Final_Project/Sandbox/signal_detect_vitis/signal_detect_app/_ide/psinit/ps7_init.tcl
ps7_init
ps7_post_config
targets -set -nocase -filter {name =~ "*A9*#0"}
dow C:/Users/suren/Documents/ECE_520/Final_Project/Sandbox/signal_detect_vitis/signal_detect_app/Debug/signal_detect_app.elf
configparams force-mem-access 0
----------------End of Script----------------

18:41:40 INFO  : Context for processor 'ps7_cortexa9_0' is selected.
18:41:40 INFO  : 'con' command is executed.
18:41:40 INFO  : ----------------XSDB Script (After Launch)----------------
targets -set -nocase -filter {name =~ "*A9*#0"}
con
----------------End of Script----------------

18:41:40 INFO  : Launch script is exported to file 'C:\Users\suren\Documents\ECE_520\Final_Project\Sandbox\signal_detect_vitis\signal_detect_app_system\_ide\scripts\debugger_signal_detect_app-default.tcl'
18:45:27 INFO  : Checking for BSP changes to sync application flags for project 'signal_detect_app'...
18:45:37 INFO  : Disconnected from the channel tcfchan#2.
18:45:38 INFO  : Connected to target on host '127.0.0.1' and port '3121'.
18:45:48 INFO  : ----------------XSDB Script----------------
connect -url tcp:127.0.0.1:3121
----------------End of Script----------------

18:45:48 ERROR : Could not find FPGA device on the board for connection 'Local'.


Troubleshooting hints:
1. Check whether board is connected to system properly.
2. In case of zynq board, check whether Digilent/Xilinx cable switch settings are correct.
3. If you are using Xilinx Platform Cable USB, ensure that status LED is green.
18:46:08 INFO  : Connected to target on host '127.0.0.1' and port '3121'.
18:46:08 INFO  : Jtag cable 'Digilent Zybo Z7 210351BE7AB6A' is selected.
18:46:08 INFO  : 'jtag frequency' command is executed.
18:46:08 INFO  : Context for 'APU' is selected.
18:46:08 INFO  : System reset is completed.
18:46:11 INFO  : 'after 3000' command is executed.
18:46:11 INFO  : 'targets -set -filter {jtag_cable_name =~ "Digilent Zybo Z7 210351BE7AB6A" && level==0 && jtag_device_ctx=="jsn-Zybo Z7-210351BE7AB6A-13722093-0"}' command is executed.
18:46:13 INFO  : Device configured successfully with "C:/Users/suren/Documents/ECE_520/Final_Project/Sandbox/signal_detect_vitis/signal_detect_app/_ide/bitstream/signal_detect_bd_wrapper.bit"
18:46:13 INFO  : Context for 'APU' is selected.
18:46:13 INFO  : Hardware design and registers information is loaded from 'C:/Users/suren/Documents/ECE_520/Final_Project/Sandbox/signal_detect_vitis/signal_detect_platform/export/signal_detect_platform/hw/signal_detect_bd_wrapper.xsa'.
18:46:13 INFO  : 'configparams force-mem-access 1' command is executed.
18:46:13 INFO  : Context for 'APU' is selected.
18:46:13 INFO  : Sourcing of 'C:/Users/suren/Documents/ECE_520/Final_Project/Sandbox/signal_detect_vitis/signal_detect_app/_ide/psinit/ps7_init.tcl' is done.
18:46:14 INFO  : 'ps7_init' command is executed.
18:46:14 INFO  : 'ps7_post_config' command is executed.
18:46:14 INFO  : Context for processor 'ps7_cortexa9_0' is selected.
18:46:14 INFO  : The application 'C:/Users/suren/Documents/ECE_520/Final_Project/Sandbox/signal_detect_vitis/signal_detect_app/Debug/signal_detect_app.elf' is downloaded to processor 'ps7_cortexa9_0'.
18:46:14 INFO  : 'configparams force-mem-access 0' command is executed.
18:46:14 INFO  : ----------------XSDB Script----------------
connect -url tcp:127.0.0.1:3121
targets -set -nocase -filter {name =~"APU*"}
rst -system
after 3000
targets -set -filter {jtag_cable_name =~ "Digilent Zybo Z7 210351BE7AB6A" && level==0 && jtag_device_ctx=="jsn-Zybo Z7-210351BE7AB6A-13722093-0"}
fpga -file C:/Users/suren/Documents/ECE_520/Final_Project/Sandbox/signal_detect_vitis/signal_detect_app/_ide/bitstream/signal_detect_bd_wrapper.bit
targets -set -nocase -filter {name =~"APU*"}
loadhw -hw C:/Users/suren/Documents/ECE_520/Final_Project/Sandbox/signal_detect_vitis/signal_detect_platform/export/signal_detect_platform/hw/signal_detect_bd_wrapper.xsa -mem-ranges [list {0x40000000 0xbfffffff}] -regs
configparams force-mem-access 1
targets -set -nocase -filter {name =~"APU*"}
source C:/Users/suren/Documents/ECE_520/Final_Project/Sandbox/signal_detect_vitis/signal_detect_app/_ide/psinit/ps7_init.tcl
ps7_init
ps7_post_config
targets -set -nocase -filter {name =~ "*A9*#0"}
dow C:/Users/suren/Documents/ECE_520/Final_Project/Sandbox/signal_detect_vitis/signal_detect_app/Debug/signal_detect_app.elf
configparams force-mem-access 0
----------------End of Script----------------

18:46:14 INFO  : Context for processor 'ps7_cortexa9_0' is selected.
18:46:14 INFO  : 'con' command is executed.
18:46:14 INFO  : ----------------XSDB Script (After Launch)----------------
targets -set -nocase -filter {name =~ "*A9*#0"}
con
----------------End of Script----------------

18:46:14 INFO  : Launch script is exported to file 'C:\Users\suren\Documents\ECE_520\Final_Project\Sandbox\signal_detect_vitis\signal_detect_app_system\_ide\scripts\debugger_signal_detect_app-default.tcl'
18:48:19 INFO  : Checking for BSP changes to sync application flags for project 'signal_detect_app'...
18:48:31 INFO  : Disconnected from the channel tcfchan#3.
18:48:32 INFO  : Connected to target on host '127.0.0.1' and port '3121'.
18:48:34 INFO  : Jtag cable 'Digilent Zybo Z7 210351BE7AB6A' is selected.
18:48:34 INFO  : 'jtag frequency' command is executed.
18:48:34 INFO  : Context for 'APU' is selected.
18:48:34 INFO  : System reset is completed.
18:48:37 INFO  : 'after 3000' command is executed.
18:48:37 INFO  : 'targets -set -filter {jtag_cable_name =~ "Digilent Zybo Z7 210351BE7AB6A" && level==0 && jtag_device_ctx=="jsn-Zybo Z7-210351BE7AB6A-13722093-0"}' command is executed.
18:48:39 INFO  : Device configured successfully with "C:/Users/suren/Documents/ECE_520/Final_Project/Sandbox/signal_detect_vitis/signal_detect_app/_ide/bitstream/signal_detect_bd_wrapper.bit"
18:48:39 INFO  : Context for 'APU' is selected.
18:48:39 INFO  : Hardware design and registers information is loaded from 'C:/Users/suren/Documents/ECE_520/Final_Project/Sandbox/signal_detect_vitis/signal_detect_platform/export/signal_detect_platform/hw/signal_detect_bd_wrapper.xsa'.
18:48:39 INFO  : 'configparams force-mem-access 1' command is executed.
18:48:39 INFO  : Context for 'APU' is selected.
18:48:39 INFO  : Sourcing of 'C:/Users/suren/Documents/ECE_520/Final_Project/Sandbox/signal_detect_vitis/signal_detect_app/_ide/psinit/ps7_init.tcl' is done.
18:48:39 INFO  : 'ps7_init' command is executed.
18:48:39 INFO  : 'ps7_post_config' command is executed.
18:48:40 INFO  : Context for processor 'ps7_cortexa9_0' is selected.
18:48:40 INFO  : The application 'C:/Users/suren/Documents/ECE_520/Final_Project/Sandbox/signal_detect_vitis/signal_detect_app/Debug/signal_detect_app.elf' is downloaded to processor 'ps7_cortexa9_0'.
18:48:40 INFO  : 'configparams force-mem-access 0' command is executed.
18:48:40 INFO  : ----------------XSDB Script----------------
connect -url tcp:127.0.0.1:3121
targets -set -nocase -filter {name =~"APU*"}
rst -system
after 3000
targets -set -filter {jtag_cable_name =~ "Digilent Zybo Z7 210351BE7AB6A" && level==0 && jtag_device_ctx=="jsn-Zybo Z7-210351BE7AB6A-13722093-0"}
fpga -file C:/Users/suren/Documents/ECE_520/Final_Project/Sandbox/signal_detect_vitis/signal_detect_app/_ide/bitstream/signal_detect_bd_wrapper.bit
targets -set -nocase -filter {name =~"APU*"}
loadhw -hw C:/Users/suren/Documents/ECE_520/Final_Project/Sandbox/signal_detect_vitis/signal_detect_platform/export/signal_detect_platform/hw/signal_detect_bd_wrapper.xsa -mem-ranges [list {0x40000000 0xbfffffff}] -regs
configparams force-mem-access 1
targets -set -nocase -filter {name =~"APU*"}
source C:/Users/suren/Documents/ECE_520/Final_Project/Sandbox/signal_detect_vitis/signal_detect_app/_ide/psinit/ps7_init.tcl
ps7_init
ps7_post_config
targets -set -nocase -filter {name =~ "*A9*#0"}
dow C:/Users/suren/Documents/ECE_520/Final_Project/Sandbox/signal_detect_vitis/signal_detect_app/Debug/signal_detect_app.elf
configparams force-mem-access 0
----------------End of Script----------------

18:48:40 INFO  : Context for processor 'ps7_cortexa9_0' is selected.
18:48:40 INFO  : 'con' command is executed.
18:48:40 INFO  : ----------------XSDB Script (After Launch)----------------
targets -set -nocase -filter {name =~ "*A9*#0"}
con
----------------End of Script----------------

18:48:40 INFO  : Launch script is exported to file 'C:\Users\suren\Documents\ECE_520\Final_Project\Sandbox\signal_detect_vitis\signal_detect_app_system\_ide\scripts\debugger_signal_detect_app-default.tcl'
18:50:42 INFO  : Disconnected from the channel tcfchan#4.
18:50:43 INFO  : Connected to target on host '127.0.0.1' and port '3121'.
18:50:43 INFO  : Jtag cable 'Digilent Zybo Z7 210351BE7AB6A' is selected.
18:50:43 INFO  : 'jtag frequency' command is executed.
18:50:43 INFO  : Context for 'APU' is selected.
18:50:43 INFO  : System reset is completed.
18:50:46 INFO  : 'after 3000' command is executed.
18:50:46 INFO  : 'targets -set -filter {jtag_cable_name =~ "Digilent Zybo Z7 210351BE7AB6A" && level==0 && jtag_device_ctx=="jsn-Zybo Z7-210351BE7AB6A-13722093-0"}' command is executed.
18:50:48 INFO  : Device configured successfully with "C:/Users/suren/Documents/ECE_520/Final_Project/Sandbox/signal_detect_vitis/signal_detect_app/_ide/bitstream/signal_detect_bd_wrapper.bit"
18:50:48 INFO  : Context for 'APU' is selected.
18:50:48 INFO  : Hardware design and registers information is loaded from 'C:/Users/suren/Documents/ECE_520/Final_Project/Sandbox/signal_detect_vitis/signal_detect_platform/export/signal_detect_platform/hw/signal_detect_bd_wrapper.xsa'.
18:50:48 INFO  : 'configparams force-mem-access 1' command is executed.
18:50:48 INFO  : Context for 'APU' is selected.
18:50:48 INFO  : Sourcing of 'C:/Users/suren/Documents/ECE_520/Final_Project/Sandbox/signal_detect_vitis/signal_detect_app/_ide/psinit/ps7_init.tcl' is done.
18:50:49 INFO  : 'ps7_init' command is executed.
18:50:49 INFO  : 'ps7_post_config' command is executed.
18:50:49 INFO  : Context for processor 'ps7_cortexa9_0' is selected.
18:50:49 INFO  : The application 'C:/Users/suren/Documents/ECE_520/Final_Project/Sandbox/signal_detect_vitis/signal_detect_app/Debug/signal_detect_app.elf' is downloaded to processor 'ps7_cortexa9_0'.
18:50:49 INFO  : 'configparams force-mem-access 0' command is executed.
18:50:49 INFO  : ----------------XSDB Script----------------
connect -url tcp:127.0.0.1:3121
targets -set -nocase -filter {name =~"APU*"}
rst -system
after 3000
targets -set -filter {jtag_cable_name =~ "Digilent Zybo Z7 210351BE7AB6A" && level==0 && jtag_device_ctx=="jsn-Zybo Z7-210351BE7AB6A-13722093-0"}
fpga -file C:/Users/suren/Documents/ECE_520/Final_Project/Sandbox/signal_detect_vitis/signal_detect_app/_ide/bitstream/signal_detect_bd_wrapper.bit
targets -set -nocase -filter {name =~"APU*"}
loadhw -hw C:/Users/suren/Documents/ECE_520/Final_Project/Sandbox/signal_detect_vitis/signal_detect_platform/export/signal_detect_platform/hw/signal_detect_bd_wrapper.xsa -mem-ranges [list {0x40000000 0xbfffffff}] -regs
configparams force-mem-access 1
targets -set -nocase -filter {name =~"APU*"}
source C:/Users/suren/Documents/ECE_520/Final_Project/Sandbox/signal_detect_vitis/signal_detect_app/_ide/psinit/ps7_init.tcl
ps7_init
ps7_post_config
targets -set -nocase -filter {name =~ "*A9*#0"}
dow C:/Users/suren/Documents/ECE_520/Final_Project/Sandbox/signal_detect_vitis/signal_detect_app/Debug/signal_detect_app.elf
configparams force-mem-access 0
----------------End of Script----------------

18:50:49 INFO  : Context for processor 'ps7_cortexa9_0' is selected.
18:50:49 INFO  : 'con' command is executed.
18:50:49 INFO  : ----------------XSDB Script (After Launch)----------------
targets -set -nocase -filter {name =~ "*A9*#0"}
con
----------------End of Script----------------

18:50:49 INFO  : Launch script is exported to file 'C:\Users\suren\Documents\ECE_520\Final_Project\Sandbox\signal_detect_vitis\signal_detect_app_system\_ide\scripts\debugger_signal_detect_app-default.tcl'
19:04:26 INFO  : Hardware specification for platform project 'signal_detect_platform' is updated.
19:04:50 INFO  : Result from executing command 'getProjects': signal_detect_platform
19:04:50 INFO  : Result from executing command 'getPlatforms': signal_detect_platform|C:/Users/suren/Documents/ECE_520/Final_Project/Sandbox/signal_detect_vitis/signal_detect_platform/export/signal_detect_platform/signal_detect_platform.xpfm;xilinx_zcu102_base_202310_1|C:/Xilinx/Vitis/2023.1/base_platforms/xilinx_zcu102_base_202310_1/xilinx_zcu102_base_202310_1.xpfm;xilinx_zcu102_base_dfx_202310_1|C:/Xilinx/Vitis/2023.1/base_platforms/xilinx_zcu102_base_dfx_202310_1/xilinx_zcu102_base_dfx_202310_1.xpfm;xilinx_zcu104_base_202310_1|C:/Xilinx/Vitis/2023.1/base_platforms/xilinx_zcu104_base_202310_1/xilinx_zcu104_base_202310_1.xpfm
19:05:02 INFO  : Checking for BSP changes to sync application flags for project 'signal_detect_app'...
19:05:18 INFO  : Disconnected from the channel tcfchan#5.
19:05:19 INFO  : The hardware specification used by project 'signal_detect_app' is out of sync with the platform. Resource files extracted from the hardware specification will be updated.
19:05:19 INFO  : The file 'C:\Users\suren\Documents\ECE_520\Final_Project\Sandbox\signal_detect_vitis\signal_detect_app\_ide\bitstream\signal_detect_bd_wrapper.bit' stored in project is removed.
19:05:19 INFO  : The updated bitstream files are copied from platform to folder 'C:\Users\suren\Documents\ECE_520\Final_Project\Sandbox\signal_detect_vitis\signal_detect_app\_ide\bitstream' in project 'signal_detect_app'.
19:05:19 INFO  : The file 'C:\Users\suren\Documents\ECE_520\Final_Project\Sandbox\signal_detect_vitis\signal_detect_app\_ide\psinit\ps7_init.tcl' stored in project is removed.
19:05:22 INFO  : The updated ps init files are copied from platform to folder 'C:\Users\suren\Documents\ECE_520\Final_Project\Sandbox\signal_detect_vitis\signal_detect_app\_ide\psinit' in project 'signal_detect_app'.
19:05:22 INFO  : Connected to target on host '127.0.0.1' and port '3121'.
19:05:22 INFO  : Jtag cable 'Digilent Zybo Z7 210351BE7AB6A' is selected.
19:05:22 INFO  : 'jtag frequency' command is executed.
19:05:22 INFO  : Context for 'APU' is selected.
19:05:23 INFO  : System reset is completed.
19:05:26 INFO  : 'after 3000' command is executed.
19:05:26 INFO  : 'targets -set -filter {jtag_cable_name =~ "Digilent Zybo Z7 210351BE7AB6A" && level==0 && jtag_device_ctx=="jsn-Zybo Z7-210351BE7AB6A-13722093-0"}' command is executed.
19:05:27 INFO  : Device configured successfully with "C:/Users/suren/Documents/ECE_520/Final_Project/Sandbox/signal_detect_vitis/signal_detect_app/_ide/bitstream/signal_detect_bd_wrapper.bit"
19:05:27 INFO  : Context for 'APU' is selected.
19:05:27 INFO  : Hardware design and registers information is loaded from 'C:/Users/suren/Documents/ECE_520/Final_Project/Sandbox/signal_detect_vitis/signal_detect_platform/export/signal_detect_platform/hw/signal_detect_bd_wrapper.xsa'.
19:05:27 INFO  : 'configparams force-mem-access 1' command is executed.
19:05:27 INFO  : Context for 'APU' is selected.
19:05:27 INFO  : Sourcing of 'C:/Users/suren/Documents/ECE_520/Final_Project/Sandbox/signal_detect_vitis/signal_detect_app/_ide/psinit/ps7_init.tcl' is done.
19:05:27 INFO  : 'ps7_init' command is executed.
19:05:27 INFO  : 'ps7_post_config' command is executed.
19:05:27 INFO  : Context for processor 'ps7_cortexa9_0' is selected.
19:05:27 INFO  : The application 'C:/Users/suren/Documents/ECE_520/Final_Project/Sandbox/signal_detect_vitis/signal_detect_app/Debug/signal_detect_app.elf' is downloaded to processor 'ps7_cortexa9_0'.
19:05:27 INFO  : 'configparams force-mem-access 0' command is executed.
19:05:27 INFO  : ----------------XSDB Script----------------
connect -url tcp:127.0.0.1:3121
targets -set -nocase -filter {name =~"APU*"}
rst -system
after 3000
targets -set -filter {jtag_cable_name =~ "Digilent Zybo Z7 210351BE7AB6A" && level==0 && jtag_device_ctx=="jsn-Zybo Z7-210351BE7AB6A-13722093-0"}
fpga -file C:/Users/suren/Documents/ECE_520/Final_Project/Sandbox/signal_detect_vitis/signal_detect_app/_ide/bitstream/signal_detect_bd_wrapper.bit
targets -set -nocase -filter {name =~"APU*"}
loadhw -hw C:/Users/suren/Documents/ECE_520/Final_Project/Sandbox/signal_detect_vitis/signal_detect_platform/export/signal_detect_platform/hw/signal_detect_bd_wrapper.xsa -mem-ranges [list {0x40000000 0xbfffffff}] -regs
configparams force-mem-access 1
targets -set -nocase -filter {name =~"APU*"}
source C:/Users/suren/Documents/ECE_520/Final_Project/Sandbox/signal_detect_vitis/signal_detect_app/_ide/psinit/ps7_init.tcl
ps7_init
ps7_post_config
targets -set -nocase -filter {name =~ "*A9*#0"}
dow C:/Users/suren/Documents/ECE_520/Final_Project/Sandbox/signal_detect_vitis/signal_detect_app/Debug/signal_detect_app.elf
configparams force-mem-access 0
----------------End of Script----------------

19:05:27 INFO  : Context for processor 'ps7_cortexa9_0' is selected.
19:05:27 INFO  : 'con' command is executed.
19:05:27 INFO  : ----------------XSDB Script (After Launch)----------------
targets -set -nocase -filter {name =~ "*A9*#0"}
con
----------------End of Script----------------

19:05:27 INFO  : Launch script is exported to file 'C:\Users\suren\Documents\ECE_520\Final_Project\Sandbox\signal_detect_vitis\signal_detect_app_system\_ide\scripts\debugger_signal_detect_app-default.tcl'
19:08:26 INFO  : Checking for BSP changes to sync application flags for project 'signal_detect_app'...
19:08:35 INFO  : Disconnected from the channel tcfchan#7.
19:08:36 INFO  : Connected to target on host '127.0.0.1' and port '3121'.
19:08:36 INFO  : Jtag cable 'Digilent Zybo Z7 210351BE7AB6A' is selected.
19:08:36 ERROR : port closed
19:08:36 INFO  : ----------------XSDB Script----------------
connect -url tcp:127.0.0.1:3121
----------------End of Script----------------

19:08:36 ERROR : port closed
19:08:46 INFO  : Connected to target on host '127.0.0.1' and port '3121'.
19:08:47 INFO  : Jtag cable 'Digilent Zybo Z7 210351BE7AB6A' is selected.
19:08:47 INFO  : 'jtag frequency' command is executed.
19:08:47 INFO  : Context for 'APU' is selected.
19:08:47 INFO  : System reset is completed.
19:08:50 INFO  : 'after 3000' command is executed.
19:08:50 INFO  : 'targets -set -filter {jtag_cable_name =~ "Digilent Zybo Z7 210351BE7AB6A" && level==0 && jtag_device_ctx=="jsn-Zybo Z7-210351BE7AB6A-13722093-0"}' command is executed.
19:08:51 INFO  : Device configured successfully with "C:/Users/suren/Documents/ECE_520/Final_Project/Sandbox/signal_detect_vitis/signal_detect_app/_ide/bitstream/signal_detect_bd_wrapper.bit"
19:08:51 INFO  : Context for 'APU' is selected.
19:08:51 INFO  : Hardware design and registers information is loaded from 'C:/Users/suren/Documents/ECE_520/Final_Project/Sandbox/signal_detect_vitis/signal_detect_platform/export/signal_detect_platform/hw/signal_detect_bd_wrapper.xsa'.
19:08:51 INFO  : 'configparams force-mem-access 1' command is executed.
19:08:51 INFO  : Context for 'APU' is selected.
19:08:51 INFO  : Sourcing of 'C:/Users/suren/Documents/ECE_520/Final_Project/Sandbox/signal_detect_vitis/signal_detect_app/_ide/psinit/ps7_init.tcl' is done.
19:08:52 INFO  : 'ps7_init' command is executed.
19:08:52 INFO  : 'ps7_post_config' command is executed.
19:08:52 INFO  : Context for processor 'ps7_cortexa9_0' is selected.
19:08:52 INFO  : The application 'C:/Users/suren/Documents/ECE_520/Final_Project/Sandbox/signal_detect_vitis/signal_detect_app/Debug/signal_detect_app.elf' is downloaded to processor 'ps7_cortexa9_0'.
19:08:52 INFO  : 'configparams force-mem-access 0' command is executed.
19:08:52 INFO  : ----------------XSDB Script----------------
connect -url tcp:127.0.0.1:3121
targets -set -nocase -filter {name =~"APU*"}
rst -system
after 3000
targets -set -filter {jtag_cable_name =~ "Digilent Zybo Z7 210351BE7AB6A" && level==0 && jtag_device_ctx=="jsn-Zybo Z7-210351BE7AB6A-13722093-0"}
fpga -file C:/Users/suren/Documents/ECE_520/Final_Project/Sandbox/signal_detect_vitis/signal_detect_app/_ide/bitstream/signal_detect_bd_wrapper.bit
targets -set -nocase -filter {name =~"APU*"}
loadhw -hw C:/Users/suren/Documents/ECE_520/Final_Project/Sandbox/signal_detect_vitis/signal_detect_platform/export/signal_detect_platform/hw/signal_detect_bd_wrapper.xsa -mem-ranges [list {0x40000000 0xbfffffff}] -regs
configparams force-mem-access 1
targets -set -nocase -filter {name =~"APU*"}
source C:/Users/suren/Documents/ECE_520/Final_Project/Sandbox/signal_detect_vitis/signal_detect_app/_ide/psinit/ps7_init.tcl
ps7_init
ps7_post_config
targets -set -nocase -filter {name =~ "*A9*#0"}
dow C:/Users/suren/Documents/ECE_520/Final_Project/Sandbox/signal_detect_vitis/signal_detect_app/Debug/signal_detect_app.elf
configparams force-mem-access 0
----------------End of Script----------------

19:08:52 INFO  : Context for processor 'ps7_cortexa9_0' is selected.
19:08:52 INFO  : 'con' command is executed.
19:08:52 INFO  : ----------------XSDB Script (After Launch)----------------
targets -set -nocase -filter {name =~ "*A9*#0"}
con
----------------End of Script----------------

19:08:52 INFO  : Launch script is exported to file 'C:\Users\suren\Documents\ECE_520\Final_Project\Sandbox\signal_detect_vitis\signal_detect_app_system\_ide\scripts\debugger_signal_detect_app-default.tcl'
19:09:19 INFO  : Disconnected from the channel tcfchan#8.
19:09:20 INFO  : Connected to target on host '127.0.0.1' and port '3121'.
19:09:20 INFO  : Jtag cable 'Digilent Zybo Z7 210351BE7AB6A' is selected.
19:09:20 INFO  : 'jtag frequency' command is executed.
19:09:20 INFO  : Context for 'APU' is selected.
19:09:20 INFO  : System reset is completed.
19:09:23 INFO  : 'after 3000' command is executed.
19:09:23 INFO  : 'targets -set -filter {jtag_cable_name =~ "Digilent Zybo Z7 210351BE7AB6A" && level==0 && jtag_device_ctx=="jsn-Zybo Z7-210351BE7AB6A-13722093-0"}' command is executed.
19:09:25 INFO  : Device configured successfully with "C:/Users/suren/Documents/ECE_520/Final_Project/Sandbox/signal_detect_vitis/signal_detect_app/_ide/bitstream/signal_detect_bd_wrapper.bit"
19:09:25 INFO  : Context for 'APU' is selected.
19:09:25 INFO  : Hardware design and registers information is loaded from 'C:/Users/suren/Documents/ECE_520/Final_Project/Sandbox/signal_detect_vitis/signal_detect_platform/export/signal_detect_platform/hw/signal_detect_bd_wrapper.xsa'.
19:09:25 INFO  : 'configparams force-mem-access 1' command is executed.
19:09:25 INFO  : Context for 'APU' is selected.
19:09:25 INFO  : Sourcing of 'C:/Users/suren/Documents/ECE_520/Final_Project/Sandbox/signal_detect_vitis/signal_detect_app/_ide/psinit/ps7_init.tcl' is done.
19:09:25 INFO  : 'ps7_init' command is executed.
19:09:25 INFO  : 'ps7_post_config' command is executed.
19:09:25 INFO  : Context for processor 'ps7_cortexa9_0' is selected.
19:09:25 INFO  : The application 'C:/Users/suren/Documents/ECE_520/Final_Project/Sandbox/signal_detect_vitis/signal_detect_app/Debug/signal_detect_app.elf' is downloaded to processor 'ps7_cortexa9_0'.
19:09:25 INFO  : 'configparams force-mem-access 0' command is executed.
19:09:25 INFO  : ----------------XSDB Script----------------
connect -url tcp:127.0.0.1:3121
targets -set -nocase -filter {name =~"APU*"}
rst -system
after 3000
targets -set -filter {jtag_cable_name =~ "Digilent Zybo Z7 210351BE7AB6A" && level==0 && jtag_device_ctx=="jsn-Zybo Z7-210351BE7AB6A-13722093-0"}
fpga -file C:/Users/suren/Documents/ECE_520/Final_Project/Sandbox/signal_detect_vitis/signal_detect_app/_ide/bitstream/signal_detect_bd_wrapper.bit
targets -set -nocase -filter {name =~"APU*"}
loadhw -hw C:/Users/suren/Documents/ECE_520/Final_Project/Sandbox/signal_detect_vitis/signal_detect_platform/export/signal_detect_platform/hw/signal_detect_bd_wrapper.xsa -mem-ranges [list {0x40000000 0xbfffffff}] -regs
configparams force-mem-access 1
targets -set -nocase -filter {name =~"APU*"}
source C:/Users/suren/Documents/ECE_520/Final_Project/Sandbox/signal_detect_vitis/signal_detect_app/_ide/psinit/ps7_init.tcl
ps7_init
ps7_post_config
targets -set -nocase -filter {name =~ "*A9*#0"}
dow C:/Users/suren/Documents/ECE_520/Final_Project/Sandbox/signal_detect_vitis/signal_detect_app/Debug/signal_detect_app.elf
configparams force-mem-access 0
----------------End of Script----------------

19:09:25 INFO  : Context for processor 'ps7_cortexa9_0' is selected.
19:09:25 INFO  : 'con' command is executed.
19:09:25 INFO  : ----------------XSDB Script (After Launch)----------------
targets -set -nocase -filter {name =~ "*A9*#0"}
con
----------------End of Script----------------

19:09:25 INFO  : Launch script is exported to file 'C:\Users\suren\Documents\ECE_520\Final_Project\Sandbox\signal_detect_vitis\signal_detect_app_system\_ide\scripts\debugger_signal_detect_app-default.tcl'
19:10:27 INFO  : Checking for BSP changes to sync application flags for project 'signal_detect_app'...
19:10:33 INFO  : Disconnected from the channel tcfchan#9.
19:10:34 INFO  : Connected to target on host '127.0.0.1' and port '3121'.
19:10:34 INFO  : Jtag cable 'Digilent Zybo Z7 210351BE7AB6A' is selected.
19:10:34 INFO  : 'jtag frequency' command is executed.
19:10:36 INFO  : Context for 'APU' is selected.
19:10:36 INFO  : System reset is completed.
19:10:39 INFO  : 'after 3000' command is executed.
19:10:39 INFO  : 'targets -set -filter {jtag_cable_name =~ "Digilent Zybo Z7 210351BE7AB6A" && level==0 && jtag_device_ctx=="jsn-Zybo Z7-210351BE7AB6A-13722093-0"}' command is executed.
19:10:41 INFO  : Device configured successfully with "C:/Users/suren/Documents/ECE_520/Final_Project/Sandbox/signal_detect_vitis/signal_detect_app/_ide/bitstream/signal_detect_bd_wrapper.bit"
19:10:41 INFO  : Context for 'APU' is selected.
19:10:41 INFO  : Hardware design and registers information is loaded from 'C:/Users/suren/Documents/ECE_520/Final_Project/Sandbox/signal_detect_vitis/signal_detect_platform/export/signal_detect_platform/hw/signal_detect_bd_wrapper.xsa'.
19:10:41 INFO  : 'configparams force-mem-access 1' command is executed.
19:10:41 INFO  : Context for 'APU' is selected.
19:10:41 INFO  : Sourcing of 'C:/Users/suren/Documents/ECE_520/Final_Project/Sandbox/signal_detect_vitis/signal_detect_app/_ide/psinit/ps7_init.tcl' is done.
19:10:41 INFO  : 'ps7_init' command is executed.
19:10:41 INFO  : 'ps7_post_config' command is executed.
19:10:41 INFO  : Context for processor 'ps7_cortexa9_0' is selected.
19:10:41 INFO  : The application 'C:/Users/suren/Documents/ECE_520/Final_Project/Sandbox/signal_detect_vitis/signal_detect_app/Debug/signal_detect_app.elf' is downloaded to processor 'ps7_cortexa9_0'.
19:10:41 INFO  : 'configparams force-mem-access 0' command is executed.
19:10:41 INFO  : ----------------XSDB Script----------------
connect -url tcp:127.0.0.1:3121
targets -set -nocase -filter {name =~"APU*"}
rst -system
after 3000
targets -set -filter {jtag_cable_name =~ "Digilent Zybo Z7 210351BE7AB6A" && level==0 && jtag_device_ctx=="jsn-Zybo Z7-210351BE7AB6A-13722093-0"}
fpga -file C:/Users/suren/Documents/ECE_520/Final_Project/Sandbox/signal_detect_vitis/signal_detect_app/_ide/bitstream/signal_detect_bd_wrapper.bit
targets -set -nocase -filter {name =~"APU*"}
loadhw -hw C:/Users/suren/Documents/ECE_520/Final_Project/Sandbox/signal_detect_vitis/signal_detect_platform/export/signal_detect_platform/hw/signal_detect_bd_wrapper.xsa -mem-ranges [list {0x40000000 0xbfffffff}] -regs
configparams force-mem-access 1
targets -set -nocase -filter {name =~"APU*"}
source C:/Users/suren/Documents/ECE_520/Final_Project/Sandbox/signal_detect_vitis/signal_detect_app/_ide/psinit/ps7_init.tcl
ps7_init
ps7_post_config
targets -set -nocase -filter {name =~ "*A9*#0"}
dow C:/Users/suren/Documents/ECE_520/Final_Project/Sandbox/signal_detect_vitis/signal_detect_app/Debug/signal_detect_app.elf
configparams force-mem-access 0
----------------End of Script----------------

19:10:41 INFO  : Context for processor 'ps7_cortexa9_0' is selected.
19:10:41 INFO  : 'con' command is executed.
19:10:41 INFO  : ----------------XSDB Script (After Launch)----------------
targets -set -nocase -filter {name =~ "*A9*#0"}
con
----------------End of Script----------------

19:10:41 INFO  : Launch script is exported to file 'C:\Users\suren\Documents\ECE_520\Final_Project\Sandbox\signal_detect_vitis\signal_detect_app_system\_ide\scripts\debugger_signal_detect_app-default.tcl'
19:20:28 INFO  : Hardware specification for platform project 'signal_detect_platform' is updated.
19:21:11 INFO  : Result from executing command 'getProjects': signal_detect_platform
19:21:11 INFO  : Result from executing command 'getPlatforms': xilinx_zcu102_base_202310_1|C:/Xilinx/Vitis/2023.1/base_platforms/xilinx_zcu102_base_202310_1/xilinx_zcu102_base_202310_1.xpfm;xilinx_zcu102_base_dfx_202310_1|C:/Xilinx/Vitis/2023.1/base_platforms/xilinx_zcu102_base_dfx_202310_1/xilinx_zcu102_base_dfx_202310_1.xpfm;xilinx_zcu104_base_202310_1|C:/Xilinx/Vitis/2023.1/base_platforms/xilinx_zcu104_base_202310_1/xilinx_zcu104_base_202310_1.xpfm
19:21:17 INFO  : Checking for BSP changes to sync application flags for project 'signal_detect_app'...
19:21:26 INFO  : Disconnected from the channel tcfchan#10.
19:21:27 INFO  : The hardware specification used by project 'signal_detect_app' is out of sync with the platform. Resource files extracted from the hardware specification will be updated.
19:21:28 INFO  : The file 'C:\Users\suren\Documents\ECE_520\Final_Project\Sandbox\signal_detect_vitis\signal_detect_app\_ide\bitstream\signal_detect_bd_wrapper.bit' stored in project is removed.
19:21:28 INFO  : The updated bitstream files are copied from platform to folder 'C:\Users\suren\Documents\ECE_520\Final_Project\Sandbox\signal_detect_vitis\signal_detect_app\_ide\bitstream' in project 'signal_detect_app'.
19:21:28 INFO  : The file 'C:\Users\suren\Documents\ECE_520\Final_Project\Sandbox\signal_detect_vitis\signal_detect_app\_ide\psinit\ps7_init.tcl' stored in project is removed.
19:21:31 INFO  : The updated ps init files are copied from platform to folder 'C:\Users\suren\Documents\ECE_520\Final_Project\Sandbox\signal_detect_vitis\signal_detect_app\_ide\psinit' in project 'signal_detect_app'.
19:21:31 INFO  : Connected to target on host '127.0.0.1' and port '3121'.
19:21:31 INFO  : Jtag cable 'Digilent Zybo Z7 210351BE7AB6A' is selected.
19:21:31 INFO  : 'jtag frequency' command is executed.
19:21:31 INFO  : Context for 'APU' is selected.
19:21:31 INFO  : System reset is completed.
19:21:34 INFO  : 'after 3000' command is executed.
19:21:34 INFO  : 'targets -set -filter {jtag_cable_name =~ "Digilent Zybo Z7 210351BE7AB6A" && level==0 && jtag_device_ctx=="jsn-Zybo Z7-210351BE7AB6A-13722093-0"}' command is executed.
19:21:35 INFO  : Device configured successfully with "C:/Users/suren/Documents/ECE_520/Final_Project/Sandbox/signal_detect_vitis/signal_detect_app/_ide/bitstream/signal_detect_bd_wrapper.bit"
19:21:35 INFO  : Context for 'APU' is selected.
19:21:35 INFO  : Hardware design and registers information is loaded from 'C:/Users/suren/Documents/ECE_520/Final_Project/Sandbox/signal_detect_vitis/signal_detect_platform/export/signal_detect_platform/hw/signal_detect_bd_wrapper.xsa'.
19:21:35 INFO  : 'configparams force-mem-access 1' command is executed.
19:21:35 INFO  : Context for 'APU' is selected.
19:21:35 INFO  : Sourcing of 'C:/Users/suren/Documents/ECE_520/Final_Project/Sandbox/signal_detect_vitis/signal_detect_app/_ide/psinit/ps7_init.tcl' is done.
19:21:36 INFO  : 'ps7_init' command is executed.
19:21:36 INFO  : 'ps7_post_config' command is executed.
19:21:36 INFO  : Context for processor 'ps7_cortexa9_0' is selected.
19:21:36 INFO  : The application 'C:/Users/suren/Documents/ECE_520/Final_Project/Sandbox/signal_detect_vitis/signal_detect_app/Debug/signal_detect_app.elf' is downloaded to processor 'ps7_cortexa9_0'.
19:21:36 INFO  : 'configparams force-mem-access 0' command is executed.
19:21:36 INFO  : ----------------XSDB Script----------------
connect -url tcp:127.0.0.1:3121
targets -set -nocase -filter {name =~"APU*"}
rst -system
after 3000
targets -set -filter {jtag_cable_name =~ "Digilent Zybo Z7 210351BE7AB6A" && level==0 && jtag_device_ctx=="jsn-Zybo Z7-210351BE7AB6A-13722093-0"}
fpga -file C:/Users/suren/Documents/ECE_520/Final_Project/Sandbox/signal_detect_vitis/signal_detect_app/_ide/bitstream/signal_detect_bd_wrapper.bit
targets -set -nocase -filter {name =~"APU*"}
loadhw -hw C:/Users/suren/Documents/ECE_520/Final_Project/Sandbox/signal_detect_vitis/signal_detect_platform/export/signal_detect_platform/hw/signal_detect_bd_wrapper.xsa -mem-ranges [list {0x40000000 0xbfffffff}] -regs
configparams force-mem-access 1
targets -set -nocase -filter {name =~"APU*"}
source C:/Users/suren/Documents/ECE_520/Final_Project/Sandbox/signal_detect_vitis/signal_detect_app/_ide/psinit/ps7_init.tcl
ps7_init
ps7_post_config
targets -set -nocase -filter {name =~ "*A9*#0"}
dow C:/Users/suren/Documents/ECE_520/Final_Project/Sandbox/signal_detect_vitis/signal_detect_app/Debug/signal_detect_app.elf
configparams force-mem-access 0
----------------End of Script----------------

19:21:36 INFO  : Context for processor 'ps7_cortexa9_0' is selected.
19:21:36 INFO  : 'con' command is executed.
19:21:36 INFO  : ----------------XSDB Script (After Launch)----------------
targets -set -nocase -filter {name =~ "*A9*#0"}
con
----------------End of Script----------------

19:21:36 INFO  : Launch script is exported to file 'C:\Users\suren\Documents\ECE_520\Final_Project\Sandbox\signal_detect_vitis\signal_detect_app_system\_ide\scripts\debugger_signal_detect_app-default.tcl'
19:26:45 INFO  : Hardware specification for platform project 'signal_detect_platform' is updated.
19:26:58 INFO  : Result from executing command 'getProjects': signal_detect_platform
19:26:58 INFO  : Result from executing command 'getPlatforms': signal_detect_platform|C:/Users/suren/Documents/ECE_520/Final_Project/Sandbox/signal_detect_vitis/signal_detect_platform/export/signal_detect_platform/signal_detect_platform.xpfm;xilinx_zcu102_base_202310_1|C:/Xilinx/Vitis/2023.1/base_platforms/xilinx_zcu102_base_202310_1/xilinx_zcu102_base_202310_1.xpfm;xilinx_zcu102_base_dfx_202310_1|C:/Xilinx/Vitis/2023.1/base_platforms/xilinx_zcu102_base_dfx_202310_1/xilinx_zcu102_base_dfx_202310_1.xpfm;xilinx_zcu104_base_202310_1|C:/Xilinx/Vitis/2023.1/base_platforms/xilinx_zcu104_base_202310_1/xilinx_zcu104_base_202310_1.xpfm
19:27:05 INFO  : Checking for BSP changes to sync application flags for project 'signal_detect_app'...
19:27:22 INFO  : Disconnected from the channel tcfchan#12.
19:27:23 INFO  : The hardware specification used by project 'signal_detect_app' is out of sync with the platform. Resource files extracted from the hardware specification will be updated.
19:27:23 INFO  : The file 'C:\Users\suren\Documents\ECE_520\Final_Project\Sandbox\signal_detect_vitis\signal_detect_app\_ide\bitstream\signal_detect_bd_wrapper.bit' stored in project is removed.
19:27:23 INFO  : The updated bitstream files are copied from platform to folder 'C:\Users\suren\Documents\ECE_520\Final_Project\Sandbox\signal_detect_vitis\signal_detect_app\_ide\bitstream' in project 'signal_detect_app'.
19:27:23 INFO  : The file 'C:\Users\suren\Documents\ECE_520\Final_Project\Sandbox\signal_detect_vitis\signal_detect_app\_ide\psinit\ps7_init.tcl' stored in project is removed.
19:27:27 INFO  : The updated ps init files are copied from platform to folder 'C:\Users\suren\Documents\ECE_520\Final_Project\Sandbox\signal_detect_vitis\signal_detect_app\_ide\psinit' in project 'signal_detect_app'.
19:27:27 INFO  : Connected to target on host '127.0.0.1' and port '3121'.
19:27:27 INFO  : Jtag cable 'Digilent Zybo Z7 210351BE7AB6A' is selected.
19:27:27 INFO  : 'jtag frequency' command is executed.
19:27:27 INFO  : Context for 'APU' is selected.
19:27:27 INFO  : System reset is completed.
19:27:30 INFO  : 'after 3000' command is executed.
19:27:30 INFO  : 'targets -set -filter {jtag_cable_name =~ "Digilent Zybo Z7 210351BE7AB6A" && level==0 && jtag_device_ctx=="jsn-Zybo Z7-210351BE7AB6A-13722093-0"}' command is executed.
19:27:31 INFO  : Device configured successfully with "C:/Users/suren/Documents/ECE_520/Final_Project/Sandbox/signal_detect_vitis/signal_detect_app/_ide/bitstream/signal_detect_bd_wrapper.bit"
19:27:31 INFO  : Context for 'APU' is selected.
19:27:31 INFO  : Hardware design and registers information is loaded from 'C:/Users/suren/Documents/ECE_520/Final_Project/Sandbox/signal_detect_vitis/signal_detect_platform/export/signal_detect_platform/hw/signal_detect_bd_wrapper.xsa'.
19:27:31 INFO  : 'configparams force-mem-access 1' command is executed.
19:27:31 INFO  : Context for 'APU' is selected.
19:27:31 INFO  : Sourcing of 'C:/Users/suren/Documents/ECE_520/Final_Project/Sandbox/signal_detect_vitis/signal_detect_app/_ide/psinit/ps7_init.tcl' is done.
19:27:32 INFO  : 'ps7_init' command is executed.
19:27:32 INFO  : 'ps7_post_config' command is executed.
19:27:32 INFO  : Context for processor 'ps7_cortexa9_0' is selected.
19:27:32 INFO  : The application 'C:/Users/suren/Documents/ECE_520/Final_Project/Sandbox/signal_detect_vitis/signal_detect_app/Debug/signal_detect_app.elf' is downloaded to processor 'ps7_cortexa9_0'.
19:27:32 INFO  : 'configparams force-mem-access 0' command is executed.
19:27:32 INFO  : ----------------XSDB Script----------------
connect -url tcp:127.0.0.1:3121
targets -set -nocase -filter {name =~"APU*"}
rst -system
after 3000
targets -set -filter {jtag_cable_name =~ "Digilent Zybo Z7 210351BE7AB6A" && level==0 && jtag_device_ctx=="jsn-Zybo Z7-210351BE7AB6A-13722093-0"}
fpga -file C:/Users/suren/Documents/ECE_520/Final_Project/Sandbox/signal_detect_vitis/signal_detect_app/_ide/bitstream/signal_detect_bd_wrapper.bit
targets -set -nocase -filter {name =~"APU*"}
loadhw -hw C:/Users/suren/Documents/ECE_520/Final_Project/Sandbox/signal_detect_vitis/signal_detect_platform/export/signal_detect_platform/hw/signal_detect_bd_wrapper.xsa -mem-ranges [list {0x40000000 0xbfffffff}] -regs
configparams force-mem-access 1
targets -set -nocase -filter {name =~"APU*"}
source C:/Users/suren/Documents/ECE_520/Final_Project/Sandbox/signal_detect_vitis/signal_detect_app/_ide/psinit/ps7_init.tcl
ps7_init
ps7_post_config
targets -set -nocase -filter {name =~ "*A9*#0"}
dow C:/Users/suren/Documents/ECE_520/Final_Project/Sandbox/signal_detect_vitis/signal_detect_app/Debug/signal_detect_app.elf
configparams force-mem-access 0
----------------End of Script----------------

19:27:32 INFO  : Context for processor 'ps7_cortexa9_0' is selected.
19:27:32 INFO  : 'con' command is executed.
19:27:32 INFO  : ----------------XSDB Script (After Launch)----------------
targets -set -nocase -filter {name =~ "*A9*#0"}
con
----------------End of Script----------------

19:27:32 INFO  : Launch script is exported to file 'C:\Users\suren\Documents\ECE_520\Final_Project\Sandbox\signal_detect_vitis\signal_detect_app_system\_ide\scripts\debugger_signal_detect_app-default.tcl'
19:36:31 INFO  : Hardware specification for platform project 'signal_detect_platform' is updated.
19:36:51 INFO  : Result from executing command 'getProjects': signal_detect_platform
19:36:51 INFO  : Result from executing command 'getPlatforms': xilinx_zcu102_base_202310_1|C:/Xilinx/Vitis/2023.1/base_platforms/xilinx_zcu102_base_202310_1/xilinx_zcu102_base_202310_1.xpfm;xilinx_zcu102_base_dfx_202310_1|C:/Xilinx/Vitis/2023.1/base_platforms/xilinx_zcu102_base_dfx_202310_1/xilinx_zcu102_base_dfx_202310_1.xpfm;xilinx_zcu104_base_202310_1|C:/Xilinx/Vitis/2023.1/base_platforms/xilinx_zcu104_base_202310_1/xilinx_zcu104_base_202310_1.xpfm
19:37:00 INFO  : Checking for BSP changes to sync application flags for project 'signal_detect_app'...
19:37:06 INFO  : Disconnected from the channel tcfchan#14.
19:37:07 INFO  : The hardware specification used by project 'signal_detect_app' is out of sync with the platform. Resource files extracted from the hardware specification will be updated.
19:37:07 INFO  : The file 'C:\Users\suren\Documents\ECE_520\Final_Project\Sandbox\signal_detect_vitis\signal_detect_app\_ide\bitstream\signal_detect_bd_wrapper.bit' stored in project is removed.
19:37:07 INFO  : The updated bitstream files are copied from platform to folder 'C:\Users\suren\Documents\ECE_520\Final_Project\Sandbox\signal_detect_vitis\signal_detect_app\_ide\bitstream' in project 'signal_detect_app'.
19:37:07 INFO  : The file 'C:\Users\suren\Documents\ECE_520\Final_Project\Sandbox\signal_detect_vitis\signal_detect_app\_ide\psinit\ps7_init.tcl' stored in project is removed.
19:37:11 INFO  : The updated ps init files are copied from platform to folder 'C:\Users\suren\Documents\ECE_520\Final_Project\Sandbox\signal_detect_vitis\signal_detect_app\_ide\psinit' in project 'signal_detect_app'.
19:37:11 INFO  : Connected to target on host '127.0.0.1' and port '3121'.
19:37:11 INFO  : Jtag cable 'Digilent Zybo Z7 210351BE7AB6A' is selected.
19:37:11 INFO  : 'jtag frequency' command is executed.
19:37:11 INFO  : Context for 'APU' is selected.
19:37:11 INFO  : System reset is completed.
19:37:14 INFO  : 'after 3000' command is executed.
19:37:14 INFO  : 'targets -set -filter {jtag_cable_name =~ "Digilent Zybo Z7 210351BE7AB6A" && level==0 && jtag_device_ctx=="jsn-Zybo Z7-210351BE7AB6A-13722093-0"}' command is executed.
19:37:15 INFO  : Device configured successfully with "C:/Users/suren/Documents/ECE_520/Final_Project/Sandbox/signal_detect_vitis/signal_detect_app/_ide/bitstream/signal_detect_bd_wrapper.bit"
19:37:15 INFO  : Context for 'APU' is selected.
19:37:15 INFO  : Hardware design and registers information is loaded from 'C:/Users/suren/Documents/ECE_520/Final_Project/Sandbox/signal_detect_vitis/signal_detect_platform/export/signal_detect_platform/hw/signal_detect_bd_wrapper.xsa'.
19:37:15 INFO  : 'configparams force-mem-access 1' command is executed.
19:37:15 INFO  : Context for 'APU' is selected.
19:37:15 INFO  : Sourcing of 'C:/Users/suren/Documents/ECE_520/Final_Project/Sandbox/signal_detect_vitis/signal_detect_app/_ide/psinit/ps7_init.tcl' is done.
19:37:16 INFO  : 'ps7_init' command is executed.
19:37:16 INFO  : 'ps7_post_config' command is executed.
19:37:16 INFO  : Context for processor 'ps7_cortexa9_0' is selected.
19:37:16 INFO  : The application 'C:/Users/suren/Documents/ECE_520/Final_Project/Sandbox/signal_detect_vitis/signal_detect_app/Debug/signal_detect_app.elf' is downloaded to processor 'ps7_cortexa9_0'.
19:37:16 INFO  : 'configparams force-mem-access 0' command is executed.
19:37:16 INFO  : ----------------XSDB Script----------------
connect -url tcp:127.0.0.1:3121
targets -set -nocase -filter {name =~"APU*"}
rst -system
after 3000
targets -set -filter {jtag_cable_name =~ "Digilent Zybo Z7 210351BE7AB6A" && level==0 && jtag_device_ctx=="jsn-Zybo Z7-210351BE7AB6A-13722093-0"}
fpga -file C:/Users/suren/Documents/ECE_520/Final_Project/Sandbox/signal_detect_vitis/signal_detect_app/_ide/bitstream/signal_detect_bd_wrapper.bit
targets -set -nocase -filter {name =~"APU*"}
loadhw -hw C:/Users/suren/Documents/ECE_520/Final_Project/Sandbox/signal_detect_vitis/signal_detect_platform/export/signal_detect_platform/hw/signal_detect_bd_wrapper.xsa -mem-ranges [list {0x40000000 0xbfffffff}] -regs
configparams force-mem-access 1
targets -set -nocase -filter {name =~"APU*"}
source C:/Users/suren/Documents/ECE_520/Final_Project/Sandbox/signal_detect_vitis/signal_detect_app/_ide/psinit/ps7_init.tcl
ps7_init
ps7_post_config
targets -set -nocase -filter {name =~ "*A9*#0"}
dow C:/Users/suren/Documents/ECE_520/Final_Project/Sandbox/signal_detect_vitis/signal_detect_app/Debug/signal_detect_app.elf
configparams force-mem-access 0
----------------End of Script----------------

19:37:16 INFO  : Context for processor 'ps7_cortexa9_0' is selected.
19:37:16 INFO  : 'con' command is executed.
19:37:16 INFO  : ----------------XSDB Script (After Launch)----------------
targets -set -nocase -filter {name =~ "*A9*#0"}
con
----------------End of Script----------------

19:37:16 INFO  : Launch script is exported to file 'C:\Users\suren\Documents\ECE_520\Final_Project\Sandbox\signal_detect_vitis\signal_detect_app_system\_ide\scripts\debugger_signal_detect_app-default.tcl'
19:37:46 INFO  : Disconnected from the channel tcfchan#16.
19:37:47 INFO  : Connected to target on host '127.0.0.1' and port '3121'.
19:37:47 INFO  : Jtag cable 'Digilent Zybo Z7 210351BE7AB6A' is selected.
19:37:47 INFO  : 'jtag frequency' command is executed.
19:37:47 INFO  : Context for 'APU' is selected.
19:37:47 INFO  : System reset is completed.
19:37:50 INFO  : 'after 3000' command is executed.
19:37:50 INFO  : 'targets -set -filter {jtag_cable_name =~ "Digilent Zybo Z7 210351BE7AB6A" && level==0 && jtag_device_ctx=="jsn-Zybo Z7-210351BE7AB6A-13722093-0"}' command is executed.
19:37:52 INFO  : Device configured successfully with "C:/Users/suren/Documents/ECE_520/Final_Project/Sandbox/signal_detect_vitis/signal_detect_app/_ide/bitstream/signal_detect_bd_wrapper.bit"
19:37:52 INFO  : Context for 'APU' is selected.
19:37:52 INFO  : Hardware design and registers information is loaded from 'C:/Users/suren/Documents/ECE_520/Final_Project/Sandbox/signal_detect_vitis/signal_detect_platform/export/signal_detect_platform/hw/signal_detect_bd_wrapper.xsa'.
19:37:52 INFO  : 'configparams force-mem-access 1' command is executed.
19:37:52 INFO  : Context for 'APU' is selected.
19:37:52 INFO  : Sourcing of 'C:/Users/suren/Documents/ECE_520/Final_Project/Sandbox/signal_detect_vitis/signal_detect_app/_ide/psinit/ps7_init.tcl' is done.
19:37:52 INFO  : 'ps7_init' command is executed.
19:37:52 INFO  : 'ps7_post_config' command is executed.
19:37:52 INFO  : Context for processor 'ps7_cortexa9_0' is selected.
19:37:52 INFO  : The application 'C:/Users/suren/Documents/ECE_520/Final_Project/Sandbox/signal_detect_vitis/signal_detect_app/Debug/signal_detect_app.elf' is downloaded to processor 'ps7_cortexa9_0'.
19:37:52 INFO  : 'configparams force-mem-access 0' command is executed.
19:37:52 INFO  : ----------------XSDB Script----------------
connect -url tcp:127.0.0.1:3121
targets -set -nocase -filter {name =~"APU*"}
rst -system
after 3000
targets -set -filter {jtag_cable_name =~ "Digilent Zybo Z7 210351BE7AB6A" && level==0 && jtag_device_ctx=="jsn-Zybo Z7-210351BE7AB6A-13722093-0"}
fpga -file C:/Users/suren/Documents/ECE_520/Final_Project/Sandbox/signal_detect_vitis/signal_detect_app/_ide/bitstream/signal_detect_bd_wrapper.bit
targets -set -nocase -filter {name =~"APU*"}
loadhw -hw C:/Users/suren/Documents/ECE_520/Final_Project/Sandbox/signal_detect_vitis/signal_detect_platform/export/signal_detect_platform/hw/signal_detect_bd_wrapper.xsa -mem-ranges [list {0x40000000 0xbfffffff}] -regs
configparams force-mem-access 1
targets -set -nocase -filter {name =~"APU*"}
source C:/Users/suren/Documents/ECE_520/Final_Project/Sandbox/signal_detect_vitis/signal_detect_app/_ide/psinit/ps7_init.tcl
ps7_init
ps7_post_config
targets -set -nocase -filter {name =~ "*A9*#0"}
dow C:/Users/suren/Documents/ECE_520/Final_Project/Sandbox/signal_detect_vitis/signal_detect_app/Debug/signal_detect_app.elf
configparams force-mem-access 0
----------------End of Script----------------

19:37:52 INFO  : Context for processor 'ps7_cortexa9_0' is selected.
19:37:52 INFO  : 'con' command is executed.
19:37:52 INFO  : ----------------XSDB Script (After Launch)----------------
targets -set -nocase -filter {name =~ "*A9*#0"}
con
----------------End of Script----------------

19:37:52 INFO  : Launch script is exported to file 'C:\Users\suren\Documents\ECE_520\Final_Project\Sandbox\signal_detect_vitis\signal_detect_app_system\_ide\scripts\debugger_signal_detect_app-default.tcl'
19:49:03 INFO  : Hardware specification for platform project 'signal_detect_platform' is updated.
19:49:55 INFO  : Result from executing command 'getProjects': signal_detect_platform
19:49:55 INFO  : Result from executing command 'getPlatforms': xilinx_zcu102_base_202310_1|C:/Xilinx/Vitis/2023.1/base_platforms/xilinx_zcu102_base_202310_1/xilinx_zcu102_base_202310_1.xpfm;xilinx_zcu102_base_dfx_202310_1|C:/Xilinx/Vitis/2023.1/base_platforms/xilinx_zcu102_base_dfx_202310_1/xilinx_zcu102_base_dfx_202310_1.xpfm;xilinx_zcu104_base_202310_1|C:/Xilinx/Vitis/2023.1/base_platforms/xilinx_zcu104_base_202310_1/xilinx_zcu104_base_202310_1.xpfm
19:50:00 INFO  : Checking for BSP changes to sync application flags for project 'signal_detect_app'...
19:50:08 INFO  : Disconnected from the channel tcfchan#17.
19:50:09 INFO  : The hardware specification used by project 'signal_detect_app' is out of sync with the platform. Resource files extracted from the hardware specification will be updated.
19:50:09 INFO  : The file 'C:\Users\suren\Documents\ECE_520\Final_Project\Sandbox\signal_detect_vitis\signal_detect_app\_ide\bitstream\signal_detect_bd_wrapper.bit' stored in project is removed.
19:50:09 INFO  : The updated bitstream files are copied from platform to folder 'C:\Users\suren\Documents\ECE_520\Final_Project\Sandbox\signal_detect_vitis\signal_detect_app\_ide\bitstream' in project 'signal_detect_app'.
19:50:09 INFO  : The file 'C:\Users\suren\Documents\ECE_520\Final_Project\Sandbox\signal_detect_vitis\signal_detect_app\_ide\psinit\ps7_init.tcl' stored in project is removed.
19:50:12 INFO  : The updated ps init files are copied from platform to folder 'C:\Users\suren\Documents\ECE_520\Final_Project\Sandbox\signal_detect_vitis\signal_detect_app\_ide\psinit' in project 'signal_detect_app'.
19:50:12 INFO  : Connected to target on host '127.0.0.1' and port '3121'.
19:50:12 INFO  : Jtag cable 'Digilent Zybo Z7 210351BE7AB6A' is selected.
19:50:12 INFO  : 'jtag frequency' command is executed.
19:50:12 INFO  : Context for 'APU' is selected.
19:50:12 INFO  : System reset is completed.
19:50:15 INFO  : 'after 3000' command is executed.
19:50:16 INFO  : 'targets -set -filter {jtag_cable_name =~ "Digilent Zybo Z7 210351BE7AB6A" && level==0 && jtag_device_ctx=="jsn-Zybo Z7-210351BE7AB6A-13722093-0"}' command is executed.
19:50:17 INFO  : Device configured successfully with "C:/Users/suren/Documents/ECE_520/Final_Project/Sandbox/signal_detect_vitis/signal_detect_app/_ide/bitstream/signal_detect_bd_wrapper.bit"
19:50:17 INFO  : Context for 'APU' is selected.
19:50:17 INFO  : Hardware design and registers information is loaded from 'C:/Users/suren/Documents/ECE_520/Final_Project/Sandbox/signal_detect_vitis/signal_detect_platform/export/signal_detect_platform/hw/signal_detect_bd_wrapper.xsa'.
19:50:17 INFO  : 'configparams force-mem-access 1' command is executed.
19:50:17 INFO  : Context for 'APU' is selected.
19:50:17 INFO  : Sourcing of 'C:/Users/suren/Documents/ECE_520/Final_Project/Sandbox/signal_detect_vitis/signal_detect_app/_ide/psinit/ps7_init.tcl' is done.
19:50:17 INFO  : 'ps7_init' command is executed.
19:50:17 INFO  : 'ps7_post_config' command is executed.
19:50:17 INFO  : Context for processor 'ps7_cortexa9_0' is selected.
19:50:17 INFO  : The application 'C:/Users/suren/Documents/ECE_520/Final_Project/Sandbox/signal_detect_vitis/signal_detect_app/Debug/signal_detect_app.elf' is downloaded to processor 'ps7_cortexa9_0'.
19:50:17 INFO  : 'configparams force-mem-access 0' command is executed.
19:50:17 INFO  : ----------------XSDB Script----------------
connect -url tcp:127.0.0.1:3121
targets -set -nocase -filter {name =~"APU*"}
rst -system
after 3000
targets -set -filter {jtag_cable_name =~ "Digilent Zybo Z7 210351BE7AB6A" && level==0 && jtag_device_ctx=="jsn-Zybo Z7-210351BE7AB6A-13722093-0"}
fpga -file C:/Users/suren/Documents/ECE_520/Final_Project/Sandbox/signal_detect_vitis/signal_detect_app/_ide/bitstream/signal_detect_bd_wrapper.bit
targets -set -nocase -filter {name =~"APU*"}
loadhw -hw C:/Users/suren/Documents/ECE_520/Final_Project/Sandbox/signal_detect_vitis/signal_detect_platform/export/signal_detect_platform/hw/signal_detect_bd_wrapper.xsa -mem-ranges [list {0x40000000 0xbfffffff}] -regs
configparams force-mem-access 1
targets -set -nocase -filter {name =~"APU*"}
source C:/Users/suren/Documents/ECE_520/Final_Project/Sandbox/signal_detect_vitis/signal_detect_app/_ide/psinit/ps7_init.tcl
ps7_init
ps7_post_config
targets -set -nocase -filter {name =~ "*A9*#0"}
dow C:/Users/suren/Documents/ECE_520/Final_Project/Sandbox/signal_detect_vitis/signal_detect_app/Debug/signal_detect_app.elf
configparams force-mem-access 0
----------------End of Script----------------

19:50:17 INFO  : Context for processor 'ps7_cortexa9_0' is selected.
19:50:17 INFO  : 'con' command is executed.
19:50:17 INFO  : ----------------XSDB Script (After Launch)----------------
targets -set -nocase -filter {name =~ "*A9*#0"}
con
----------------End of Script----------------

19:50:17 INFO  : Launch script is exported to file 'C:\Users\suren\Documents\ECE_520\Final_Project\Sandbox\signal_detect_vitis\signal_detect_app_system\_ide\scripts\debugger_signal_detect_app-default.tcl'
19:50:36 INFO  : Disconnected from the channel tcfchan#19.
19:50:37 INFO  : Connected to target on host '127.0.0.1' and port '3121'.
19:50:37 INFO  : Jtag cable 'Digilent Zybo Z7 210351BE7AB6A' is selected.
19:50:37 INFO  : 'jtag frequency' command is executed.
19:50:37 INFO  : Context for 'APU' is selected.
19:50:37 INFO  : System reset is completed.
19:50:40 INFO  : 'after 3000' command is executed.
19:50:40 INFO  : 'targets -set -filter {jtag_cable_name =~ "Digilent Zybo Z7 210351BE7AB6A" && level==0 && jtag_device_ctx=="jsn-Zybo Z7-210351BE7AB6A-13722093-0"}' command is executed.
19:50:41 INFO  : Device configured successfully with "C:/Users/suren/Documents/ECE_520/Final_Project/Sandbox/signal_detect_vitis/signal_detect_app/_ide/bitstream/signal_detect_bd_wrapper.bit"
19:50:41 INFO  : Context for 'APU' is selected.
19:50:41 INFO  : Hardware design and registers information is loaded from 'C:/Users/suren/Documents/ECE_520/Final_Project/Sandbox/signal_detect_vitis/signal_detect_platform/export/signal_detect_platform/hw/signal_detect_bd_wrapper.xsa'.
19:50:41 INFO  : 'configparams force-mem-access 1' command is executed.
19:50:41 INFO  : Context for 'APU' is selected.
19:50:41 INFO  : Sourcing of 'C:/Users/suren/Documents/ECE_520/Final_Project/Sandbox/signal_detect_vitis/signal_detect_app/_ide/psinit/ps7_init.tcl' is done.
19:50:42 INFO  : 'ps7_init' command is executed.
19:50:42 INFO  : 'ps7_post_config' command is executed.
19:50:42 INFO  : Context for processor 'ps7_cortexa9_0' is selected.
19:50:42 INFO  : The application 'C:/Users/suren/Documents/ECE_520/Final_Project/Sandbox/signal_detect_vitis/signal_detect_app/Debug/signal_detect_app.elf' is downloaded to processor 'ps7_cortexa9_0'.
19:50:42 INFO  : 'configparams force-mem-access 0' command is executed.
19:50:42 INFO  : ----------------XSDB Script----------------
connect -url tcp:127.0.0.1:3121
targets -set -nocase -filter {name =~"APU*"}
rst -system
after 3000
targets -set -filter {jtag_cable_name =~ "Digilent Zybo Z7 210351BE7AB6A" && level==0 && jtag_device_ctx=="jsn-Zybo Z7-210351BE7AB6A-13722093-0"}
fpga -file C:/Users/suren/Documents/ECE_520/Final_Project/Sandbox/signal_detect_vitis/signal_detect_app/_ide/bitstream/signal_detect_bd_wrapper.bit
targets -set -nocase -filter {name =~"APU*"}
loadhw -hw C:/Users/suren/Documents/ECE_520/Final_Project/Sandbox/signal_detect_vitis/signal_detect_platform/export/signal_detect_platform/hw/signal_detect_bd_wrapper.xsa -mem-ranges [list {0x40000000 0xbfffffff}] -regs
configparams force-mem-access 1
targets -set -nocase -filter {name =~"APU*"}
source C:/Users/suren/Documents/ECE_520/Final_Project/Sandbox/signal_detect_vitis/signal_detect_app/_ide/psinit/ps7_init.tcl
ps7_init
ps7_post_config
targets -set -nocase -filter {name =~ "*A9*#0"}
dow C:/Users/suren/Documents/ECE_520/Final_Project/Sandbox/signal_detect_vitis/signal_detect_app/Debug/signal_detect_app.elf
configparams force-mem-access 0
----------------End of Script----------------

19:50:42 INFO  : Context for processor 'ps7_cortexa9_0' is selected.
19:50:42 INFO  : 'con' command is executed.
19:50:42 INFO  : ----------------XSDB Script (After Launch)----------------
targets -set -nocase -filter {name =~ "*A9*#0"}
con
----------------End of Script----------------

19:50:42 INFO  : Launch script is exported to file 'C:\Users\suren\Documents\ECE_520\Final_Project\Sandbox\signal_detect_vitis\signal_detect_app_system\_ide\scripts\debugger_signal_detect_app-default.tcl'
19:57:29 INFO  : Hardware specification for platform project 'signal_detect_platform' is updated.
19:57:54 INFO  : Hardware specification for platform project 'signal_detect_platform' is updated.
19:58:10 INFO  : Result from executing command 'getProjects': signal_detect_platform
19:58:10 INFO  : Result from executing command 'getPlatforms': xilinx_zcu102_base_202310_1|C:/Xilinx/Vitis/2023.1/base_platforms/xilinx_zcu102_base_202310_1/xilinx_zcu102_base_202310_1.xpfm;xilinx_zcu102_base_dfx_202310_1|C:/Xilinx/Vitis/2023.1/base_platforms/xilinx_zcu102_base_dfx_202310_1/xilinx_zcu102_base_dfx_202310_1.xpfm;xilinx_zcu104_base_202310_1|C:/Xilinx/Vitis/2023.1/base_platforms/xilinx_zcu104_base_202310_1/xilinx_zcu104_base_202310_1.xpfm
19:58:18 INFO  : Checking for BSP changes to sync application flags for project 'signal_detect_app'...
19:58:33 INFO  : Disconnected from the channel tcfchan#20.
19:58:34 INFO  : The hardware specification used by project 'signal_detect_app' is out of sync with the platform. Resource files extracted from the hardware specification will be updated.
19:58:34 INFO  : The file 'C:\Users\suren\Documents\ECE_520\Final_Project\Sandbox\signal_detect_vitis\signal_detect_app\_ide\bitstream\signal_detect_bd_wrapper.bit' stored in project is removed.
19:58:34 INFO  : The updated bitstream files are copied from platform to folder 'C:\Users\suren\Documents\ECE_520\Final_Project\Sandbox\signal_detect_vitis\signal_detect_app\_ide\bitstream' in project 'signal_detect_app'.
19:58:34 INFO  : The file 'C:\Users\suren\Documents\ECE_520\Final_Project\Sandbox\signal_detect_vitis\signal_detect_app\_ide\psinit\ps7_init.tcl' stored in project is removed.
19:58:37 INFO  : The updated ps init files are copied from platform to folder 'C:\Users\suren\Documents\ECE_520\Final_Project\Sandbox\signal_detect_vitis\signal_detect_app\_ide\psinit' in project 'signal_detect_app'.
19:58:37 INFO  : Connected to target on host '127.0.0.1' and port '3121'.
19:58:37 INFO  : Jtag cable 'Digilent Zybo Z7 210351BE7AB6A' is selected.
19:58:37 INFO  : 'jtag frequency' command is executed.
19:58:37 INFO  : Context for 'APU' is selected.
19:58:37 INFO  : System reset is completed.
19:58:40 INFO  : 'after 3000' command is executed.
19:58:40 INFO  : 'targets -set -filter {jtag_cable_name =~ "Digilent Zybo Z7 210351BE7AB6A" && level==0 && jtag_device_ctx=="jsn-Zybo Z7-210351BE7AB6A-13722093-0"}' command is executed.
19:58:42 INFO  : Device configured successfully with "C:/Users/suren/Documents/ECE_520/Final_Project/Sandbox/signal_detect_vitis/signal_detect_app/_ide/bitstream/signal_detect_bd_wrapper.bit"
19:58:42 INFO  : Context for 'APU' is selected.
19:58:42 INFO  : Hardware design and registers information is loaded from 'C:/Users/suren/Documents/ECE_520/Final_Project/Sandbox/signal_detect_vitis/signal_detect_platform/export/signal_detect_platform/hw/signal_detect_bd_wrapper.xsa'.
19:58:42 INFO  : 'configparams force-mem-access 1' command is executed.
19:58:42 INFO  : Context for 'APU' is selected.
19:58:42 INFO  : Sourcing of 'C:/Users/suren/Documents/ECE_520/Final_Project/Sandbox/signal_detect_vitis/signal_detect_app/_ide/psinit/ps7_init.tcl' is done.
19:58:42 INFO  : 'ps7_init' command is executed.
19:58:42 INFO  : 'ps7_post_config' command is executed.
19:58:42 INFO  : Context for processor 'ps7_cortexa9_0' is selected.
19:58:42 INFO  : The application 'C:/Users/suren/Documents/ECE_520/Final_Project/Sandbox/signal_detect_vitis/signal_detect_app/Debug/signal_detect_app.elf' is downloaded to processor 'ps7_cortexa9_0'.
19:58:42 INFO  : 'configparams force-mem-access 0' command is executed.
19:58:42 INFO  : ----------------XSDB Script----------------
connect -url tcp:127.0.0.1:3121
targets -set -nocase -filter {name =~"APU*"}
rst -system
after 3000
targets -set -filter {jtag_cable_name =~ "Digilent Zybo Z7 210351BE7AB6A" && level==0 && jtag_device_ctx=="jsn-Zybo Z7-210351BE7AB6A-13722093-0"}
fpga -file C:/Users/suren/Documents/ECE_520/Final_Project/Sandbox/signal_detect_vitis/signal_detect_app/_ide/bitstream/signal_detect_bd_wrapper.bit
targets -set -nocase -filter {name =~"APU*"}
loadhw -hw C:/Users/suren/Documents/ECE_520/Final_Project/Sandbox/signal_detect_vitis/signal_detect_platform/export/signal_detect_platform/hw/signal_detect_bd_wrapper.xsa -mem-ranges [list {0x40000000 0xbfffffff}] -regs
configparams force-mem-access 1
targets -set -nocase -filter {name =~"APU*"}
source C:/Users/suren/Documents/ECE_520/Final_Project/Sandbox/signal_detect_vitis/signal_detect_app/_ide/psinit/ps7_init.tcl
ps7_init
ps7_post_config
targets -set -nocase -filter {name =~ "*A9*#0"}
dow C:/Users/suren/Documents/ECE_520/Final_Project/Sandbox/signal_detect_vitis/signal_detect_app/Debug/signal_detect_app.elf
configparams force-mem-access 0
----------------End of Script----------------

19:58:42 INFO  : Context for processor 'ps7_cortexa9_0' is selected.
19:58:42 INFO  : 'con' command is executed.
19:58:42 INFO  : ----------------XSDB Script (After Launch)----------------
targets -set -nocase -filter {name =~ "*A9*#0"}
con
----------------End of Script----------------

19:58:42 INFO  : Launch script is exported to file 'C:\Users\suren\Documents\ECE_520\Final_Project\Sandbox\signal_detect_vitis\signal_detect_app_system\_ide\scripts\debugger_signal_detect_app-default.tcl'
19:59:31 INFO  : Disconnected from the channel tcfchan#22.
19:59:32 INFO  : Connected to target on host '127.0.0.1' and port '3121'.
19:59:32 INFO  : Jtag cable 'Digilent Zybo Z7 210351BE7AB6A' is selected.
19:59:32 ERROR : port closed
19:59:32 INFO  : ----------------XSDB Script----------------
connect -url tcp:127.0.0.1:3121
----------------End of Script----------------

19:59:32 ERROR : port closed
19:59:42 INFO  : Connected to target on host '127.0.0.1' and port '3121'.
19:59:42 INFO  : Jtag cable 'Digilent Zybo Z7 210351BE7AB6A' is selected.
19:59:42 INFO  : 'jtag frequency' command is executed.
19:59:42 INFO  : Context for 'APU' is selected.
19:59:43 INFO  : System reset is completed.
19:59:46 INFO  : 'after 3000' command is executed.
19:59:46 INFO  : 'targets -set -filter {jtag_cable_name =~ "Digilent Zybo Z7 210351BE7AB6A" && level==0 && jtag_device_ctx=="jsn-Zybo Z7-210351BE7AB6A-13722093-0"}' command is executed.
19:59:47 INFO  : Device configured successfully with "C:/Users/suren/Documents/ECE_520/Final_Project/Sandbox/signal_detect_vitis/signal_detect_app/_ide/bitstream/signal_detect_bd_wrapper.bit"
19:59:47 INFO  : Context for 'APU' is selected.
19:59:47 INFO  : Hardware design and registers information is loaded from 'C:/Users/suren/Documents/ECE_520/Final_Project/Sandbox/signal_detect_vitis/signal_detect_platform/export/signal_detect_platform/hw/signal_detect_bd_wrapper.xsa'.
19:59:47 INFO  : 'configparams force-mem-access 1' command is executed.
19:59:47 INFO  : Context for 'APU' is selected.
19:59:47 INFO  : Sourcing of 'C:/Users/suren/Documents/ECE_520/Final_Project/Sandbox/signal_detect_vitis/signal_detect_app/_ide/psinit/ps7_init.tcl' is done.
19:59:47 INFO  : 'ps7_init' command is executed.
19:59:47 INFO  : 'ps7_post_config' command is executed.
19:59:47 INFO  : Context for processor 'ps7_cortexa9_0' is selected.
19:59:47 INFO  : The application 'C:/Users/suren/Documents/ECE_520/Final_Project/Sandbox/signal_detect_vitis/signal_detect_app/Debug/signal_detect_app.elf' is downloaded to processor 'ps7_cortexa9_0'.
19:59:47 INFO  : 'configparams force-mem-access 0' command is executed.
19:59:47 INFO  : ----------------XSDB Script----------------
connect -url tcp:127.0.0.1:3121
targets -set -nocase -filter {name =~"APU*"}
rst -system
after 3000
targets -set -filter {jtag_cable_name =~ "Digilent Zybo Z7 210351BE7AB6A" && level==0 && jtag_device_ctx=="jsn-Zybo Z7-210351BE7AB6A-13722093-0"}
fpga -file C:/Users/suren/Documents/ECE_520/Final_Project/Sandbox/signal_detect_vitis/signal_detect_app/_ide/bitstream/signal_detect_bd_wrapper.bit
targets -set -nocase -filter {name =~"APU*"}
loadhw -hw C:/Users/suren/Documents/ECE_520/Final_Project/Sandbox/signal_detect_vitis/signal_detect_platform/export/signal_detect_platform/hw/signal_detect_bd_wrapper.xsa -mem-ranges [list {0x40000000 0xbfffffff}] -regs
configparams force-mem-access 1
targets -set -nocase -filter {name =~"APU*"}
source C:/Users/suren/Documents/ECE_520/Final_Project/Sandbox/signal_detect_vitis/signal_detect_app/_ide/psinit/ps7_init.tcl
ps7_init
ps7_post_config
targets -set -nocase -filter {name =~ "*A9*#0"}
dow C:/Users/suren/Documents/ECE_520/Final_Project/Sandbox/signal_detect_vitis/signal_detect_app/Debug/signal_detect_app.elf
configparams force-mem-access 0
----------------End of Script----------------

19:59:47 INFO  : Context for processor 'ps7_cortexa9_0' is selected.
19:59:47 INFO  : 'con' command is executed.
19:59:47 INFO  : ----------------XSDB Script (After Launch)----------------
targets -set -nocase -filter {name =~ "*A9*#0"}
con
----------------End of Script----------------

19:59:47 INFO  : Launch script is exported to file 'C:\Users\suren\Documents\ECE_520\Final_Project\Sandbox\signal_detect_vitis\signal_detect_app_system\_ide\scripts\debugger_signal_detect_app-default.tcl'
20:01:27 INFO  : Checking for BSP changes to sync application flags for project 'signal_detect_app'...
20:01:37 INFO  : Disconnected from the channel tcfchan#23.
20:01:38 INFO  : Connected to target on host '127.0.0.1' and port '3121'.
20:01:38 INFO  : Jtag cable 'Digilent Zybo Z7 210351BE7AB6A' is selected.
20:01:38 ERROR : port closed
20:01:38 INFO  : ----------------XSDB Script----------------
connect -url tcp:127.0.0.1:3121
----------------End of Script----------------

20:01:38 ERROR : port closed
20:01:56 INFO  : Connected to target on host '127.0.0.1' and port '3121'.
20:01:56 INFO  : Jtag cable 'Digilent Zybo Z7 210351BE7AB6A' is selected.
20:01:56 INFO  : 'jtag frequency' command is executed.
20:01:56 INFO  : Context for 'APU' is selected.
20:01:56 INFO  : System reset is completed.
20:01:59 INFO  : 'after 3000' command is executed.
20:01:59 INFO  : 'targets -set -filter {jtag_cable_name =~ "Digilent Zybo Z7 210351BE7AB6A" && level==0 && jtag_device_ctx=="jsn-Zybo Z7-210351BE7AB6A-13722093-0"}' command is executed.
20:02:00 INFO  : Device configured successfully with "C:/Users/suren/Documents/ECE_520/Final_Project/Sandbox/signal_detect_vitis/signal_detect_app/_ide/bitstream/signal_detect_bd_wrapper.bit"
20:02:00 INFO  : Context for 'APU' is selected.
20:02:00 INFO  : Hardware design and registers information is loaded from 'C:/Users/suren/Documents/ECE_520/Final_Project/Sandbox/signal_detect_vitis/signal_detect_platform/export/signal_detect_platform/hw/signal_detect_bd_wrapper.xsa'.
20:02:00 INFO  : 'configparams force-mem-access 1' command is executed.
20:02:01 INFO  : Context for 'APU' is selected.
20:02:01 INFO  : Sourcing of 'C:/Users/suren/Documents/ECE_520/Final_Project/Sandbox/signal_detect_vitis/signal_detect_app/_ide/psinit/ps7_init.tcl' is done.
20:02:01 INFO  : 'ps7_init' command is executed.
20:02:01 INFO  : 'ps7_post_config' command is executed.
20:02:01 INFO  : Context for processor 'ps7_cortexa9_0' is selected.
20:02:01 INFO  : The application 'C:/Users/suren/Documents/ECE_520/Final_Project/Sandbox/signal_detect_vitis/signal_detect_app/Debug/signal_detect_app.elf' is downloaded to processor 'ps7_cortexa9_0'.
20:02:01 INFO  : 'configparams force-mem-access 0' command is executed.
20:02:01 INFO  : ----------------XSDB Script----------------
connect -url tcp:127.0.0.1:3121
targets -set -nocase -filter {name =~"APU*"}
rst -system
after 3000
targets -set -filter {jtag_cable_name =~ "Digilent Zybo Z7 210351BE7AB6A" && level==0 && jtag_device_ctx=="jsn-Zybo Z7-210351BE7AB6A-13722093-0"}
fpga -file C:/Users/suren/Documents/ECE_520/Final_Project/Sandbox/signal_detect_vitis/signal_detect_app/_ide/bitstream/signal_detect_bd_wrapper.bit
targets -set -nocase -filter {name =~"APU*"}
loadhw -hw C:/Users/suren/Documents/ECE_520/Final_Project/Sandbox/signal_detect_vitis/signal_detect_platform/export/signal_detect_platform/hw/signal_detect_bd_wrapper.xsa -mem-ranges [list {0x40000000 0xbfffffff}] -regs
configparams force-mem-access 1
targets -set -nocase -filter {name =~"APU*"}
source C:/Users/suren/Documents/ECE_520/Final_Project/Sandbox/signal_detect_vitis/signal_detect_app/_ide/psinit/ps7_init.tcl
ps7_init
ps7_post_config
targets -set -nocase -filter {name =~ "*A9*#0"}
dow C:/Users/suren/Documents/ECE_520/Final_Project/Sandbox/signal_detect_vitis/signal_detect_app/Debug/signal_detect_app.elf
configparams force-mem-access 0
----------------End of Script----------------

20:02:01 INFO  : Context for processor 'ps7_cortexa9_0' is selected.
20:02:01 INFO  : 'con' command is executed.
20:02:01 INFO  : ----------------XSDB Script (After Launch)----------------
targets -set -nocase -filter {name =~ "*A9*#0"}
con
----------------End of Script----------------

20:02:01 INFO  : Launch script is exported to file 'C:\Users\suren\Documents\ECE_520\Final_Project\Sandbox\signal_detect_vitis\signal_detect_app_system\_ide\scripts\debugger_signal_detect_app-default.tcl'
20:09:50 INFO  : Hardware specification for platform project 'signal_detect_platform' is updated.
20:10:06 INFO  : Result from executing command 'getProjects': signal_detect_platform
20:10:06 INFO  : Result from executing command 'getPlatforms': xilinx_zcu102_base_202310_1|C:/Xilinx/Vitis/2023.1/base_platforms/xilinx_zcu102_base_202310_1/xilinx_zcu102_base_202310_1.xpfm;xilinx_zcu102_base_dfx_202310_1|C:/Xilinx/Vitis/2023.1/base_platforms/xilinx_zcu102_base_dfx_202310_1/xilinx_zcu102_base_dfx_202310_1.xpfm;xilinx_zcu104_base_202310_1|C:/Xilinx/Vitis/2023.1/base_platforms/xilinx_zcu104_base_202310_1/xilinx_zcu104_base_202310_1.xpfm
20:10:10 INFO  : Checking for BSP changes to sync application flags for project 'signal_detect_app'...
20:10:33 INFO  : Disconnected from the channel tcfchan#24.
20:10:34 INFO  : The hardware specification used by project 'signal_detect_app' is out of sync with the platform. Resource files extracted from the hardware specification will be updated.
20:10:34 INFO  : The file 'C:\Users\suren\Documents\ECE_520\Final_Project\Sandbox\signal_detect_vitis\signal_detect_app\_ide\bitstream\signal_detect_bd_wrapper.bit' stored in project is removed.
20:10:34 INFO  : The updated bitstream files are copied from platform to folder 'C:\Users\suren\Documents\ECE_520\Final_Project\Sandbox\signal_detect_vitis\signal_detect_app\_ide\bitstream' in project 'signal_detect_app'.
20:10:34 INFO  : The file 'C:\Users\suren\Documents\ECE_520\Final_Project\Sandbox\signal_detect_vitis\signal_detect_app\_ide\psinit\ps7_init.tcl' stored in project is removed.
20:10:38 INFO  : The updated ps init files are copied from platform to folder 'C:\Users\suren\Documents\ECE_520\Final_Project\Sandbox\signal_detect_vitis\signal_detect_app\_ide\psinit' in project 'signal_detect_app'.
20:10:38 INFO  : Connected to target on host '127.0.0.1' and port '3121'.
20:10:38 INFO  : Jtag cable 'Digilent Zybo Z7 210351BE7AB6A' is selected.
20:10:38 INFO  : 'jtag frequency' command is executed.
20:10:38 INFO  : Context for 'APU' is selected.
20:10:38 INFO  : System reset is completed.
20:10:41 INFO  : 'after 3000' command is executed.
20:10:41 INFO  : 'targets -set -filter {jtag_cable_name =~ "Digilent Zybo Z7 210351BE7AB6A" && level==0 && jtag_device_ctx=="jsn-Zybo Z7-210351BE7AB6A-13722093-0"}' command is executed.
20:10:42 INFO  : Device configured successfully with "C:/Users/suren/Documents/ECE_520/Final_Project/Sandbox/signal_detect_vitis/signal_detect_app/_ide/bitstream/signal_detect_bd_wrapper.bit"
20:10:42 INFO  : Context for 'APU' is selected.
20:10:42 INFO  : Hardware design and registers information is loaded from 'C:/Users/suren/Documents/ECE_520/Final_Project/Sandbox/signal_detect_vitis/signal_detect_platform/export/signal_detect_platform/hw/signal_detect_bd_wrapper.xsa'.
20:10:42 INFO  : 'configparams force-mem-access 1' command is executed.
20:10:42 INFO  : Context for 'APU' is selected.
20:10:42 INFO  : Sourcing of 'C:/Users/suren/Documents/ECE_520/Final_Project/Sandbox/signal_detect_vitis/signal_detect_app/_ide/psinit/ps7_init.tcl' is done.
20:10:43 INFO  : 'ps7_init' command is executed.
20:10:43 INFO  : 'ps7_post_config' command is executed.
20:10:43 INFO  : Context for processor 'ps7_cortexa9_0' is selected.
20:10:43 INFO  : The application 'C:/Users/suren/Documents/ECE_520/Final_Project/Sandbox/signal_detect_vitis/signal_detect_app/Debug/signal_detect_app.elf' is downloaded to processor 'ps7_cortexa9_0'.
20:10:43 INFO  : 'configparams force-mem-access 0' command is executed.
20:10:43 INFO  : ----------------XSDB Script----------------
connect -url tcp:127.0.0.1:3121
targets -set -nocase -filter {name =~"APU*"}
rst -system
after 3000
targets -set -filter {jtag_cable_name =~ "Digilent Zybo Z7 210351BE7AB6A" && level==0 && jtag_device_ctx=="jsn-Zybo Z7-210351BE7AB6A-13722093-0"}
fpga -file C:/Users/suren/Documents/ECE_520/Final_Project/Sandbox/signal_detect_vitis/signal_detect_app/_ide/bitstream/signal_detect_bd_wrapper.bit
targets -set -nocase -filter {name =~"APU*"}
loadhw -hw C:/Users/suren/Documents/ECE_520/Final_Project/Sandbox/signal_detect_vitis/signal_detect_platform/export/signal_detect_platform/hw/signal_detect_bd_wrapper.xsa -mem-ranges [list {0x40000000 0xbfffffff}] -regs
configparams force-mem-access 1
targets -set -nocase -filter {name =~"APU*"}
source C:/Users/suren/Documents/ECE_520/Final_Project/Sandbox/signal_detect_vitis/signal_detect_app/_ide/psinit/ps7_init.tcl
ps7_init
ps7_post_config
targets -set -nocase -filter {name =~ "*A9*#0"}
dow C:/Users/suren/Documents/ECE_520/Final_Project/Sandbox/signal_detect_vitis/signal_detect_app/Debug/signal_detect_app.elf
configparams force-mem-access 0
----------------End of Script----------------

20:10:43 INFO  : Context for processor 'ps7_cortexa9_0' is selected.
20:10:43 INFO  : 'con' command is executed.
20:10:43 INFO  : ----------------XSDB Script (After Launch)----------------
targets -set -nocase -filter {name =~ "*A9*#0"}
con
----------------End of Script----------------

20:10:43 INFO  : Launch script is exported to file 'C:\Users\suren\Documents\ECE_520\Final_Project\Sandbox\signal_detect_vitis\signal_detect_app_system\_ide\scripts\debugger_signal_detect_app-default.tcl'
20:26:06 INFO  : Hardware specification for platform project 'signal_detect_platform' is updated.
20:26:36 INFO  : Result from executing command 'getProjects': signal_detect_platform
20:26:36 INFO  : Result from executing command 'getPlatforms': xilinx_zcu102_base_202310_1|C:/Xilinx/Vitis/2023.1/base_platforms/xilinx_zcu102_base_202310_1/xilinx_zcu102_base_202310_1.xpfm;xilinx_zcu102_base_dfx_202310_1|C:/Xilinx/Vitis/2023.1/base_platforms/xilinx_zcu102_base_dfx_202310_1/xilinx_zcu102_base_dfx_202310_1.xpfm;xilinx_zcu104_base_202310_1|C:/Xilinx/Vitis/2023.1/base_platforms/xilinx_zcu104_base_202310_1/xilinx_zcu104_base_202310_1.xpfm
20:26:39 INFO  : Checking for BSP changes to sync application flags for project 'signal_detect_app'...
20:26:54 INFO  : Disconnected from the channel tcfchan#26.
20:26:55 INFO  : The hardware specification used by project 'signal_detect_app' is out of sync with the platform. Resource files extracted from the hardware specification will be updated.
20:26:55 INFO  : The file 'C:\Users\suren\Documents\ECE_520\Final_Project\Sandbox\signal_detect_vitis\signal_detect_app\_ide\bitstream\signal_detect_bd_wrapper.bit' stored in project is removed.
20:26:56 INFO  : The updated bitstream files are copied from platform to folder 'C:\Users\suren\Documents\ECE_520\Final_Project\Sandbox\signal_detect_vitis\signal_detect_app\_ide\bitstream' in project 'signal_detect_app'.
20:26:56 INFO  : The file 'C:\Users\suren\Documents\ECE_520\Final_Project\Sandbox\signal_detect_vitis\signal_detect_app\_ide\psinit\ps7_init.tcl' stored in project is removed.
20:26:59 INFO  : The updated ps init files are copied from platform to folder 'C:\Users\suren\Documents\ECE_520\Final_Project\Sandbox\signal_detect_vitis\signal_detect_app\_ide\psinit' in project 'signal_detect_app'.
20:26:59 INFO  : Connected to target on host '127.0.0.1' and port '3121'.
20:26:59 INFO  : Jtag cable 'Digilent Zybo Z7 210351BE7AB6A' is selected.
20:26:59 INFO  : 'jtag frequency' command is executed.
20:26:59 INFO  : Context for 'APU' is selected.
20:26:59 INFO  : System reset is completed.
20:27:02 INFO  : 'after 3000' command is executed.
20:27:02 INFO  : 'targets -set -filter {jtag_cable_name =~ "Digilent Zybo Z7 210351BE7AB6A" && level==0 && jtag_device_ctx=="jsn-Zybo Z7-210351BE7AB6A-13722093-0"}' command is executed.
20:27:03 INFO  : Device configured successfully with "C:/Users/suren/Documents/ECE_520/Final_Project/Sandbox/signal_detect_vitis/signal_detect_app/_ide/bitstream/signal_detect_bd_wrapper.bit"
20:27:03 INFO  : Context for 'APU' is selected.
20:27:03 INFO  : Hardware design and registers information is loaded from 'C:/Users/suren/Documents/ECE_520/Final_Project/Sandbox/signal_detect_vitis/signal_detect_platform/export/signal_detect_platform/hw/signal_detect_bd_wrapper.xsa'.
20:27:03 INFO  : 'configparams force-mem-access 1' command is executed.
20:27:03 INFO  : Context for 'APU' is selected.
20:27:03 INFO  : Sourcing of 'C:/Users/suren/Documents/ECE_520/Final_Project/Sandbox/signal_detect_vitis/signal_detect_app/_ide/psinit/ps7_init.tcl' is done.
20:27:04 INFO  : 'ps7_init' command is executed.
20:27:04 INFO  : 'ps7_post_config' command is executed.
20:27:04 INFO  : Context for processor 'ps7_cortexa9_0' is selected.
20:27:04 INFO  : The application 'C:/Users/suren/Documents/ECE_520/Final_Project/Sandbox/signal_detect_vitis/signal_detect_app/Debug/signal_detect_app.elf' is downloaded to processor 'ps7_cortexa9_0'.
20:27:04 INFO  : 'configparams force-mem-access 0' command is executed.
20:27:04 INFO  : ----------------XSDB Script----------------
connect -url tcp:127.0.0.1:3121
targets -set -nocase -filter {name =~"APU*"}
rst -system
after 3000
targets -set -filter {jtag_cable_name =~ "Digilent Zybo Z7 210351BE7AB6A" && level==0 && jtag_device_ctx=="jsn-Zybo Z7-210351BE7AB6A-13722093-0"}
fpga -file C:/Users/suren/Documents/ECE_520/Final_Project/Sandbox/signal_detect_vitis/signal_detect_app/_ide/bitstream/signal_detect_bd_wrapper.bit
targets -set -nocase -filter {name =~"APU*"}
loadhw -hw C:/Users/suren/Documents/ECE_520/Final_Project/Sandbox/signal_detect_vitis/signal_detect_platform/export/signal_detect_platform/hw/signal_detect_bd_wrapper.xsa -mem-ranges [list {0x40000000 0xbfffffff}] -regs
configparams force-mem-access 1
targets -set -nocase -filter {name =~"APU*"}
source C:/Users/suren/Documents/ECE_520/Final_Project/Sandbox/signal_detect_vitis/signal_detect_app/_ide/psinit/ps7_init.tcl
ps7_init
ps7_post_config
targets -set -nocase -filter {name =~ "*A9*#0"}
dow C:/Users/suren/Documents/ECE_520/Final_Project/Sandbox/signal_detect_vitis/signal_detect_app/Debug/signal_detect_app.elf
configparams force-mem-access 0
----------------End of Script----------------

20:27:04 INFO  : Context for processor 'ps7_cortexa9_0' is selected.
20:27:04 INFO  : 'con' command is executed.
20:27:04 INFO  : ----------------XSDB Script (After Launch)----------------
targets -set -nocase -filter {name =~ "*A9*#0"}
con
----------------End of Script----------------

20:27:04 INFO  : Launch script is exported to file 'C:\Users\suren\Documents\ECE_520\Final_Project\Sandbox\signal_detect_vitis\signal_detect_app_system\_ide\scripts\debugger_signal_detect_app-default.tcl'
20:29:14 INFO  : Checking for BSP changes to sync application flags for project 'signal_detect_app'...
20:29:22 INFO  : Disconnected from the channel tcfchan#28.
20:29:23 INFO  : Connected to target on host '127.0.0.1' and port '3121'.
20:29:23 INFO  : Jtag cable 'Digilent Zybo Z7 210351BE7AB6A' is selected.
20:29:23 INFO  : 'jtag frequency' command is executed.
20:29:25 INFO  : Context for 'APU' is selected.
20:29:25 INFO  : System reset is completed.
20:29:28 INFO  : 'after 3000' command is executed.
20:29:28 INFO  : 'targets -set -filter {jtag_cable_name =~ "Digilent Zybo Z7 210351BE7AB6A" && level==0 && jtag_device_ctx=="jsn-Zybo Z7-210351BE7AB6A-13722093-0"}' command is executed.
20:29:29 INFO  : Device configured successfully with "C:/Users/suren/Documents/ECE_520/Final_Project/Sandbox/signal_detect_vitis/signal_detect_app/_ide/bitstream/signal_detect_bd_wrapper.bit"
20:29:29 INFO  : Context for 'APU' is selected.
20:29:29 INFO  : Hardware design and registers information is loaded from 'C:/Users/suren/Documents/ECE_520/Final_Project/Sandbox/signal_detect_vitis/signal_detect_platform/export/signal_detect_platform/hw/signal_detect_bd_wrapper.xsa'.
20:29:29 INFO  : 'configparams force-mem-access 1' command is executed.
20:29:29 INFO  : Context for 'APU' is selected.
20:29:29 INFO  : Sourcing of 'C:/Users/suren/Documents/ECE_520/Final_Project/Sandbox/signal_detect_vitis/signal_detect_app/_ide/psinit/ps7_init.tcl' is done.
20:29:30 INFO  : 'ps7_init' command is executed.
20:29:30 INFO  : 'ps7_post_config' command is executed.
20:29:30 INFO  : Context for processor 'ps7_cortexa9_0' is selected.
20:29:30 INFO  : The application 'C:/Users/suren/Documents/ECE_520/Final_Project/Sandbox/signal_detect_vitis/signal_detect_app/Debug/signal_detect_app.elf' is downloaded to processor 'ps7_cortexa9_0'.
20:29:30 INFO  : 'configparams force-mem-access 0' command is executed.
20:29:30 INFO  : ----------------XSDB Script----------------
connect -url tcp:127.0.0.1:3121
targets -set -nocase -filter {name =~"APU*"}
rst -system
after 3000
targets -set -filter {jtag_cable_name =~ "Digilent Zybo Z7 210351BE7AB6A" && level==0 && jtag_device_ctx=="jsn-Zybo Z7-210351BE7AB6A-13722093-0"}
fpga -file C:/Users/suren/Documents/ECE_520/Final_Project/Sandbox/signal_detect_vitis/signal_detect_app/_ide/bitstream/signal_detect_bd_wrapper.bit
targets -set -nocase -filter {name =~"APU*"}
loadhw -hw C:/Users/suren/Documents/ECE_520/Final_Project/Sandbox/signal_detect_vitis/signal_detect_platform/export/signal_detect_platform/hw/signal_detect_bd_wrapper.xsa -mem-ranges [list {0x40000000 0xbfffffff}] -regs
configparams force-mem-access 1
targets -set -nocase -filter {name =~"APU*"}
source C:/Users/suren/Documents/ECE_520/Final_Project/Sandbox/signal_detect_vitis/signal_detect_app/_ide/psinit/ps7_init.tcl
ps7_init
ps7_post_config
targets -set -nocase -filter {name =~ "*A9*#0"}
dow C:/Users/suren/Documents/ECE_520/Final_Project/Sandbox/signal_detect_vitis/signal_detect_app/Debug/signal_detect_app.elf
configparams force-mem-access 0
----------------End of Script----------------

20:29:30 INFO  : Context for processor 'ps7_cortexa9_0' is selected.
20:29:30 INFO  : 'con' command is executed.
20:29:30 INFO  : ----------------XSDB Script (After Launch)----------------
targets -set -nocase -filter {name =~ "*A9*#0"}
con
----------------End of Script----------------

20:29:30 INFO  : Launch script is exported to file 'C:\Users\suren\Documents\ECE_520\Final_Project\Sandbox\signal_detect_vitis\signal_detect_app_system\_ide\scripts\debugger_signal_detect_app-default.tcl'
20:33:58 INFO  : Disconnected from the channel tcfchan#29.
20:33:59 INFO  : Connected to target on host '127.0.0.1' and port '3121'.
20:33:59 INFO  : Jtag cable 'Digilent Zybo Z7 210351BE7AB6A' is selected.
20:33:59 INFO  : 'jtag frequency' command is executed.
20:34:01 INFO  : Context for 'APU' is selected.
20:34:01 INFO  : System reset is completed.
20:34:04 INFO  : 'after 3000' command is executed.
20:34:04 INFO  : 'targets -set -filter {jtag_cable_name =~ "Digilent Zybo Z7 210351BE7AB6A" && level==0 && jtag_device_ctx=="jsn-Zybo Z7-210351BE7AB6A-13722093-0"}' command is executed.
20:34:05 INFO  : Device configured successfully with "C:/Users/suren/Documents/ECE_520/Final_Project/Sandbox/signal_detect_vitis/signal_detect_app/_ide/bitstream/signal_detect_bd_wrapper.bit"
20:34:05 INFO  : Context for 'APU' is selected.
20:34:05 INFO  : Hardware design and registers information is loaded from 'C:/Users/suren/Documents/ECE_520/Final_Project/Sandbox/signal_detect_vitis/signal_detect_platform/export/signal_detect_platform/hw/signal_detect_bd_wrapper.xsa'.
20:34:05 INFO  : 'configparams force-mem-access 1' command is executed.
20:34:05 INFO  : Context for 'APU' is selected.
20:34:05 INFO  : Sourcing of 'C:/Users/suren/Documents/ECE_520/Final_Project/Sandbox/signal_detect_vitis/signal_detect_app/_ide/psinit/ps7_init.tcl' is done.
20:34:06 INFO  : 'ps7_init' command is executed.
20:34:06 INFO  : 'ps7_post_config' command is executed.
20:34:06 INFO  : Context for processor 'ps7_cortexa9_0' is selected.
20:34:06 INFO  : The application 'C:/Users/suren/Documents/ECE_520/Final_Project/Sandbox/signal_detect_vitis/signal_detect_app/Debug/signal_detect_app.elf' is downloaded to processor 'ps7_cortexa9_0'.
20:34:06 INFO  : 'configparams force-mem-access 0' command is executed.
20:34:06 INFO  : ----------------XSDB Script----------------
connect -url tcp:127.0.0.1:3121
targets -set -nocase -filter {name =~"APU*"}
rst -system
after 3000
targets -set -filter {jtag_cable_name =~ "Digilent Zybo Z7 210351BE7AB6A" && level==0 && jtag_device_ctx=="jsn-Zybo Z7-210351BE7AB6A-13722093-0"}
fpga -file C:/Users/suren/Documents/ECE_520/Final_Project/Sandbox/signal_detect_vitis/signal_detect_app/_ide/bitstream/signal_detect_bd_wrapper.bit
targets -set -nocase -filter {name =~"APU*"}
loadhw -hw C:/Users/suren/Documents/ECE_520/Final_Project/Sandbox/signal_detect_vitis/signal_detect_platform/export/signal_detect_platform/hw/signal_detect_bd_wrapper.xsa -mem-ranges [list {0x40000000 0xbfffffff}] -regs
configparams force-mem-access 1
targets -set -nocase -filter {name =~"APU*"}
source C:/Users/suren/Documents/ECE_520/Final_Project/Sandbox/signal_detect_vitis/signal_detect_app/_ide/psinit/ps7_init.tcl
ps7_init
ps7_post_config
targets -set -nocase -filter {name =~ "*A9*#0"}
dow C:/Users/suren/Documents/ECE_520/Final_Project/Sandbox/signal_detect_vitis/signal_detect_app/Debug/signal_detect_app.elf
configparams force-mem-access 0
----------------End of Script----------------

20:34:06 INFO  : Context for processor 'ps7_cortexa9_0' is selected.
20:34:06 INFO  : 'con' command is executed.
20:34:06 INFO  : ----------------XSDB Script (After Launch)----------------
targets -set -nocase -filter {name =~ "*A9*#0"}
con
----------------End of Script----------------

20:34:06 INFO  : Launch script is exported to file 'C:\Users\suren\Documents\ECE_520\Final_Project\Sandbox\signal_detect_vitis\signal_detect_app_system\_ide\scripts\debugger_signal_detect_app-default.tcl'
20:34:16 INFO  : Disconnected from the channel tcfchan#30.
20:34:17 INFO  : Connected to target on host '127.0.0.1' and port '3121'.
20:34:17 INFO  : Jtag cable 'Digilent Zybo Z7 210351BE7AB6A' is selected.
20:34:17 INFO  : 'jtag frequency' command is executed.
20:34:17 INFO  : Context for 'APU' is selected.
20:34:17 INFO  : System reset is completed.
20:34:20 INFO  : 'after 3000' command is executed.
20:34:20 INFO  : 'targets -set -filter {jtag_cable_name =~ "Digilent Zybo Z7 210351BE7AB6A" && level==0 && jtag_device_ctx=="jsn-Zybo Z7-210351BE7AB6A-13722093-0"}' command is executed.
20:34:21 INFO  : Device configured successfully with "C:/Users/suren/Documents/ECE_520/Final_Project/Sandbox/signal_detect_vitis/signal_detect_app/_ide/bitstream/signal_detect_bd_wrapper.bit"
20:34:21 INFO  : Context for 'APU' is selected.
20:34:21 INFO  : Hardware design and registers information is loaded from 'C:/Users/suren/Documents/ECE_520/Final_Project/Sandbox/signal_detect_vitis/signal_detect_platform/export/signal_detect_platform/hw/signal_detect_bd_wrapper.xsa'.
20:34:21 INFO  : 'configparams force-mem-access 1' command is executed.
20:34:21 INFO  : Context for 'APU' is selected.
20:34:21 INFO  : Sourcing of 'C:/Users/suren/Documents/ECE_520/Final_Project/Sandbox/signal_detect_vitis/signal_detect_app/_ide/psinit/ps7_init.tcl' is done.
20:34:21 INFO  : 'ps7_init' command is executed.
20:34:21 INFO  : 'ps7_post_config' command is executed.
20:34:21 INFO  : Context for processor 'ps7_cortexa9_0' is selected.
20:34:22 INFO  : The application 'C:/Users/suren/Documents/ECE_520/Final_Project/Sandbox/signal_detect_vitis/signal_detect_app/Debug/signal_detect_app.elf' is downloaded to processor 'ps7_cortexa9_0'.
20:34:22 INFO  : 'configparams force-mem-access 0' command is executed.
20:34:22 INFO  : ----------------XSDB Script----------------
connect -url tcp:127.0.0.1:3121
targets -set -nocase -filter {name =~"APU*"}
rst -system
after 3000
targets -set -filter {jtag_cable_name =~ "Digilent Zybo Z7 210351BE7AB6A" && level==0 && jtag_device_ctx=="jsn-Zybo Z7-210351BE7AB6A-13722093-0"}
fpga -file C:/Users/suren/Documents/ECE_520/Final_Project/Sandbox/signal_detect_vitis/signal_detect_app/_ide/bitstream/signal_detect_bd_wrapper.bit
targets -set -nocase -filter {name =~"APU*"}
loadhw -hw C:/Users/suren/Documents/ECE_520/Final_Project/Sandbox/signal_detect_vitis/signal_detect_platform/export/signal_detect_platform/hw/signal_detect_bd_wrapper.xsa -mem-ranges [list {0x40000000 0xbfffffff}] -regs
configparams force-mem-access 1
targets -set -nocase -filter {name =~"APU*"}
source C:/Users/suren/Documents/ECE_520/Final_Project/Sandbox/signal_detect_vitis/signal_detect_app/_ide/psinit/ps7_init.tcl
ps7_init
ps7_post_config
targets -set -nocase -filter {name =~ "*A9*#0"}
dow C:/Users/suren/Documents/ECE_520/Final_Project/Sandbox/signal_detect_vitis/signal_detect_app/Debug/signal_detect_app.elf
configparams force-mem-access 0
----------------End of Script----------------

20:34:22 INFO  : Context for processor 'ps7_cortexa9_0' is selected.
20:34:22 INFO  : 'con' command is executed.
20:34:22 INFO  : ----------------XSDB Script (After Launch)----------------
targets -set -nocase -filter {name =~ "*A9*#0"}
con
----------------End of Script----------------

20:34:22 INFO  : Launch script is exported to file 'C:\Users\suren\Documents\ECE_520\Final_Project\Sandbox\signal_detect_vitis\signal_detect_app_system\_ide\scripts\debugger_signal_detect_app-default.tcl'
20:34:38 INFO  : Disconnected from the channel tcfchan#31.
20:34:39 INFO  : Connected to target on host '127.0.0.1' and port '3121'.
20:34:39 INFO  : Jtag cable 'Digilent Zybo Z7 210351BE7AB6A' is selected.
20:34:39 INFO  : 'jtag frequency' command is executed.
20:34:39 INFO  : Context for 'APU' is selected.
20:34:39 INFO  : System reset is completed.
20:34:42 INFO  : 'after 3000' command is executed.
20:34:42 INFO  : 'targets -set -filter {jtag_cable_name =~ "Digilent Zybo Z7 210351BE7AB6A" && level==0 && jtag_device_ctx=="jsn-Zybo Z7-210351BE7AB6A-13722093-0"}' command is executed.
20:34:44 INFO  : Device configured successfully with "C:/Users/suren/Documents/ECE_520/Final_Project/Sandbox/signal_detect_vitis/signal_detect_app/_ide/bitstream/signal_detect_bd_wrapper.bit"
20:34:44 INFO  : Context for 'APU' is selected.
20:34:44 INFO  : Hardware design and registers information is loaded from 'C:/Users/suren/Documents/ECE_520/Final_Project/Sandbox/signal_detect_vitis/signal_detect_platform/export/signal_detect_platform/hw/signal_detect_bd_wrapper.xsa'.
20:34:44 INFO  : 'configparams force-mem-access 1' command is executed.
20:34:44 INFO  : Context for 'APU' is selected.
20:34:44 INFO  : Sourcing of 'C:/Users/suren/Documents/ECE_520/Final_Project/Sandbox/signal_detect_vitis/signal_detect_app/_ide/psinit/ps7_init.tcl' is done.
20:34:44 INFO  : 'ps7_init' command is executed.
20:34:44 INFO  : 'ps7_post_config' command is executed.
20:34:44 INFO  : Context for processor 'ps7_cortexa9_0' is selected.
20:34:44 INFO  : The application 'C:/Users/suren/Documents/ECE_520/Final_Project/Sandbox/signal_detect_vitis/signal_detect_app/Debug/signal_detect_app.elf' is downloaded to processor 'ps7_cortexa9_0'.
20:34:44 INFO  : 'configparams force-mem-access 0' command is executed.
20:34:44 INFO  : ----------------XSDB Script----------------
connect -url tcp:127.0.0.1:3121
targets -set -nocase -filter {name =~"APU*"}
rst -system
after 3000
targets -set -filter {jtag_cable_name =~ "Digilent Zybo Z7 210351BE7AB6A" && level==0 && jtag_device_ctx=="jsn-Zybo Z7-210351BE7AB6A-13722093-0"}
fpga -file C:/Users/suren/Documents/ECE_520/Final_Project/Sandbox/signal_detect_vitis/signal_detect_app/_ide/bitstream/signal_detect_bd_wrapper.bit
targets -set -nocase -filter {name =~"APU*"}
loadhw -hw C:/Users/suren/Documents/ECE_520/Final_Project/Sandbox/signal_detect_vitis/signal_detect_platform/export/signal_detect_platform/hw/signal_detect_bd_wrapper.xsa -mem-ranges [list {0x40000000 0xbfffffff}] -regs
configparams force-mem-access 1
targets -set -nocase -filter {name =~"APU*"}
source C:/Users/suren/Documents/ECE_520/Final_Project/Sandbox/signal_detect_vitis/signal_detect_app/_ide/psinit/ps7_init.tcl
ps7_init
ps7_post_config
targets -set -nocase -filter {name =~ "*A9*#0"}
dow C:/Users/suren/Documents/ECE_520/Final_Project/Sandbox/signal_detect_vitis/signal_detect_app/Debug/signal_detect_app.elf
configparams force-mem-access 0
----------------End of Script----------------

20:34:44 INFO  : Context for processor 'ps7_cortexa9_0' is selected.
20:34:44 INFO  : 'con' command is executed.
20:34:44 INFO  : ----------------XSDB Script (After Launch)----------------
targets -set -nocase -filter {name =~ "*A9*#0"}
con
----------------End of Script----------------

20:34:44 INFO  : Launch script is exported to file 'C:\Users\suren\Documents\ECE_520\Final_Project\Sandbox\signal_detect_vitis\signal_detect_app_system\_ide\scripts\debugger_signal_detect_app-default.tcl'
20:37:55 INFO  : Disconnected from the channel tcfchan#32.
20:37:56 INFO  : Connected to target on host '127.0.0.1' and port '3121'.
20:37:56 INFO  : Jtag cable 'Digilent Zybo Z7 210351BE7AB6A' is selected.
20:37:56 INFO  : 'jtag frequency' command is executed.
20:37:56 INFO  : Context for 'APU' is selected.
20:37:56 INFO  : System reset is completed.
20:37:59 INFO  : 'after 3000' command is executed.
20:37:59 INFO  : 'targets -set -filter {jtag_cable_name =~ "Digilent Zybo Z7 210351BE7AB6A" && level==0 && jtag_device_ctx=="jsn-Zybo Z7-210351BE7AB6A-13722093-0"}' command is executed.
20:38:01 INFO  : Device configured successfully with "C:/Users/suren/Documents/ECE_520/Final_Project/Sandbox/signal_detect_vitis/signal_detect_app/_ide/bitstream/signal_detect_bd_wrapper.bit"
20:38:01 INFO  : Context for 'APU' is selected.
20:38:01 INFO  : Hardware design and registers information is loaded from 'C:/Users/suren/Documents/ECE_520/Final_Project/Sandbox/signal_detect_vitis/signal_detect_platform/export/signal_detect_platform/hw/signal_detect_bd_wrapper.xsa'.
20:38:01 INFO  : 'configparams force-mem-access 1' command is executed.
20:38:01 INFO  : Context for 'APU' is selected.
20:38:01 INFO  : Sourcing of 'C:/Users/suren/Documents/ECE_520/Final_Project/Sandbox/signal_detect_vitis/signal_detect_app/_ide/psinit/ps7_init.tcl' is done.
20:38:01 INFO  : 'ps7_init' command is executed.
20:38:01 INFO  : 'ps7_post_config' command is executed.
20:38:01 INFO  : Context for processor 'ps7_cortexa9_0' is selected.
20:38:01 INFO  : The application 'C:/Users/suren/Documents/ECE_520/Final_Project/Sandbox/signal_detect_vitis/signal_detect_app/Debug/signal_detect_app.elf' is downloaded to processor 'ps7_cortexa9_0'.
20:38:01 INFO  : 'configparams force-mem-access 0' command is executed.
20:38:01 INFO  : ----------------XSDB Script----------------
connect -url tcp:127.0.0.1:3121
targets -set -nocase -filter {name =~"APU*"}
rst -system
after 3000
targets -set -filter {jtag_cable_name =~ "Digilent Zybo Z7 210351BE7AB6A" && level==0 && jtag_device_ctx=="jsn-Zybo Z7-210351BE7AB6A-13722093-0"}
fpga -file C:/Users/suren/Documents/ECE_520/Final_Project/Sandbox/signal_detect_vitis/signal_detect_app/_ide/bitstream/signal_detect_bd_wrapper.bit
targets -set -nocase -filter {name =~"APU*"}
loadhw -hw C:/Users/suren/Documents/ECE_520/Final_Project/Sandbox/signal_detect_vitis/signal_detect_platform/export/signal_detect_platform/hw/signal_detect_bd_wrapper.xsa -mem-ranges [list {0x40000000 0xbfffffff}] -regs
configparams force-mem-access 1
targets -set -nocase -filter {name =~"APU*"}
source C:/Users/suren/Documents/ECE_520/Final_Project/Sandbox/signal_detect_vitis/signal_detect_app/_ide/psinit/ps7_init.tcl
ps7_init
ps7_post_config
targets -set -nocase -filter {name =~ "*A9*#0"}
dow C:/Users/suren/Documents/ECE_520/Final_Project/Sandbox/signal_detect_vitis/signal_detect_app/Debug/signal_detect_app.elf
configparams force-mem-access 0
----------------End of Script----------------

20:38:01 INFO  : Context for processor 'ps7_cortexa9_0' is selected.
20:38:01 INFO  : 'con' command is executed.
20:38:01 INFO  : ----------------XSDB Script (After Launch)----------------
targets -set -nocase -filter {name =~ "*A9*#0"}
con
----------------End of Script----------------

20:38:01 INFO  : Launch script is exported to file 'C:\Users\suren\Documents\ECE_520\Final_Project\Sandbox\signal_detect_vitis\signal_detect_app_system\_ide\scripts\debugger_signal_detect_app-default.tcl'
20:41:02 INFO  : Disconnected from the channel tcfchan#33.
20:41:03 INFO  : Connected to target on host '127.0.0.1' and port '3121'.
20:41:03 INFO  : Jtag cable 'Digilent Zybo Z7 210351BE7AB6A' is selected.
20:41:03 INFO  : 'jtag frequency' command is executed.
20:41:03 INFO  : Context for 'APU' is selected.
20:41:03 INFO  : System reset is completed.
20:41:06 INFO  : 'after 3000' command is executed.
20:41:06 INFO  : 'targets -set -filter {jtag_cable_name =~ "Digilent Zybo Z7 210351BE7AB6A" && level==0 && jtag_device_ctx=="jsn-Zybo Z7-210351BE7AB6A-13722093-0"}' command is executed.
20:41:07 INFO  : Device configured successfully with "C:/Users/suren/Documents/ECE_520/Final_Project/Sandbox/signal_detect_vitis/signal_detect_app/_ide/bitstream/signal_detect_bd_wrapper.bit"
20:41:07 INFO  : Context for 'APU' is selected.
20:41:07 INFO  : Hardware design and registers information is loaded from 'C:/Users/suren/Documents/ECE_520/Final_Project/Sandbox/signal_detect_vitis/signal_detect_platform/export/signal_detect_platform/hw/signal_detect_bd_wrapper.xsa'.
20:41:07 INFO  : 'configparams force-mem-access 1' command is executed.
20:41:07 INFO  : Context for 'APU' is selected.
20:41:07 INFO  : Sourcing of 'C:/Users/suren/Documents/ECE_520/Final_Project/Sandbox/signal_detect_vitis/signal_detect_app/_ide/psinit/ps7_init.tcl' is done.
20:41:07 INFO  : 'ps7_init' command is executed.
20:41:07 INFO  : 'ps7_post_config' command is executed.
20:41:07 INFO  : Context for processor 'ps7_cortexa9_0' is selected.
20:41:07 INFO  : The application 'C:/Users/suren/Documents/ECE_520/Final_Project/Sandbox/signal_detect_vitis/signal_detect_app/Debug/signal_detect_app.elf' is downloaded to processor 'ps7_cortexa9_0'.
20:41:07 INFO  : 'configparams force-mem-access 0' command is executed.
20:41:07 INFO  : ----------------XSDB Script----------------
connect -url tcp:127.0.0.1:3121
targets -set -nocase -filter {name =~"APU*"}
rst -system
after 3000
targets -set -filter {jtag_cable_name =~ "Digilent Zybo Z7 210351BE7AB6A" && level==0 && jtag_device_ctx=="jsn-Zybo Z7-210351BE7AB6A-13722093-0"}
fpga -file C:/Users/suren/Documents/ECE_520/Final_Project/Sandbox/signal_detect_vitis/signal_detect_app/_ide/bitstream/signal_detect_bd_wrapper.bit
targets -set -nocase -filter {name =~"APU*"}
loadhw -hw C:/Users/suren/Documents/ECE_520/Final_Project/Sandbox/signal_detect_vitis/signal_detect_platform/export/signal_detect_platform/hw/signal_detect_bd_wrapper.xsa -mem-ranges [list {0x40000000 0xbfffffff}] -regs
configparams force-mem-access 1
targets -set -nocase -filter {name =~"APU*"}
source C:/Users/suren/Documents/ECE_520/Final_Project/Sandbox/signal_detect_vitis/signal_detect_app/_ide/psinit/ps7_init.tcl
ps7_init
ps7_post_config
targets -set -nocase -filter {name =~ "*A9*#0"}
dow C:/Users/suren/Documents/ECE_520/Final_Project/Sandbox/signal_detect_vitis/signal_detect_app/Debug/signal_detect_app.elf
configparams force-mem-access 0
----------------End of Script----------------

20:41:08 INFO  : Context for processor 'ps7_cortexa9_0' is selected.
20:41:08 INFO  : 'con' command is executed.
20:41:08 INFO  : ----------------XSDB Script (After Launch)----------------
targets -set -nocase -filter {name =~ "*A9*#0"}
con
----------------End of Script----------------

20:41:08 INFO  : Launch script is exported to file 'C:\Users\suren\Documents\ECE_520\Final_Project\Sandbox\signal_detect_vitis\signal_detect_app_system\_ide\scripts\debugger_signal_detect_app-default.tcl'
20:41:58 INFO  : Disconnected from the channel tcfchan#34.
20:41:59 INFO  : Connected to target on host '127.0.0.1' and port '3121'.
20:41:59 INFO  : Jtag cable 'Digilent Zybo Z7 210351BE7AB6A' is selected.
20:41:59 INFO  : 'jtag frequency' command is executed.
20:41:59 INFO  : Context for 'APU' is selected.
20:41:59 INFO  : System reset is completed.
20:42:02 INFO  : 'after 3000' command is executed.
20:42:02 INFO  : 'targets -set -filter {jtag_cable_name =~ "Digilent Zybo Z7 210351BE7AB6A" && level==0 && jtag_device_ctx=="jsn-Zybo Z7-210351BE7AB6A-13722093-0"}' command is executed.
20:42:03 INFO  : Device configured successfully with "C:/Users/suren/Documents/ECE_520/Final_Project/Sandbox/signal_detect_vitis/signal_detect_app/_ide/bitstream/signal_detect_bd_wrapper.bit"
20:42:03 INFO  : Context for 'APU' is selected.
20:42:03 INFO  : Hardware design and registers information is loaded from 'C:/Users/suren/Documents/ECE_520/Final_Project/Sandbox/signal_detect_vitis/signal_detect_platform/export/signal_detect_platform/hw/signal_detect_bd_wrapper.xsa'.
20:42:03 INFO  : 'configparams force-mem-access 1' command is executed.
20:42:03 INFO  : Context for 'APU' is selected.
20:42:03 INFO  : Sourcing of 'C:/Users/suren/Documents/ECE_520/Final_Project/Sandbox/signal_detect_vitis/signal_detect_app/_ide/psinit/ps7_init.tcl' is done.
20:42:04 INFO  : 'ps7_init' command is executed.
20:42:04 INFO  : 'ps7_post_config' command is executed.
20:42:04 INFO  : Context for processor 'ps7_cortexa9_0' is selected.
20:42:04 INFO  : The application 'C:/Users/suren/Documents/ECE_520/Final_Project/Sandbox/signal_detect_vitis/signal_detect_app/Debug/signal_detect_app.elf' is downloaded to processor 'ps7_cortexa9_0'.
20:42:04 INFO  : 'configparams force-mem-access 0' command is executed.
20:42:04 INFO  : ----------------XSDB Script----------------
connect -url tcp:127.0.0.1:3121
targets -set -nocase -filter {name =~"APU*"}
rst -system
after 3000
targets -set -filter {jtag_cable_name =~ "Digilent Zybo Z7 210351BE7AB6A" && level==0 && jtag_device_ctx=="jsn-Zybo Z7-210351BE7AB6A-13722093-0"}
fpga -file C:/Users/suren/Documents/ECE_520/Final_Project/Sandbox/signal_detect_vitis/signal_detect_app/_ide/bitstream/signal_detect_bd_wrapper.bit
targets -set -nocase -filter {name =~"APU*"}
loadhw -hw C:/Users/suren/Documents/ECE_520/Final_Project/Sandbox/signal_detect_vitis/signal_detect_platform/export/signal_detect_platform/hw/signal_detect_bd_wrapper.xsa -mem-ranges [list {0x40000000 0xbfffffff}] -regs
configparams force-mem-access 1
targets -set -nocase -filter {name =~"APU*"}
source C:/Users/suren/Documents/ECE_520/Final_Project/Sandbox/signal_detect_vitis/signal_detect_app/_ide/psinit/ps7_init.tcl
ps7_init
ps7_post_config
targets -set -nocase -filter {name =~ "*A9*#0"}
dow C:/Users/suren/Documents/ECE_520/Final_Project/Sandbox/signal_detect_vitis/signal_detect_app/Debug/signal_detect_app.elf
configparams force-mem-access 0
----------------End of Script----------------

20:42:04 INFO  : Context for processor 'ps7_cortexa9_0' is selected.
20:42:04 INFO  : 'con' command is executed.
20:42:04 INFO  : ----------------XSDB Script (After Launch)----------------
targets -set -nocase -filter {name =~ "*A9*#0"}
con
----------------End of Script----------------

20:42:04 INFO  : Launch script is exported to file 'C:\Users\suren\Documents\ECE_520\Final_Project\Sandbox\signal_detect_vitis\signal_detect_app_system\_ide\scripts\debugger_signal_detect_app-default.tcl'
20:44:10 INFO  : Disconnected from the channel tcfchan#35.
20:44:11 INFO  : Connected to target on host '127.0.0.1' and port '3121'.
20:44:12 INFO  : Jtag cable 'Digilent Zybo Z7 210351BE7AB6A' is selected.
20:44:12 INFO  : 'jtag frequency' command is executed.
20:44:12 INFO  : Context for 'APU' is selected.
20:44:12 INFO  : System reset is completed.
20:44:15 INFO  : 'after 3000' command is executed.
20:44:15 INFO  : 'targets -set -filter {jtag_cable_name =~ "Digilent Zybo Z7 210351BE7AB6A" && level==0 && jtag_device_ctx=="jsn-Zybo Z7-210351BE7AB6A-13722093-0"}' command is executed.
20:44:16 INFO  : Device configured successfully with "C:/Users/suren/Documents/ECE_520/Final_Project/Sandbox/signal_detect_vitis/signal_detect_app/_ide/bitstream/signal_detect_bd_wrapper.bit"
20:44:16 INFO  : Context for 'APU' is selected.
20:44:16 INFO  : Hardware design and registers information is loaded from 'C:/Users/suren/Documents/ECE_520/Final_Project/Sandbox/signal_detect_vitis/signal_detect_platform/export/signal_detect_platform/hw/signal_detect_bd_wrapper.xsa'.
20:44:16 INFO  : 'configparams force-mem-access 1' command is executed.
20:44:16 INFO  : Context for 'APU' is selected.
20:44:16 INFO  : Sourcing of 'C:/Users/suren/Documents/ECE_520/Final_Project/Sandbox/signal_detect_vitis/signal_detect_app/_ide/psinit/ps7_init.tcl' is done.
20:44:16 INFO  : 'ps7_init' command is executed.
20:44:16 INFO  : 'ps7_post_config' command is executed.
20:44:16 INFO  : Context for processor 'ps7_cortexa9_0' is selected.
20:44:16 INFO  : The application 'C:/Users/suren/Documents/ECE_520/Final_Project/Sandbox/signal_detect_vitis/signal_detect_app/Debug/signal_detect_app.elf' is downloaded to processor 'ps7_cortexa9_0'.
20:44:16 INFO  : 'configparams force-mem-access 0' command is executed.
20:44:16 INFO  : ----------------XSDB Script----------------
connect -url tcp:127.0.0.1:3121
targets -set -nocase -filter {name =~"APU*"}
rst -system
after 3000
targets -set -filter {jtag_cable_name =~ "Digilent Zybo Z7 210351BE7AB6A" && level==0 && jtag_device_ctx=="jsn-Zybo Z7-210351BE7AB6A-13722093-0"}
fpga -file C:/Users/suren/Documents/ECE_520/Final_Project/Sandbox/signal_detect_vitis/signal_detect_app/_ide/bitstream/signal_detect_bd_wrapper.bit
targets -set -nocase -filter {name =~"APU*"}
loadhw -hw C:/Users/suren/Documents/ECE_520/Final_Project/Sandbox/signal_detect_vitis/signal_detect_platform/export/signal_detect_platform/hw/signal_detect_bd_wrapper.xsa -mem-ranges [list {0x40000000 0xbfffffff}] -regs
configparams force-mem-access 1
targets -set -nocase -filter {name =~"APU*"}
source C:/Users/suren/Documents/ECE_520/Final_Project/Sandbox/signal_detect_vitis/signal_detect_app/_ide/psinit/ps7_init.tcl
ps7_init
ps7_post_config
targets -set -nocase -filter {name =~ "*A9*#0"}
dow C:/Users/suren/Documents/ECE_520/Final_Project/Sandbox/signal_detect_vitis/signal_detect_app/Debug/signal_detect_app.elf
configparams force-mem-access 0
----------------End of Script----------------

20:44:16 INFO  : Context for processor 'ps7_cortexa9_0' is selected.
20:44:16 INFO  : 'con' command is executed.
20:44:16 INFO  : ----------------XSDB Script (After Launch)----------------
targets -set -nocase -filter {name =~ "*A9*#0"}
con
----------------End of Script----------------

20:44:16 INFO  : Launch script is exported to file 'C:\Users\suren\Documents\ECE_520\Final_Project\Sandbox\signal_detect_vitis\signal_detect_app_system\_ide\scripts\debugger_signal_detect_app-default.tcl'
20:46:14 INFO  : Disconnected from the channel tcfchan#36.
18:38:50 DEBUG : Logs will be stored at 'C:/Users/suren/Documents/ECE_520/Final_Project/Sandbox/signal_detect_vitis/IDE.log'.
18:38:51 INFO  : Launching XSCT server: xsct.bat -n  -interactive C:\Users\suren\Documents\ECE_520\Final_Project\Sandbox\signal_detect_vitis\temp_xsdb_launch_script.tcl
18:38:54 INFO  : Registering command handlers for Vitis TCF services
18:38:55 INFO  : Platform repository initialization has completed.
18:38:56 INFO  : XSCT server has started successfully.
18:38:56 INFO  : plnx-install-location is set to ''
18:38:56 INFO  : Successfully done setting XSCT server connection channel  
18:39:03 INFO  : Successfully done setting workspace for the tool. 
18:39:03 INFO  : Successfully done query RDI_DATADIR 
18:39:18 INFO  : Connected to target on host '127.0.0.1' and port '3121'.
18:39:19 INFO  : Jtag cable 'Digilent Zybo Z7 210351BE7AB6A' is selected.
18:39:19 INFO  : 'jtag frequency' command is executed.
18:39:19 INFO  : Context for 'APU' is selected.
18:39:19 INFO  : System reset is completed.
18:39:22 INFO  : 'after 3000' command is executed.
18:39:22 INFO  : 'targets -set -filter {jtag_cable_name =~ "Digilent Zybo Z7 210351BE7AB6A" && level==0 && jtag_device_ctx=="jsn-Zybo Z7-210351BE7AB6A-13722093-0"}' command is executed.
18:39:23 INFO  : Device configured successfully with "C:/Users/suren/Documents/ECE_520/Final_Project/Sandbox/signal_detect_vitis/signal_detect_app/_ide/bitstream/signal_detect_bd_wrapper.bit"
18:39:24 INFO  : Context for 'APU' is selected.
18:39:24 INFO  : Hardware design and registers information is loaded from 'C:/Users/suren/Documents/ECE_520/Final_Project/Sandbox/signal_detect_vitis/signal_detect_platform/export/signal_detect_platform/hw/signal_detect_bd_wrapper.xsa'.
18:39:24 INFO  : 'configparams force-mem-access 1' command is executed.
18:39:24 INFO  : Context for 'APU' is selected.
18:39:24 INFO  : Sourcing of 'C:/Users/suren/Documents/ECE_520/Final_Project/Sandbox/signal_detect_vitis/signal_detect_app/_ide/psinit/ps7_init.tcl' is done.
18:39:25 INFO  : 'ps7_init' command is executed.
18:39:25 INFO  : 'ps7_post_config' command is executed.
18:39:25 INFO  : Context for processor 'ps7_cortexa9_0' is selected.
18:39:25 INFO  : The application 'C:/Users/suren/Documents/ECE_520/Final_Project/Sandbox/signal_detect_vitis/signal_detect_app/Debug/signal_detect_app.elf' is downloaded to processor 'ps7_cortexa9_0'.
18:39:25 INFO  : 'configparams force-mem-access 0' command is executed.
18:39:25 INFO  : ----------------XSDB Script----------------
connect -url tcp:127.0.0.1:3121
targets -set -nocase -filter {name =~"APU*"}
rst -system
after 3000
targets -set -filter {jtag_cable_name =~ "Digilent Zybo Z7 210351BE7AB6A" && level==0 && jtag_device_ctx=="jsn-Zybo Z7-210351BE7AB6A-13722093-0"}
fpga -file C:/Users/suren/Documents/ECE_520/Final_Project/Sandbox/signal_detect_vitis/signal_detect_app/_ide/bitstream/signal_detect_bd_wrapper.bit
targets -set -nocase -filter {name =~"APU*"}
loadhw -hw C:/Users/suren/Documents/ECE_520/Final_Project/Sandbox/signal_detect_vitis/signal_detect_platform/export/signal_detect_platform/hw/signal_detect_bd_wrapper.xsa -mem-ranges [list {0x40000000 0xbfffffff}] -regs
configparams force-mem-access 1
targets -set -nocase -filter {name =~"APU*"}
source C:/Users/suren/Documents/ECE_520/Final_Project/Sandbox/signal_detect_vitis/signal_detect_app/_ide/psinit/ps7_init.tcl
ps7_init
ps7_post_config
targets -set -nocase -filter {name =~ "*A9*#0"}
dow C:/Users/suren/Documents/ECE_520/Final_Project/Sandbox/signal_detect_vitis/signal_detect_app/Debug/signal_detect_app.elf
configparams force-mem-access 0
----------------End of Script----------------

18:39:25 INFO  : Context for processor 'ps7_cortexa9_0' is selected.
18:39:25 INFO  : 'con' command is executed.
18:39:25 INFO  : ----------------XSDB Script (After Launch)----------------
targets -set -nocase -filter {name =~ "*A9*#0"}
con
----------------End of Script----------------

18:39:25 INFO  : Launch script is exported to file 'C:\Users\suren\Documents\ECE_520\Final_Project\Sandbox\signal_detect_vitis\signal_detect_app_system\_ide\scripts\debugger_signal_detect_app-default.tcl'
18:41:19 INFO  : Disconnected from the channel tcfchan#1.
18:41:20 INFO  : Connected to target on host '127.0.0.1' and port '3121'.
18:41:20 INFO  : Jtag cable 'Digilent Zybo Z7 210351BE7AB6A' is selected.
18:41:20 INFO  : 'jtag frequency' command is executed.
18:41:20 INFO  : Context for 'APU' is selected.
18:41:20 INFO  : System reset is completed.
18:41:23 INFO  : 'after 3000' command is executed.
18:41:23 INFO  : 'targets -set -filter {jtag_cable_name =~ "Digilent Zybo Z7 210351BE7AB6A" && level==0 && jtag_device_ctx=="jsn-Zybo Z7-210351BE7AB6A-13722093-0"}' command is executed.
18:41:25 INFO  : Device configured successfully with "C:/Users/suren/Documents/ECE_520/Final_Project/Sandbox/signal_detect_vitis/signal_detect_app/_ide/bitstream/signal_detect_bd_wrapper.bit"
18:41:25 INFO  : Context for 'APU' is selected.
18:41:26 INFO  : Hardware design and registers information is loaded from 'C:/Users/suren/Documents/ECE_520/Final_Project/Sandbox/signal_detect_vitis/signal_detect_platform/export/signal_detect_platform/hw/signal_detect_bd_wrapper.xsa'.
18:41:26 INFO  : 'configparams force-mem-access 1' command is executed.
18:41:26 INFO  : Context for 'APU' is selected.
18:41:26 INFO  : Sourcing of 'C:/Users/suren/Documents/ECE_520/Final_Project/Sandbox/signal_detect_vitis/signal_detect_app/_ide/psinit/ps7_init.tcl' is done.
18:41:26 INFO  : 'ps7_init' command is executed.
18:41:26 INFO  : 'ps7_post_config' command is executed.
18:41:26 INFO  : Context for processor 'ps7_cortexa9_0' is selected.
18:41:27 INFO  : The application 'C:/Users/suren/Documents/ECE_520/Final_Project/Sandbox/signal_detect_vitis/signal_detect_app/Debug/signal_detect_app.elf' is downloaded to processor 'ps7_cortexa9_0'.
18:41:27 INFO  : 'configparams force-mem-access 0' command is executed.
18:41:27 INFO  : ----------------XSDB Script----------------
connect -url tcp:127.0.0.1:3121
targets -set -nocase -filter {name =~"APU*"}
rst -system
after 3000
targets -set -filter {jtag_cable_name =~ "Digilent Zybo Z7 210351BE7AB6A" && level==0 && jtag_device_ctx=="jsn-Zybo Z7-210351BE7AB6A-13722093-0"}
fpga -file C:/Users/suren/Documents/ECE_520/Final_Project/Sandbox/signal_detect_vitis/signal_detect_app/_ide/bitstream/signal_detect_bd_wrapper.bit
targets -set -nocase -filter {name =~"APU*"}
loadhw -hw C:/Users/suren/Documents/ECE_520/Final_Project/Sandbox/signal_detect_vitis/signal_detect_platform/export/signal_detect_platform/hw/signal_detect_bd_wrapper.xsa -mem-ranges [list {0x40000000 0xbfffffff}] -regs
configparams force-mem-access 1
targets -set -nocase -filter {name =~"APU*"}
source C:/Users/suren/Documents/ECE_520/Final_Project/Sandbox/signal_detect_vitis/signal_detect_app/_ide/psinit/ps7_init.tcl
ps7_init
ps7_post_config
targets -set -nocase -filter {name =~ "*A9*#0"}
dow C:/Users/suren/Documents/ECE_520/Final_Project/Sandbox/signal_detect_vitis/signal_detect_app/Debug/signal_detect_app.elf
configparams force-mem-access 0
----------------End of Script----------------

18:41:27 INFO  : Context for processor 'ps7_cortexa9_0' is selected.
18:41:27 INFO  : 'con' command is executed.
18:41:27 INFO  : ----------------XSDB Script (After Launch)----------------
targets -set -nocase -filter {name =~ "*A9*#0"}
con
----------------End of Script----------------

18:41:27 INFO  : Launch script is exported to file 'C:\Users\suren\Documents\ECE_520\Final_Project\Sandbox\signal_detect_vitis\signal_detect_app_system\_ide\scripts\debugger_signal_detect_app-default.tcl'
18:43:35 INFO  : Disconnected from the channel tcfchan#2.
14:17:40 DEBUG : Logs will be stored at 'C:/Users/suren/Documents/ECE_520/Final_Project/Sandbox/signal_detect_vitis/IDE.log'.
14:17:40 INFO  : Launching XSCT server: xsct.bat -n  -interactive C:\Users\suren\Documents\ECE_520\Final_Project\Sandbox\signal_detect_vitis\temp_xsdb_launch_script.tcl
14:17:43 INFO  : Registering command handlers for Vitis TCF services
14:17:43 INFO  : Platform repository initialization has completed.
14:17:44 INFO  : XSCT server has started successfully.
14:17:44 INFO  : plnx-install-location is set to ''
14:17:44 INFO  : Successfully done setting XSCT server connection channel  
14:17:50 INFO  : Successfully done setting workspace for the tool. 
14:17:50 INFO  : Successfully done query RDI_DATADIR 
14:59:44 DEBUG : Logs will be stored at 'C:/Users/suren/Documents/ECE_520/Final_Project/Sandbox/signal_detect_vitis/IDE.log'.
14:59:45 INFO  : Launching XSCT server: xsct.bat -n  -interactive C:\Users\suren\Documents\ECE_520\Final_Project\Sandbox\signal_detect_vitis\temp_xsdb_launch_script.tcl
14:59:47 INFO  : XSCT server has started successfully.
14:59:47 INFO  : plnx-install-location is set to ''
14:59:47 INFO  : Successfully done setting XSCT server connection channel  
14:59:47 INFO  : Registering command handlers for Vitis TCF services
14:59:47 INFO  : Platform repository initialization has completed.
14:59:47 INFO  : Successfully done setting workspace for the tool. 
14:59:47 INFO  : Successfully done query RDI_DATADIR 
15:00:13 INFO  : Connected to target on host '127.0.0.1' and port '3121'.
15:00:14 INFO  : Jtag cable 'Digilent Zybo Z7 210351BE7AB6A' is selected.
15:00:14 INFO  : 'jtag frequency' command is executed.
15:00:14 INFO  : Context for 'APU' is selected.
15:00:14 INFO  : System reset is completed.
15:00:17 INFO  : 'after 3000' command is executed.
15:00:17 INFO  : 'targets -set -filter {jtag_cable_name =~ "Digilent Zybo Z7 210351BE7AB6A" && level==0 && jtag_device_ctx=="jsn-Zybo Z7-210351BE7AB6A-13722093-0"}' command is executed.
15:00:19 INFO  : Device configured successfully with "C:/Users/suren/Documents/ECE_520/Final_Project/Sandbox/signal_detect_vitis/signal_detect_app/_ide/bitstream/signal_detect_bd_wrapper.bit"
15:00:19 INFO  : Context for 'APU' is selected.
15:00:19 INFO  : Hardware design and registers information is loaded from 'C:/Users/suren/Documents/ECE_520/Final_Project/Sandbox/signal_detect_vitis/signal_detect_platform/export/signal_detect_platform/hw/signal_detect_bd_wrapper.xsa'.
15:00:19 INFO  : 'configparams force-mem-access 1' command is executed.
15:00:19 INFO  : Context for 'APU' is selected.
15:00:19 INFO  : Sourcing of 'C:/Users/suren/Documents/ECE_520/Final_Project/Sandbox/signal_detect_vitis/signal_detect_app/_ide/psinit/ps7_init.tcl' is done.
15:00:19 INFO  : 'ps7_init' command is executed.
15:00:19 INFO  : 'ps7_post_config' command is executed.
15:00:19 INFO  : Context for processor 'ps7_cortexa9_0' is selected.
15:00:19 INFO  : The application 'C:/Users/suren/Documents/ECE_520/Final_Project/Sandbox/signal_detect_vitis/signal_detect_app/Debug/signal_detect_app.elf' is downloaded to processor 'ps7_cortexa9_0'.
15:00:19 INFO  : 'configparams force-mem-access 0' command is executed.
15:00:19 INFO  : ----------------XSDB Script----------------
connect -url tcp:127.0.0.1:3121
targets -set -nocase -filter {name =~"APU*"}
rst -system
after 3000
targets -set -filter {jtag_cable_name =~ "Digilent Zybo Z7 210351BE7AB6A" && level==0 && jtag_device_ctx=="jsn-Zybo Z7-210351BE7AB6A-13722093-0"}
fpga -file C:/Users/suren/Documents/ECE_520/Final_Project/Sandbox/signal_detect_vitis/signal_detect_app/_ide/bitstream/signal_detect_bd_wrapper.bit
targets -set -nocase -filter {name =~"APU*"}
loadhw -hw C:/Users/suren/Documents/ECE_520/Final_Project/Sandbox/signal_detect_vitis/signal_detect_platform/export/signal_detect_platform/hw/signal_detect_bd_wrapper.xsa -mem-ranges [list {0x40000000 0xbfffffff}] -regs
configparams force-mem-access 1
targets -set -nocase -filter {name =~"APU*"}
source C:/Users/suren/Documents/ECE_520/Final_Project/Sandbox/signal_detect_vitis/signal_detect_app/_ide/psinit/ps7_init.tcl
ps7_init
ps7_post_config
targets -set -nocase -filter {name =~ "*A9*#0"}
dow C:/Users/suren/Documents/ECE_520/Final_Project/Sandbox/signal_detect_vitis/signal_detect_app/Debug/signal_detect_app.elf
configparams force-mem-access 0
----------------End of Script----------------

15:00:19 INFO  : Context for processor 'ps7_cortexa9_0' is selected.
15:00:19 INFO  : 'con' command is executed.
15:00:19 INFO  : ----------------XSDB Script (After Launch)----------------
targets -set -nocase -filter {name =~ "*A9*#0"}
con
----------------End of Script----------------

15:00:19 INFO  : Launch script is exported to file 'C:\Users\suren\Documents\ECE_520\Final_Project\Sandbox\signal_detect_vitis\signal_detect_app_system\_ide\scripts\debugger_signal_detect_app-default.tcl'
15:33:55 INFO  : Disconnected from the channel tcfchan#1.
