TRACE::2026-04-26.18:17:05::SCWPlatform::Trying to open the hw design at C:/Users/suren/Documents/ECE_520/Final_Project/Sandbox/signal_detect_vitis/signal_detect_platform/hw/signal_detect_bd_wrapper.xsa
TRACE::2026-04-26.18:17:05::SCWPlatform::DSA given C:/Users/suren/Documents/ECE_520/Final_Project/Sandbox/signal_detect_vitis/signal_detect_platform/hw/signal_detect_bd_wrapper.xsa
TRACE::2026-04-26.18:17:05::SCWPlatform::DSA absoulate path C:/Users/suren/Documents/ECE_520/Final_Project/Sandbox/signal_detect_vitis/signal_detect_platform/hw/signal_detect_bd_wrapper.xsa
TRACE::2026-04-26.18:17:05::SCWPlatform::DSA directory C:/Users/suren/Documents/ECE_520/Final_Project/Sandbox/signal_detect_vitis/signal_detect_platform/hw
TRACE::2026-04-26.18:17:05::SCWPlatform:: Platform Path C:/Users/suren/Documents/ECE_520/Final_Project/Sandbox/signal_detect_vitis/signal_detect_platform/hw/signal_detect_bd_wrapper.xsa
TRACE::2026-04-26.18:17:05::SCWPlatform:: Unique name xilinx:zybo-z7-10::0.0
TRACE::2026-04-26.18:17:05::SCWPlatform::Do not have an existing db opened. 
TRACE::2026-04-26.18:17:08::SCWPlatform::Opened new HwDB with name signal_detect_bd_wrapper_0
TRACE::2026-04-26.18:17:08::SCWWriter::formatted JSON is {
	"platformName":	"signal_detect_platform",
	"sprVersion":	"2.0",
	"mode":	"gui",
	"dsaType":	"Fixed",
	"platformDesc":	"signal_detect_platform",
	"platHandOff":	"C:/Users/suren/Documents/ECE_520/Final_Project/Sandbox/signal_detect_sb/signal_detect_bd_wrapper.xsa",
	"platIntHandOff":	"<platformDir>/hw/signal_detect_bd_wrapper.xsa",
	"deviceType":	"zynq",
	"platIsPrebuiltAutogen":	"false",
	"platIsNoBootBsp":	"false",
	"hasFsblMakeHasChanges":	"false",
	"hasPmufwMakeHasChanges":	"false",
	"platPreBuiltFlag":	false,
	"platformSamplesDir":	""
}
TRACE::2026-04-26.18:17:08::SCWWriter::formatted JSON is {
	"platformName":	"signal_detect_platform",
	"sprVersion":	"2.0",
	"mode":	"gui",
	"dsaType":	"Fixed",
	"platformDesc":	"signal_detect_platform",
	"platHandOff":	"C:/Users/suren/Documents/ECE_520/Final_Project/Sandbox/signal_detect_sb/signal_detect_bd_wrapper.xsa",
	"platIntHandOff":	"<platformDir>/hw/signal_detect_bd_wrapper.xsa",
	"deviceType":	"zynq",
	"platIsPrebuiltAutogen":	"false",
	"platIsNoBootBsp":	"false",
	"hasFsblMakeHasChanges":	"false",
	"hasPmufwMakeHasChanges":	"false",
	"platPreBuiltFlag":	false,
	"platformSamplesDir":	"",
	"platActiveSys":	"signal_detect_platform",
	"systems":	[{
			"systemName":	"signal_detect_platform",
			"systemDesc":	"signal_detect_platform",
			"sysIsBootAutoGen":	"true",
			"systemDispName":	"signal_detect_platform"
		}]
}
TRACE::2026-04-26.18:17:08::SCWPlatform::Boot application domains not present, creating them
TRACE::2026-04-26.18:17:08::SCWDomain::checking for install qemu data   : 
TRACE::2026-04-26.18:17:08::SCWDomain:: Using the QEMU Data from install at  : C:/Xilinx/Vitis/2023.1/data/emulation/platforms/zynq/sw/a9_standalone/qemu/
TRACE::2026-04-26.18:17:08::SCWDomain:: Using the QEMU args  from install at  : C:/Xilinx/Vitis/2023.1/data/emulation/platforms/zynq/sw/a9_standalone/qemu/qemu_args.txt
TRACE::2026-04-26.18:17:08::SCWPlatform::Trying to open the hw design at C:/Users/suren/Documents/ECE_520/Final_Project/Sandbox/signal_detect_vitis/signal_detect_platform/hw/signal_detect_bd_wrapper.xsa
TRACE::2026-04-26.18:17:08::SCWPlatform::DSA given C:/Users/suren/Documents/ECE_520/Final_Project/Sandbox/signal_detect_vitis/signal_detect_platform/hw/signal_detect_bd_wrapper.xsa
TRACE::2026-04-26.18:17:08::SCWPlatform::DSA absoulate path C:/Users/suren/Documents/ECE_520/Final_Project/Sandbox/signal_detect_vitis/signal_detect_platform/hw/signal_detect_bd_wrapper.xsa
TRACE::2026-04-26.18:17:08::SCWPlatform::DSA directory C:/Users/suren/Documents/ECE_520/Final_Project/Sandbox/signal_detect_vitis/signal_detect_platform/hw
TRACE::2026-04-26.18:17:08::SCWPlatform:: Platform Path C:/Users/suren/Documents/ECE_520/Final_Project/Sandbox/signal_detect_vitis/signal_detect_platform/hw/signal_detect_bd_wrapper.xsa
TRACE::2026-04-26.18:17:08::SCWPlatform:: Unique name xilinx:zybo-z7-10::0.0
TRACE::2026-04-26.18:17:08::SCWPlatform::Trying to set the existing hwdb with name signal_detect_bd_wrapper_0
TRACE::2026-04-26.18:17:08::SCWPlatform::Opened existing hwdb signal_detect_bd_wrapper_0
TRACE::2026-04-26.18:17:08::SCWPlatform::Found the Hw Db part of the input DSA
TRACE::2026-04-26.18:17:08::SCWPlatform::Trying to open the hw design at C:/Users/suren/Documents/ECE_520/Final_Project/Sandbox/signal_detect_vitis/signal_detect_platform/hw/signal_detect_bd_wrapper.xsa
TRACE::2026-04-26.18:17:08::SCWPlatform::DSA given C:/Users/suren/Documents/ECE_520/Final_Project/Sandbox/signal_detect_vitis/signal_detect_platform/hw/signal_detect_bd_wrapper.xsa
TRACE::2026-04-26.18:17:08::SCWPlatform::DSA absoulate path C:/Users/suren/Documents/ECE_520/Final_Project/Sandbox/signal_detect_vitis/signal_detect_platform/hw/signal_detect_bd_wrapper.xsa
TRACE::2026-04-26.18:17:08::SCWPlatform::DSA directory C:/Users/suren/Documents/ECE_520/Final_Project/Sandbox/signal_detect_vitis/signal_detect_platform/hw
TRACE::2026-04-26.18:17:08::SCWPlatform:: Platform Path C:/Users/suren/Documents/ECE_520/Final_Project/Sandbox/signal_detect_vitis/signal_detect_platform/hw/signal_detect_bd_wrapper.xsa
TRACE::2026-04-26.18:17:08::SCWPlatform:: Unique name xilinx:zybo-z7-10::0.0
TRACE::2026-04-26.18:17:08::SCWPlatform::Trying to set the existing hwdb with name signal_detect_bd_wrapper_0
TRACE::2026-04-26.18:17:08::SCWPlatform::Opened existing hwdb signal_detect_bd_wrapper_0
TRACE::2026-04-26.18:17:08::SCWPlatform::Found the Hw Db part of the input DSA
TRACE::2026-04-26.18:17:08::SCWPlatform::Trying to open the hw design at C:/Users/suren/Documents/ECE_520/Final_Project/Sandbox/signal_detect_vitis/signal_detect_platform/hw/signal_detect_bd_wrapper.xsa
TRACE::2026-04-26.18:17:08::SCWPlatform::DSA given C:/Users/suren/Documents/ECE_520/Final_Project/Sandbox/signal_detect_vitis/signal_detect_platform/hw/signal_detect_bd_wrapper.xsa
TRACE::2026-04-26.18:17:08::SCWPlatform::DSA absoulate path C:/Users/suren/Documents/ECE_520/Final_Project/Sandbox/signal_detect_vitis/signal_detect_platform/hw/signal_detect_bd_wrapper.xsa
TRACE::2026-04-26.18:17:08::SCWPlatform::DSA directory C:/Users/suren/Documents/ECE_520/Final_Project/Sandbox/signal_detect_vitis/signal_detect_platform/hw
TRACE::2026-04-26.18:17:08::SCWPlatform:: Platform Path C:/Users/suren/Documents/ECE_520/Final_Project/Sandbox/signal_detect_vitis/signal_detect_platform/hw/signal_detect_bd_wrapper.xsa
TRACE::2026-04-26.18:17:08::SCWPlatform:: Unique name xilinx:zybo-z7-10::0.0
TRACE::2026-04-26.18:17:08::SCWPlatform::Trying to set the existing hwdb with name signal_detect_bd_wrapper_0
TRACE::2026-04-26.18:17:08::SCWPlatform::Opened existing hwdb signal_detect_bd_wrapper_0
TRACE::2026-04-26.18:17:08::SCWPlatform::Found the Hw Db part of the input DSA
TRACE::2026-04-26.18:17:08::SCWPlatform::Boot application domain added for zynq_fsbl
TRACE::2026-04-26.18:17:08::SCWPlatform::Generating the sources  .
TRACE::2026-04-26.18:17:08::SCWBDomain::Generating boot domain sources.
TRACE::2026-04-26.18:17:08::SCWBDomain:: Generating the zynq_fsbl Application.
TRACE::2026-04-26.18:17:08::SCWPlatform::Trying to open the hw design at C:/Users/suren/Documents/ECE_520/Final_Project/Sandbox/signal_detect_vitis/signal_detect_platform/hw/signal_detect_bd_wrapper.xsa
TRACE::2026-04-26.18:17:08::SCWPlatform::DSA given C:/Users/suren/Documents/ECE_520/Final_Project/Sandbox/signal_detect_vitis/signal_detect_platform/hw/signal_detect_bd_wrapper.xsa
TRACE::2026-04-26.18:17:08::SCWPlatform::DSA absoulate path C:/Users/suren/Documents/ECE_520/Final_Project/Sandbox/signal_detect_vitis/signal_detect_platform/hw/signal_detect_bd_wrapper.xsa
TRACE::2026-04-26.18:17:08::SCWPlatform::DSA directory C:/Users/suren/Documents/ECE_520/Final_Project/Sandbox/signal_detect_vitis/signal_detect_platform/hw
TRACE::2026-04-26.18:17:08::SCWPlatform:: Platform Path C:/Users/suren/Documents/ECE_520/Final_Project/Sandbox/signal_detect_vitis/signal_detect_platform/hw/signal_detect_bd_wrapper.xsa
TRACE::2026-04-26.18:17:08::SCWPlatform:: Unique name xilinx:zybo-z7-10::0.0
TRACE::2026-04-26.18:17:08::SCWPlatform::Trying to set the existing hwdb with name signal_detect_bd_wrapper_0
TRACE::2026-04-26.18:17:08::SCWPlatform::Opened existing hwdb signal_detect_bd_wrapper_0
TRACE::2026-04-26.18:17:08::SCWPlatform::Found the Hw Db part of the input DSA
TRACE::2026-04-26.18:17:08::SCWMssOS::Checking the sw design at  C:/Users/suren/Documents/ECE_520/Final_Project/Sandbox/signal_detect_vitis/signal_detect_platform/zynq_fsbl/zynq_fsbl_bsp/system.mss
TRACE::2026-04-26.18:17:08::SCWMssOS::DEBUG:  swdes dump  
TRACE::2026-04-26.18:17:08::SCWMssOS::No sw design opened at  C:/Users/suren/Documents/ECE_520/Final_Project/Sandbox/signal_detect_vitis/signal_detect_platform/zynq_fsbl/zynq_fsbl_bsp/system.mss
TRACE::2026-04-26.18:17:08::SCWMssOS::mss does not exists at C:/Users/suren/Documents/ECE_520/Final_Project/Sandbox/signal_detect_vitis/signal_detect_platform/zynq_fsbl/zynq_fsbl_bsp/system.mss
TRACE::2026-04-26.18:17:08::SCWMssOS::Creating sw design at  C:/Users/suren/Documents/ECE_520/Final_Project/Sandbox/signal_detect_vitis/signal_detect_platform/zynq_fsbl/zynq_fsbl_bsp/system.mss
TRACE::2026-04-26.18:17:08::SCWMssOS::Adding the swdes entry, created swdb C:/Users/suren/Documents/ECE_520/Final_Project/Sandbox/signal_detect_vitis/signal_detect_platform/zynq_fsbl/zynq_fsbl_bsp/system.mss with des name C:/Users/suren/Documents/ECE_520/Final_Project/Sandbox/signal_detect_vitis/signal_detect_platform/zynq_fsbl/zynq_fsbl_bsp/system.mss
TRACE::2026-04-26.18:17:08::SCWMssOS::updating the scw layer changes to swdes at   C:/Users/suren/Documents/ECE_520/Final_Project/Sandbox/signal_detect_vitis/signal_detect_platform/zynq_fsbl/zynq_fsbl_bsp/system.mss
TRACE::2026-04-26.18:17:08::SCWMssOS::Writing mss at C:/Users/suren/Documents/ECE_520/Final_Project/Sandbox/signal_detect_vitis/signal_detect_platform/zynq_fsbl/zynq_fsbl_bsp/system.mss
TRACE::2026-04-26.18:17:08::SCWMssOS::Completed writing the mss file at C:/Users/suren/Documents/ECE_520/Final_Project/Sandbox/signal_detect_vitis/signal_detect_platform/zynq_fsbl/zynq_fsbl_bsp
TRACE::2026-04-26.18:17:08::SCWMssOS::Picking up changes from newly written mss file into SCW Layer. 
TRACE::2026-04-26.18:17:08::SCWMssOS::Updated the changes from newly written mss file into SCW Layer. 
TRACE::2026-04-26.18:17:08::SCWBDomain::Completed writing the mss file at C:/Users/suren/Documents/ECE_520/Final_Project/Sandbox/signal_detect_vitis/signal_detect_platform/zynq_fsbl/zynq_fsbl_bsp
TRACE::2026-04-26.18:17:16::SCWPlatform::Generating sources Done.
TRACE::2026-04-26.18:17:16::SCWPlatform::Trying to open the hw design at C:/Users/suren/Documents/ECE_520/Final_Project/Sandbox/signal_detect_vitis/signal_detect_platform/hw/signal_detect_bd_wrapper.xsa
TRACE::2026-04-26.18:17:16::SCWPlatform::DSA given C:/Users/suren/Documents/ECE_520/Final_Project/Sandbox/signal_detect_vitis/signal_detect_platform/hw/signal_detect_bd_wrapper.xsa
TRACE::2026-04-26.18:17:16::SCWPlatform::DSA absoulate path C:/Users/suren/Documents/ECE_520/Final_Project/Sandbox/signal_detect_vitis/signal_detect_platform/hw/signal_detect_bd_wrapper.xsa
TRACE::2026-04-26.18:17:16::SCWPlatform::DSA directory C:/Users/suren/Documents/ECE_520/Final_Project/Sandbox/signal_detect_vitis/signal_detect_platform/hw
TRACE::2026-04-26.18:17:16::SCWPlatform:: Platform Path C:/Users/suren/Documents/ECE_520/Final_Project/Sandbox/signal_detect_vitis/signal_detect_platform/hw/signal_detect_bd_wrapper.xsa
TRACE::2026-04-26.18:17:16::SCWPlatform:: Unique name xilinx:zybo-z7-10::0.0
TRACE::2026-04-26.18:17:16::SCWPlatform::Trying to set the existing hwdb with name signal_detect_bd_wrapper_0
TRACE::2026-04-26.18:17:16::SCWPlatform::Opened existing hwdb signal_detect_bd_wrapper_0
TRACE::2026-04-26.18:17:16::SCWPlatform::Found the Hw Db part of the input DSA
TRACE::2026-04-26.18:17:16::SCWMssOS::Checking the sw design at  C:/Users/suren/Documents/ECE_520/Final_Project/Sandbox/signal_detect_vitis/signal_detect_platform/zynq_fsbl/zynq_fsbl_bsp/system.mss
TRACE::2026-04-26.18:17:16::SCWMssOS::DEBUG:  swdes dump  
TRACE::2026-04-26.18:17:16::SCWMssOS::No sw design opened at  C:/Users/suren/Documents/ECE_520/Final_Project/Sandbox/signal_detect_vitis/signal_detect_platform/zynq_fsbl/zynq_fsbl_bsp/system.mss
TRACE::2026-04-26.18:17:16::SCWMssOS::mss exists loading the mss file  C:/Users/suren/Documents/ECE_520/Final_Project/Sandbox/signal_detect_vitis/signal_detect_platform/zynq_fsbl/zynq_fsbl_bsp/system.mss
TRACE::2026-04-26.18:17:16::SCWMssOS::Opened the sw design from mss  C:/Users/suren/Documents/ECE_520/Final_Project/Sandbox/signal_detect_vitis/signal_detect_platform/zynq_fsbl/zynq_fsbl_bsp/system.mss
TRACE::2026-04-26.18:17:16::SCWMssOS::Adding the swdes entry C:/Users/suren/Documents/ECE_520/Final_Project/Sandbox/signal_detect_vitis/signal_detect_platform/zynq_fsbl/zynq_fsbl_bsp/system.mss with des name system
TRACE::2026-04-26.18:17:16::SCWMssOS::updating the scw layer about changes
TRACE::2026-04-26.18:17:16::SCWMssOS::Opened the sw design.  C:/Users/suren/Documents/ECE_520/Final_Project/Sandbox/signal_detect_vitis/signal_detect_platform/zynq_fsbl/zynq_fsbl_bsp/system.mss
TRACE::2026-04-26.18:17:16::SCWMssOS::Saving the mss changes C:/Users/suren/Documents/ECE_520/Final_Project/Sandbox/signal_detect_vitis/signal_detect_platform/zynq_fsbl/zynq_fsbl_bsp/system.mss
TRACE::2026-04-26.18:17:16::SCWMssOS::Found a swdesign opened with the mssfile.
TRACE::2026-04-26.18:17:16::SCWMssOS::Completed writemss as part of save.
TRACE::2026-04-26.18:17:16::SCWMssOS::Commit changes completed.
TRACE::2026-04-26.18:17:16::SCWPlatform::Trying to open the hw design at C:/Users/suren/Documents/ECE_520/Final_Project/Sandbox/signal_detect_vitis/signal_detect_platform/hw/signal_detect_bd_wrapper.xsa
TRACE::2026-04-26.18:17:16::SCWPlatform::DSA given C:/Users/suren/Documents/ECE_520/Final_Project/Sandbox/signal_detect_vitis/signal_detect_platform/hw/signal_detect_bd_wrapper.xsa
TRACE::2026-04-26.18:17:16::SCWPlatform::DSA absoulate path C:/Users/suren/Documents/ECE_520/Final_Project/Sandbox/signal_detect_vitis/signal_detect_platform/hw/signal_detect_bd_wrapper.xsa
TRACE::2026-04-26.18:17:16::SCWPlatform::DSA directory C:/Users/suren/Documents/ECE_520/Final_Project/Sandbox/signal_detect_vitis/signal_detect_platform/hw
TRACE::2026-04-26.18:17:16::SCWPlatform:: Platform Path C:/Users/suren/Documents/ECE_520/Final_Project/Sandbox/signal_detect_vitis/signal_detect_platform/hw/signal_detect_bd_wrapper.xsa
TRACE::2026-04-26.18:17:16::SCWPlatform:: Unique name xilinx:zybo-z7-10::0.0
TRACE::2026-04-26.18:17:16::SCWPlatform::Trying to set the existing hwdb with name signal_detect_bd_wrapper_0
TRACE::2026-04-26.18:17:16::SCWPlatform::Opened existing hwdb signal_detect_bd_wrapper_0
TRACE::2026-04-26.18:17:16::SCWPlatform::Found the Hw Db part of the input DSA
TRACE::2026-04-26.18:17:16::SCWMssOS::Checking the sw design at  C:/Users/suren/Documents/ECE_520/Final_Project/Sandbox/signal_detect_vitis/signal_detect_platform/zynq_fsbl/zynq_fsbl_bsp/system.mss
TRACE::2026-04-26.18:17:16::SCWMssOS::DEBUG:  swdes dump  C:/Users/suren/Documents/ECE_520/Final_Project/Sandbox/signal_detect_vitis/signal_detect_platform/zynq_fsbl/zynq_fsbl_bsp/system.mss|system||

TRACE::2026-04-26.18:17:16::SCWMssOS::Sw design exists and opened at  C:/Users/suren/Documents/ECE_520/Final_Project/Sandbox/signal_detect_vitis/signal_detect_platform/zynq_fsbl/zynq_fsbl_bsp/system.mss
TRACE::2026-04-26.18:17:16::SCWPlatform::Trying to open the hw design at C:/Users/suren/Documents/ECE_520/Final_Project/Sandbox/signal_detect_vitis/signal_detect_platform/hw/signal_detect_bd_wrapper.xsa
TRACE::2026-04-26.18:17:16::SCWPlatform::DSA given C:/Users/suren/Documents/ECE_520/Final_Project/Sandbox/signal_detect_vitis/signal_detect_platform/hw/signal_detect_bd_wrapper.xsa
TRACE::2026-04-26.18:17:16::SCWPlatform::DSA absoulate path C:/Users/suren/Documents/ECE_520/Final_Project/Sandbox/signal_detect_vitis/signal_detect_platform/hw/signal_detect_bd_wrapper.xsa
TRACE::2026-04-26.18:17:16::SCWPlatform::DSA directory C:/Users/suren/Documents/ECE_520/Final_Project/Sandbox/signal_detect_vitis/signal_detect_platform/hw
TRACE::2026-04-26.18:17:16::SCWPlatform:: Platform Path C:/Users/suren/Documents/ECE_520/Final_Project/Sandbox/signal_detect_vitis/signal_detect_platform/hw/signal_detect_bd_wrapper.xsa
TRACE::2026-04-26.18:17:16::SCWPlatform:: Unique name xilinx:zybo-z7-10::0.0
TRACE::2026-04-26.18:17:16::SCWPlatform::Trying to set the existing hwdb with name signal_detect_bd_wrapper_0
TRACE::2026-04-26.18:17:16::SCWPlatform::Opened existing hwdb signal_detect_bd_wrapper_0
TRACE::2026-04-26.18:17:16::SCWPlatform::Found the Hw Db part of the input DSA
TRACE::2026-04-26.18:17:16::SCWMssOS::Checking the sw design at  C:/Users/suren/Documents/ECE_520/Final_Project/Sandbox/signal_detect_vitis/signal_detect_platform/zynq_fsbl/zynq_fsbl_bsp/system.mss
TRACE::2026-04-26.18:17:16::SCWMssOS::DEBUG:  swdes dump  C:/Users/suren/Documents/ECE_520/Final_Project/Sandbox/signal_detect_vitis/signal_detect_platform/zynq_fsbl/zynq_fsbl_bsp/system.mss|system||

TRACE::2026-04-26.18:17:16::SCWMssOS::Sw design exists and opened at  C:/Users/suren/Documents/ECE_520/Final_Project/Sandbox/signal_detect_vitis/signal_detect_platform/zynq_fsbl/zynq_fsbl_bsp/system.mss
TRACE::2026-04-26.18:17:16::SCWPlatform::Trying to open the hw design at C:/Users/suren/Documents/ECE_520/Final_Project/Sandbox/signal_detect_vitis/signal_detect_platform/hw/signal_detect_bd_wrapper.xsa
TRACE::2026-04-26.18:17:16::SCWPlatform::DSA given C:/Users/suren/Documents/ECE_520/Final_Project/Sandbox/signal_detect_vitis/signal_detect_platform/hw/signal_detect_bd_wrapper.xsa
TRACE::2026-04-26.18:17:16::SCWPlatform::DSA absoulate path C:/Users/suren/Documents/ECE_520/Final_Project/Sandbox/signal_detect_vitis/signal_detect_platform/hw/signal_detect_bd_wrapper.xsa
TRACE::2026-04-26.18:17:16::SCWPlatform::DSA directory C:/Users/suren/Documents/ECE_520/Final_Project/Sandbox/signal_detect_vitis/signal_detect_platform/hw
TRACE::2026-04-26.18:17:16::SCWPlatform:: Platform Path C:/Users/suren/Documents/ECE_520/Final_Project/Sandbox/signal_detect_vitis/signal_detect_platform/hw/signal_detect_bd_wrapper.xsa
TRACE::2026-04-26.18:17:16::SCWPlatform:: Unique name xilinx:zybo-z7-10::0.0
TRACE::2026-04-26.18:17:16::SCWPlatform::Trying to set the existing hwdb with name signal_detect_bd_wrapper_0
TRACE::2026-04-26.18:17:16::SCWPlatform::Opened existing hwdb signal_detect_bd_wrapper_0
TRACE::2026-04-26.18:17:16::SCWPlatform::Found the Hw Db part of the input DSA
TRACE::2026-04-26.18:17:16::SCWMssOS::Checking the sw design at  C:/Users/suren/Documents/ECE_520/Final_Project/Sandbox/signal_detect_vitis/signal_detect_platform/zynq_fsbl/zynq_fsbl_bsp/system.mss
TRACE::2026-04-26.18:17:16::SCWMssOS::DEBUG:  swdes dump  C:/Users/suren/Documents/ECE_520/Final_Project/Sandbox/signal_detect_vitis/signal_detect_platform/zynq_fsbl/zynq_fsbl_bsp/system.mss|system||

TRACE::2026-04-26.18:17:16::SCWMssOS::Sw design exists and opened at  C:/Users/suren/Documents/ECE_520/Final_Project/Sandbox/signal_detect_vitis/signal_detect_platform/zynq_fsbl/zynq_fsbl_bsp/system.mss
TRACE::2026-04-26.18:17:16::SCWWriter::formatted JSON is {
	"platformName":	"signal_detect_platform",
	"sprVersion":	"2.0",
	"mode":	"gui",
	"dsaType":	"Fixed",
	"platformDesc":	"signal_detect_platform",
	"platHandOff":	"C:/Users/suren/Documents/ECE_520/Final_Project/Sandbox/signal_detect_sb/signal_detect_bd_wrapper.xsa",
	"platIntHandOff":	"<platformDir>/hw/signal_detect_bd_wrapper.xsa",
	"deviceType":	"zynq",
	"platIsPrebuiltAutogen":	"false",
	"platIsNoBootBsp":	"false",
	"platFsblTarget":	"ps7_cortexa9_0",
	"hasFsblMakeHasChanges":	"false",
	"hasPmufwMakeHasChanges":	"false",
	"fsblExtraCompilerFlags":	"-MMD -MP       -mcpu=cortex-a9 -mfpu=vfpv3 -mfloat-abi=hard ",
	"platPreBuiltFlag":	false,
	"platformSamplesDir":	"",
	"platActiveSys":	"signal_detect_platform",
	"systems":	[{
			"systemName":	"signal_detect_platform",
			"systemDesc":	"signal_detect_platform",
			"sysIsBootAutoGen":	"true",
			"systemDispName":	"signal_detect_platform",
			"sysActiveDom":	"zynq_fsbl",
			"sysDefaultDom":	"",
			"domains":	[{
					"domainName":	"zynq_fsbl",
					"domainDispName":	"zynq_fsbl",
					"domainDesc":	"FSBL Application BSP - Auto Generated.",
					"processors":	"ps7_cortexa9_0",
					"os":	"standalone",
					"sdxOs":	"standalone",
					"debugEnable":	"",
					"domRuntimes":	["cpp"],
					"swRepo":	"",
					"mssOsVer":	"8.1",
					"mssFile":	"",
					"md5Digest":	"24e81f5df4a1b28986eb4269e22351fe",
					"compatibleApp":	"zynq_fsbl",
					"domType":	"bootDomain",
					"arch":	"32-bit",
					"appSettings":	{
						"appCompilerFlags":	"",
						"appLinkerFlags":	""
					},
					"addedLibs":	["xilffs:5.0", "xilrsa:1.6"],
					"libOptions":	{
						"libsContainingOptions":	[]
					},
					"prebuiltLibs":	{
						"prebuiltIncPath":	[],
						"prebuiltLibPath":	[]
					},
					"isolation":	{
					}
				}]
		}]
}
TRACE::2026-04-26.18:17:16::SCWPlatform::Trying to open the hw design at C:/Users/suren/Documents/ECE_520/Final_Project/Sandbox/signal_detect_vitis/signal_detect_platform/hw/signal_detect_bd_wrapper.xsa
TRACE::2026-04-26.18:17:16::SCWPlatform::DSA given C:/Users/suren/Documents/ECE_520/Final_Project/Sandbox/signal_detect_vitis/signal_detect_platform/hw/signal_detect_bd_wrapper.xsa
TRACE::2026-04-26.18:17:16::SCWPlatform::DSA absoulate path C:/Users/suren/Documents/ECE_520/Final_Project/Sandbox/signal_detect_vitis/signal_detect_platform/hw/signal_detect_bd_wrapper.xsa
TRACE::2026-04-26.18:17:16::SCWPlatform::DSA directory C:/Users/suren/Documents/ECE_520/Final_Project/Sandbox/signal_detect_vitis/signal_detect_platform/hw
TRACE::2026-04-26.18:17:16::SCWPlatform:: Platform Path C:/Users/suren/Documents/ECE_520/Final_Project/Sandbox/signal_detect_vitis/signal_detect_platform/hw/signal_detect_bd_wrapper.xsa
TRACE::2026-04-26.18:17:16::SCWPlatform:: Unique name xilinx:zybo-z7-10::0.0
TRACE::2026-04-26.18:17:16::SCWPlatform::Trying to set the existing hwdb with name signal_detect_bd_wrapper_0
TRACE::2026-04-26.18:17:16::SCWPlatform::Opened existing hwdb signal_detect_bd_wrapper_0
TRACE::2026-04-26.18:17:16::SCWPlatform::Found the Hw Db part of the input DSA
TRACE::2026-04-26.18:17:16::SCWPlatform::Trying to open the hw design at C:/Users/suren/Documents/ECE_520/Final_Project/Sandbox/signal_detect_vitis/signal_detect_platform/hw/signal_detect_bd_wrapper.xsa
TRACE::2026-04-26.18:17:16::SCWPlatform::DSA given C:/Users/suren/Documents/ECE_520/Final_Project/Sandbox/signal_detect_vitis/signal_detect_platform/hw/signal_detect_bd_wrapper.xsa
TRACE::2026-04-26.18:17:16::SCWPlatform::DSA absoulate path C:/Users/suren/Documents/ECE_520/Final_Project/Sandbox/signal_detect_vitis/signal_detect_platform/hw/signal_detect_bd_wrapper.xsa
TRACE::2026-04-26.18:17:16::SCWPlatform::DSA directory C:/Users/suren/Documents/ECE_520/Final_Project/Sandbox/signal_detect_vitis/signal_detect_platform/hw
TRACE::2026-04-26.18:17:16::SCWPlatform:: Platform Path C:/Users/suren/Documents/ECE_520/Final_Project/Sandbox/signal_detect_vitis/signal_detect_platform/hw/signal_detect_bd_wrapper.xsa
TRACE::2026-04-26.18:17:16::SCWPlatform:: Unique name xilinx:zybo-z7-10::0.0
TRACE::2026-04-26.18:17:16::SCWPlatform::Trying to set the existing hwdb with name signal_detect_bd_wrapper_0
TRACE::2026-04-26.18:17:16::SCWPlatform::Opened existing hwdb signal_detect_bd_wrapper_0
TRACE::2026-04-26.18:17:16::SCWPlatform::Found the Hw Db part of the input DSA
TRACE::2026-04-26.18:17:16::SCWDomain::checking for install qemu data   : 
TRACE::2026-04-26.18:17:16::SCWDomain:: Using the QEMU Data from install at  : C:/Xilinx/Vitis/2023.1/data/emulation/platforms/zynq/sw/a9_standalone/qemu/
TRACE::2026-04-26.18:17:16::SCWDomain:: Using the QEMU args  from install at  : C:/Xilinx/Vitis/2023.1/data/emulation/platforms/zynq/sw/a9_standalone/qemu/qemu_args.txt
TRACE::2026-04-26.18:17:16::SCWPlatform::Trying to open the hw design at C:/Users/suren/Documents/ECE_520/Final_Project/Sandbox/signal_detect_vitis/signal_detect_platform/hw/signal_detect_bd_wrapper.xsa
TRACE::2026-04-26.18:17:16::SCWPlatform::DSA given C:/Users/suren/Documents/ECE_520/Final_Project/Sandbox/signal_detect_vitis/signal_detect_platform/hw/signal_detect_bd_wrapper.xsa
TRACE::2026-04-26.18:17:16::SCWPlatform::DSA absoulate path C:/Users/suren/Documents/ECE_520/Final_Project/Sandbox/signal_detect_vitis/signal_detect_platform/hw/signal_detect_bd_wrapper.xsa
TRACE::2026-04-26.18:17:16::SCWPlatform::DSA directory C:/Users/suren/Documents/ECE_520/Final_Project/Sandbox/signal_detect_vitis/signal_detect_platform/hw
TRACE::2026-04-26.18:17:16::SCWPlatform:: Platform Path C:/Users/suren/Documents/ECE_520/Final_Project/Sandbox/signal_detect_vitis/signal_detect_platform/hw/signal_detect_bd_wrapper.xsa
TRACE::2026-04-26.18:17:16::SCWPlatform:: Unique name xilinx:zybo-z7-10::0.0
TRACE::2026-04-26.18:17:16::SCWPlatform::Trying to set the existing hwdb with name signal_detect_bd_wrapper_0
TRACE::2026-04-26.18:17:16::SCWPlatform::Opened existing hwdb signal_detect_bd_wrapper_0
TRACE::2026-04-26.18:17:16::SCWPlatform::Found the Hw Db part of the input DSA
TRACE::2026-04-26.18:17:16::SCWPlatform::Trying to open the hw design at C:/Users/suren/Documents/ECE_520/Final_Project/Sandbox/signal_detect_vitis/signal_detect_platform/hw/signal_detect_bd_wrapper.xsa
TRACE::2026-04-26.18:17:16::SCWPlatform::DSA given C:/Users/suren/Documents/ECE_520/Final_Project/Sandbox/signal_detect_vitis/signal_detect_platform/hw/signal_detect_bd_wrapper.xsa
TRACE::2026-04-26.18:17:16::SCWPlatform::DSA absoulate path C:/Users/suren/Documents/ECE_520/Final_Project/Sandbox/signal_detect_vitis/signal_detect_platform/hw/signal_detect_bd_wrapper.xsa
TRACE::2026-04-26.18:17:16::SCWPlatform::DSA directory C:/Users/suren/Documents/ECE_520/Final_Project/Sandbox/signal_detect_vitis/signal_detect_platform/hw
TRACE::2026-04-26.18:17:16::SCWPlatform:: Platform Path C:/Users/suren/Documents/ECE_520/Final_Project/Sandbox/signal_detect_vitis/signal_detect_platform/hw/signal_detect_bd_wrapper.xsa
TRACE::2026-04-26.18:17:16::SCWPlatform:: Unique name xilinx:zybo-z7-10::0.0
TRACE::2026-04-26.18:17:16::SCWPlatform::Trying to set the existing hwdb with name signal_detect_bd_wrapper_0
TRACE::2026-04-26.18:17:16::SCWPlatform::Opened existing hwdb signal_detect_bd_wrapper_0
TRACE::2026-04-26.18:17:16::SCWPlatform::Found the Hw Db part of the input DSA
TRACE::2026-04-26.18:17:16::SCWDomain::Qemu Directory name is changed from "" to "qemu"
TRACE::2026-04-26.18:17:16::SCWPlatform::Trying to open the hw design at C:/Users/suren/Documents/ECE_520/Final_Project/Sandbox/signal_detect_vitis/signal_detect_platform/hw/signal_detect_bd_wrapper.xsa
TRACE::2026-04-26.18:17:16::SCWPlatform::DSA given C:/Users/suren/Documents/ECE_520/Final_Project/Sandbox/signal_detect_vitis/signal_detect_platform/hw/signal_detect_bd_wrapper.xsa
TRACE::2026-04-26.18:17:16::SCWPlatform::DSA absoulate path C:/Users/suren/Documents/ECE_520/Final_Project/Sandbox/signal_detect_vitis/signal_detect_platform/hw/signal_detect_bd_wrapper.xsa
TRACE::2026-04-26.18:17:16::SCWPlatform::DSA directory C:/Users/suren/Documents/ECE_520/Final_Project/Sandbox/signal_detect_vitis/signal_detect_platform/hw
TRACE::2026-04-26.18:17:16::SCWPlatform:: Platform Path C:/Users/suren/Documents/ECE_520/Final_Project/Sandbox/signal_detect_vitis/signal_detect_platform/hw/signal_detect_bd_wrapper.xsa
TRACE::2026-04-26.18:17:16::SCWPlatform:: Unique name xilinx:zybo-z7-10::0.0
TRACE::2026-04-26.18:17:16::SCWPlatform::Trying to set the existing hwdb with name signal_detect_bd_wrapper_0
TRACE::2026-04-26.18:17:16::SCWPlatform::Opened existing hwdb signal_detect_bd_wrapper_0
TRACE::2026-04-26.18:17:16::SCWPlatform::Found the Hw Db part of the input DSA
TRACE::2026-04-26.18:17:16::SCWMssOS::Checking the sw design at  C:/Users/suren/Documents/ECE_520/Final_Project/Sandbox/signal_detect_vitis/signal_detect_platform/ps7_cortexa9_0/standalone_domain/bsp/system.mss
TRACE::2026-04-26.18:17:16::SCWMssOS::DEBUG:  swdes dump  C:/Users/suren/Documents/ECE_520/Final_Project/Sandbox/signal_detect_vitis/signal_detect_platform/zynq_fsbl/zynq_fsbl_bsp/system.mss|system||

TRACE::2026-04-26.18:17:16::SCWMssOS::No sw design opened at  C:/Users/suren/Documents/ECE_520/Final_Project/Sandbox/signal_detect_vitis/signal_detect_platform/ps7_cortexa9_0/standalone_domain/bsp/system.mss
TRACE::2026-04-26.18:17:16::SCWMssOS::mss does not exists at C:/Users/suren/Documents/ECE_520/Final_Project/Sandbox/signal_detect_vitis/signal_detect_platform/ps7_cortexa9_0/standalone_domain/bsp/system.mss
TRACE::2026-04-26.18:17:16::SCWMssOS::Creating sw design at  C:/Users/suren/Documents/ECE_520/Final_Project/Sandbox/signal_detect_vitis/signal_detect_platform/ps7_cortexa9_0/standalone_domain/bsp/system.mss
TRACE::2026-04-26.18:17:16::SCWMssOS::Adding the swdes entry, created swdb C:/Users/suren/Documents/ECE_520/Final_Project/Sandbox/signal_detect_vitis/signal_detect_platform/ps7_cortexa9_0/standalone_domain/bsp/system.mss with des name C:/Users/suren/Documents/ECE_520/Final_Project/Sandbox/signal_detect_vitis/signal_detect_platform/ps7_cortexa9_0/standalone_domain/bsp/system.mss
TRACE::2026-04-26.18:17:16::SCWMssOS::updating the scw layer changes to swdes at   C:/Users/suren/Documents/ECE_520/Final_Project/Sandbox/signal_detect_vitis/signal_detect_platform/ps7_cortexa9_0/standalone_domain/bsp/system.mss
TRACE::2026-04-26.18:17:16::SCWMssOS::Writing mss at C:/Users/suren/Documents/ECE_520/Final_Project/Sandbox/signal_detect_vitis/signal_detect_platform/ps7_cortexa9_0/standalone_domain/bsp/system.mss
TRACE::2026-04-26.18:17:16::SCWMssOS::Completed writing the mss file at C:/Users/suren/Documents/ECE_520/Final_Project/Sandbox/signal_detect_vitis/signal_detect_platform/ps7_cortexa9_0/standalone_domain/bsp
TRACE::2026-04-26.18:17:16::SCWMssOS::Picking up changes from newly written mss file into SCW Layer. 
TRACE::2026-04-26.18:17:16::SCWMssOS::Updated the changes from newly written mss file into SCW Layer. 
TRACE::2026-04-26.18:17:16::SCWMssOS::Completed writing the mss file at C:/Users/suren/Documents/ECE_520/Final_Project/Sandbox/signal_detect_vitis/signal_detect_platform/ps7_cortexa9_0/standalone_domain/bsp
TRACE::2026-04-26.18:17:16::SCWMssOS::Forcing BSP Sources regeneration.
TRACE::2026-04-26.18:17:17::SCWMssOS::Saving the mss changes C:/Users/suren/Documents/ECE_520/Final_Project/Sandbox/signal_detect_vitis/signal_detect_platform/zynq_fsbl/zynq_fsbl_bsp/system.mss
TRACE::2026-04-26.18:17:17::SCWMssOS::Found a swdesign opened with the mssfile.
TRACE::2026-04-26.18:17:17::SCWMssOS::Completed writemss as part of save.
TRACE::2026-04-26.18:17:17::SCWMssOS::Commit changes completed.
TRACE::2026-04-26.18:17:17::SCWMssOS::Saving the mss changes C:/Users/suren/Documents/ECE_520/Final_Project/Sandbox/signal_detect_vitis/signal_detect_platform/ps7_cortexa9_0/standalone_domain/bsp/system.mss
TRACE::2026-04-26.18:17:17::SCWMssOS::Adding the swdes entry, mss present, able to open swdb C:/Users/suren/Documents/ECE_520/Final_Project/Sandbox/signal_detect_vitis/signal_detect_platform/ps7_cortexa9_0/standalone_domain/bsp/system.mss with des name system_0
TRACE::2026-04-26.18:17:17::SCWMssOS::Writing the mss file completed C:/Users/suren/Documents/ECE_520/Final_Project/Sandbox/signal_detect_vitis/signal_detect_platform/ps7_cortexa9_0/standalone_domain/bsp/system.mss
TRACE::2026-04-26.18:17:17::SCWMssOS::Commit changes completed.
TRACE::2026-04-26.18:17:17::SCWPlatform::Trying to open the hw design at C:/Users/suren/Documents/ECE_520/Final_Project/Sandbox/signal_detect_vitis/signal_detect_platform/hw/signal_detect_bd_wrapper.xsa
TRACE::2026-04-26.18:17:17::SCWPlatform::DSA given C:/Users/suren/Documents/ECE_520/Final_Project/Sandbox/signal_detect_vitis/signal_detect_platform/hw/signal_detect_bd_wrapper.xsa
TRACE::2026-04-26.18:17:17::SCWPlatform::DSA absoulate path C:/Users/suren/Documents/ECE_520/Final_Project/Sandbox/signal_detect_vitis/signal_detect_platform/hw/signal_detect_bd_wrapper.xsa
TRACE::2026-04-26.18:17:17::SCWPlatform::DSA directory C:/Users/suren/Documents/ECE_520/Final_Project/Sandbox/signal_detect_vitis/signal_detect_platform/hw
TRACE::2026-04-26.18:17:17::SCWPlatform:: Platform Path C:/Users/suren/Documents/ECE_520/Final_Project/Sandbox/signal_detect_vitis/signal_detect_platform/hw/signal_detect_bd_wrapper.xsa
TRACE::2026-04-26.18:17:17::SCWPlatform:: Unique name xilinx:zybo-z7-10::0.0
TRACE::2026-04-26.18:17:17::SCWPlatform::Trying to set the existing hwdb with name signal_detect_bd_wrapper_0
TRACE::2026-04-26.18:17:17::SCWPlatform::Opened existing hwdb signal_detect_bd_wrapper_0
TRACE::2026-04-26.18:17:17::SCWPlatform::Found the Hw Db part of the input DSA
TRACE::2026-04-26.18:17:17::SCWMssOS::Checking the sw design at  C:/Users/suren/Documents/ECE_520/Final_Project/Sandbox/signal_detect_vitis/signal_detect_platform/zynq_fsbl/zynq_fsbl_bsp/system.mss
TRACE::2026-04-26.18:17:17::SCWMssOS::DEBUG:  swdes dump  C:/Users/suren/Documents/ECE_520/Final_Project/Sandbox/signal_detect_vitis/signal_detect_platform/ps7_cortexa9_0/standalone_domain/bsp/system.mss|system_0||
C:/Users/suren/Documents/ECE_520/Final_Project/Sandbox/signal_detect_vitis/signal_detect_platform/zynq_fsbl/zynq_fsbl_bsp/system.mss|system||

TRACE::2026-04-26.18:17:17::SCWMssOS::Sw design exists and opened at  C:/Users/suren/Documents/ECE_520/Final_Project/Sandbox/signal_detect_vitis/signal_detect_platform/zynq_fsbl/zynq_fsbl_bsp/system.mss
TRACE::2026-04-26.18:17:17::SCWPlatform::Trying to open the hw design at C:/Users/suren/Documents/ECE_520/Final_Project/Sandbox/signal_detect_vitis/signal_detect_platform/hw/signal_detect_bd_wrapper.xsa
TRACE::2026-04-26.18:17:17::SCWPlatform::DSA given C:/Users/suren/Documents/ECE_520/Final_Project/Sandbox/signal_detect_vitis/signal_detect_platform/hw/signal_detect_bd_wrapper.xsa
TRACE::2026-04-26.18:17:17::SCWPlatform::DSA absoulate path C:/Users/suren/Documents/ECE_520/Final_Project/Sandbox/signal_detect_vitis/signal_detect_platform/hw/signal_detect_bd_wrapper.xsa
TRACE::2026-04-26.18:17:17::SCWPlatform::DSA directory C:/Users/suren/Documents/ECE_520/Final_Project/Sandbox/signal_detect_vitis/signal_detect_platform/hw
TRACE::2026-04-26.18:17:17::SCWPlatform:: Platform Path C:/Users/suren/Documents/ECE_520/Final_Project/Sandbox/signal_detect_vitis/signal_detect_platform/hw/signal_detect_bd_wrapper.xsa
TRACE::2026-04-26.18:17:17::SCWPlatform:: Unique name xilinx:zybo-z7-10::0.0
TRACE::2026-04-26.18:17:17::SCWPlatform::Trying to set the existing hwdb with name signal_detect_bd_wrapper_0
TRACE::2026-04-26.18:17:17::SCWPlatform::Opened existing hwdb signal_detect_bd_wrapper_0
TRACE::2026-04-26.18:17:17::SCWPlatform::Found the Hw Db part of the input DSA
TRACE::2026-04-26.18:17:17::SCWMssOS::Checking the sw design at  C:/Users/suren/Documents/ECE_520/Final_Project/Sandbox/signal_detect_vitis/signal_detect_platform/zynq_fsbl/zynq_fsbl_bsp/system.mss
TRACE::2026-04-26.18:17:17::SCWMssOS::DEBUG:  swdes dump  C:/Users/suren/Documents/ECE_520/Final_Project/Sandbox/signal_detect_vitis/signal_detect_platform/ps7_cortexa9_0/standalone_domain/bsp/system.mss|system_0||
C:/Users/suren/Documents/ECE_520/Final_Project/Sandbox/signal_detect_vitis/signal_detect_platform/zynq_fsbl/zynq_fsbl_bsp/system.mss|system||

TRACE::2026-04-26.18:17:17::SCWMssOS::Sw design exists and opened at  C:/Users/suren/Documents/ECE_520/Final_Project/Sandbox/signal_detect_vitis/signal_detect_platform/zynq_fsbl/zynq_fsbl_bsp/system.mss
TRACE::2026-04-26.18:17:17::SCWPlatform::Trying to open the hw design at C:/Users/suren/Documents/ECE_520/Final_Project/Sandbox/signal_detect_vitis/signal_detect_platform/hw/signal_detect_bd_wrapper.xsa
TRACE::2026-04-26.18:17:17::SCWPlatform::DSA given C:/Users/suren/Documents/ECE_520/Final_Project/Sandbox/signal_detect_vitis/signal_detect_platform/hw/signal_detect_bd_wrapper.xsa
TRACE::2026-04-26.18:17:17::SCWPlatform::DSA absoulate path C:/Users/suren/Documents/ECE_520/Final_Project/Sandbox/signal_detect_vitis/signal_detect_platform/hw/signal_detect_bd_wrapper.xsa
TRACE::2026-04-26.18:17:17::SCWPlatform::DSA directory C:/Users/suren/Documents/ECE_520/Final_Project/Sandbox/signal_detect_vitis/signal_detect_platform/hw
TRACE::2026-04-26.18:17:17::SCWPlatform:: Platform Path C:/Users/suren/Documents/ECE_520/Final_Project/Sandbox/signal_detect_vitis/signal_detect_platform/hw/signal_detect_bd_wrapper.xsa
TRACE::2026-04-26.18:17:17::SCWPlatform:: Unique name xilinx:zybo-z7-10::0.0
TRACE::2026-04-26.18:17:17::SCWPlatform::Trying to set the existing hwdb with name signal_detect_bd_wrapper_0
TRACE::2026-04-26.18:17:17::SCWPlatform::Opened existing hwdb signal_detect_bd_wrapper_0
TRACE::2026-04-26.18:17:17::SCWPlatform::Found the Hw Db part of the input DSA
TRACE::2026-04-26.18:17:17::SCWMssOS::Checking the sw design at  C:/Users/suren/Documents/ECE_520/Final_Project/Sandbox/signal_detect_vitis/signal_detect_platform/zynq_fsbl/zynq_fsbl_bsp/system.mss
TRACE::2026-04-26.18:17:17::SCWMssOS::DEBUG:  swdes dump  C:/Users/suren/Documents/ECE_520/Final_Project/Sandbox/signal_detect_vitis/signal_detect_platform/ps7_cortexa9_0/standalone_domain/bsp/system.mss|system_0||
C:/Users/suren/Documents/ECE_520/Final_Project/Sandbox/signal_detect_vitis/signal_detect_platform/zynq_fsbl/zynq_fsbl_bsp/system.mss|system||

TRACE::2026-04-26.18:17:17::SCWMssOS::Sw design exists and opened at  C:/Users/suren/Documents/ECE_520/Final_Project/Sandbox/signal_detect_vitis/signal_detect_platform/zynq_fsbl/zynq_fsbl_bsp/system.mss
TRACE::2026-04-26.18:17:17::SCWPlatform::Trying to open the hw design at C:/Users/suren/Documents/ECE_520/Final_Project/Sandbox/signal_detect_vitis/signal_detect_platform/hw/signal_detect_bd_wrapper.xsa
TRACE::2026-04-26.18:17:17::SCWPlatform::DSA given C:/Users/suren/Documents/ECE_520/Final_Project/Sandbox/signal_detect_vitis/signal_detect_platform/hw/signal_detect_bd_wrapper.xsa
TRACE::2026-04-26.18:17:17::SCWPlatform::DSA absoulate path C:/Users/suren/Documents/ECE_520/Final_Project/Sandbox/signal_detect_vitis/signal_detect_platform/hw/signal_detect_bd_wrapper.xsa
TRACE::2026-04-26.18:17:17::SCWPlatform::DSA directory C:/Users/suren/Documents/ECE_520/Final_Project/Sandbox/signal_detect_vitis/signal_detect_platform/hw
TRACE::2026-04-26.18:17:17::SCWPlatform:: Platform Path C:/Users/suren/Documents/ECE_520/Final_Project/Sandbox/signal_detect_vitis/signal_detect_platform/hw/signal_detect_bd_wrapper.xsa
TRACE::2026-04-26.18:17:17::SCWPlatform:: Unique name xilinx:zybo-z7-10::0.0
TRACE::2026-04-26.18:17:17::SCWPlatform::Trying to set the existing hwdb with name signal_detect_bd_wrapper_0
TRACE::2026-04-26.18:17:17::SCWPlatform::Opened existing hwdb signal_detect_bd_wrapper_0
TRACE::2026-04-26.18:17:17::SCWPlatform::Found the Hw Db part of the input DSA
TRACE::2026-04-26.18:17:17::SCWMssOS::Checking the sw design at  C:/Users/suren/Documents/ECE_520/Final_Project/Sandbox/signal_detect_vitis/signal_detect_platform/ps7_cortexa9_0/standalone_domain/bsp/system.mss
TRACE::2026-04-26.18:17:17::SCWMssOS::DEBUG:  swdes dump  C:/Users/suren/Documents/ECE_520/Final_Project/Sandbox/signal_detect_vitis/signal_detect_platform/ps7_cortexa9_0/standalone_domain/bsp/system.mss|system_0||
C:/Users/suren/Documents/ECE_520/Final_Project/Sandbox/signal_detect_vitis/signal_detect_platform/zynq_fsbl/zynq_fsbl_bsp/system.mss|system||

TRACE::2026-04-26.18:17:17::SCWMssOS::Sw design exists and opened at  C:/Users/suren/Documents/ECE_520/Final_Project/Sandbox/signal_detect_vitis/signal_detect_platform/ps7_cortexa9_0/standalone_domain/bsp/system.mss
TRACE::2026-04-26.18:17:17::SCWPlatform::Trying to open the hw design at C:/Users/suren/Documents/ECE_520/Final_Project/Sandbox/signal_detect_vitis/signal_detect_platform/hw/signal_detect_bd_wrapper.xsa
TRACE::2026-04-26.18:17:17::SCWPlatform::DSA given C:/Users/suren/Documents/ECE_520/Final_Project/Sandbox/signal_detect_vitis/signal_detect_platform/hw/signal_detect_bd_wrapper.xsa
TRACE::2026-04-26.18:17:17::SCWPlatform::DSA absoulate path C:/Users/suren/Documents/ECE_520/Final_Project/Sandbox/signal_detect_vitis/signal_detect_platform/hw/signal_detect_bd_wrapper.xsa
TRACE::2026-04-26.18:17:17::SCWPlatform::DSA directory C:/Users/suren/Documents/ECE_520/Final_Project/Sandbox/signal_detect_vitis/signal_detect_platform/hw
TRACE::2026-04-26.18:17:17::SCWPlatform:: Platform Path C:/Users/suren/Documents/ECE_520/Final_Project/Sandbox/signal_detect_vitis/signal_detect_platform/hw/signal_detect_bd_wrapper.xsa
TRACE::2026-04-26.18:17:17::SCWPlatform:: Unique name xilinx:zybo-z7-10::0.0
TRACE::2026-04-26.18:17:17::SCWPlatform::Trying to set the existing hwdb with name signal_detect_bd_wrapper_0
TRACE::2026-04-26.18:17:17::SCWPlatform::Opened existing hwdb signal_detect_bd_wrapper_0
TRACE::2026-04-26.18:17:17::SCWPlatform::Found the Hw Db part of the input DSA
TRACE::2026-04-26.18:17:17::SCWMssOS::Checking the sw design at  C:/Users/suren/Documents/ECE_520/Final_Project/Sandbox/signal_detect_vitis/signal_detect_platform/ps7_cortexa9_0/standalone_domain/bsp/system.mss
TRACE::2026-04-26.18:17:17::SCWMssOS::DEBUG:  swdes dump  C:/Users/suren/Documents/ECE_520/Final_Project/Sandbox/signal_detect_vitis/signal_detect_platform/ps7_cortexa9_0/standalone_domain/bsp/system.mss|system_0||
C:/Users/suren/Documents/ECE_520/Final_Project/Sandbox/signal_detect_vitis/signal_detect_platform/zynq_fsbl/zynq_fsbl_bsp/system.mss|system||

TRACE::2026-04-26.18:17:17::SCWMssOS::Sw design exists and opened at  C:/Users/suren/Documents/ECE_520/Final_Project/Sandbox/signal_detect_vitis/signal_detect_platform/ps7_cortexa9_0/standalone_domain/bsp/system.mss
TRACE::2026-04-26.18:17:17::SCWPlatform::Trying to open the hw design at C:/Users/suren/Documents/ECE_520/Final_Project/Sandbox/signal_detect_vitis/signal_detect_platform/hw/signal_detect_bd_wrapper.xsa
TRACE::2026-04-26.18:17:17::SCWPlatform::DSA given C:/Users/suren/Documents/ECE_520/Final_Project/Sandbox/signal_detect_vitis/signal_detect_platform/hw/signal_detect_bd_wrapper.xsa
TRACE::2026-04-26.18:17:17::SCWPlatform::DSA absoulate path C:/Users/suren/Documents/ECE_520/Final_Project/Sandbox/signal_detect_vitis/signal_detect_platform/hw/signal_detect_bd_wrapper.xsa
TRACE::2026-04-26.18:17:17::SCWPlatform::DSA directory C:/Users/suren/Documents/ECE_520/Final_Project/Sandbox/signal_detect_vitis/signal_detect_platform/hw
TRACE::2026-04-26.18:17:17::SCWPlatform:: Platform Path C:/Users/suren/Documents/ECE_520/Final_Project/Sandbox/signal_detect_vitis/signal_detect_platform/hw/signal_detect_bd_wrapper.xsa
TRACE::2026-04-26.18:17:17::SCWPlatform:: Unique name xilinx:zybo-z7-10::0.0
TRACE::2026-04-26.18:17:17::SCWPlatform::Trying to set the existing hwdb with name signal_detect_bd_wrapper_0
TRACE::2026-04-26.18:17:17::SCWPlatform::Opened existing hwdb signal_detect_bd_wrapper_0
TRACE::2026-04-26.18:17:17::SCWPlatform::Found the Hw Db part of the input DSA
TRACE::2026-04-26.18:17:17::SCWMssOS::Checking the sw design at  C:/Users/suren/Documents/ECE_520/Final_Project/Sandbox/signal_detect_vitis/signal_detect_platform/ps7_cortexa9_0/standalone_domain/bsp/system.mss
TRACE::2026-04-26.18:17:17::SCWMssOS::DEBUG:  swdes dump  C:/Users/suren/Documents/ECE_520/Final_Project/Sandbox/signal_detect_vitis/signal_detect_platform/ps7_cortexa9_0/standalone_domain/bsp/system.mss|system_0||
C:/Users/suren/Documents/ECE_520/Final_Project/Sandbox/signal_detect_vitis/signal_detect_platform/zynq_fsbl/zynq_fsbl_bsp/system.mss|system||

TRACE::2026-04-26.18:17:17::SCWMssOS::Sw design exists and opened at  C:/Users/suren/Documents/ECE_520/Final_Project/Sandbox/signal_detect_vitis/signal_detect_platform/ps7_cortexa9_0/standalone_domain/bsp/system.mss
TRACE::2026-04-26.18:17:17::SCWWriter::formatted JSON is {
	"platformName":	"signal_detect_platform",
	"sprVersion":	"2.0",
	"mode":	"gui",
	"dsaType":	"Fixed",
	"platformDesc":	"signal_detect_platform",
	"platHandOff":	"C:/Users/suren/Documents/ECE_520/Final_Project/Sandbox/signal_detect_sb/signal_detect_bd_wrapper.xsa",
	"platIntHandOff":	"<platformDir>/hw/signal_detect_bd_wrapper.xsa",
	"deviceType":	"zynq",
	"platIsPrebuiltAutogen":	"false",
	"platIsNoBootBsp":	"false",
	"platFsblTarget":	"ps7_cortexa9_0",
	"hasFsblMakeHasChanges":	"false",
	"hasPmufwMakeHasChanges":	"false",
	"fsblExtraCompilerFlags":	"-MMD -MP       -mcpu=cortex-a9 -mfpu=vfpv3 -mfloat-abi=hard ",
	"platPreBuiltFlag":	false,
	"platformSamplesDir":	"",
	"platActiveSys":	"signal_detect_platform",
	"systems":	[{
			"systemName":	"signal_detect_platform",
			"systemDesc":	"signal_detect_platform",
			"sysIsBootAutoGen":	"true",
			"systemDispName":	"signal_detect_platform",
			"sysActiveDom":	"standalone_domain",
			"sysDefaultDom":	"standalone_domain",
			"domains":	[{
					"domainName":	"zynq_fsbl",
					"domainDispName":	"zynq_fsbl",
					"domainDesc":	"FSBL Application BSP - Auto Generated.",
					"processors":	"ps7_cortexa9_0",
					"os":	"standalone",
					"sdxOs":	"standalone",
					"debugEnable":	"",
					"domRuntimes":	["cpp"],
					"swRepo":	"",
					"mssOsVer":	"8.1",
					"mssFile":	"",
					"md5Digest":	"24e81f5df4a1b28986eb4269e22351fe",
					"compatibleApp":	"zynq_fsbl",
					"domType":	"bootDomain",
					"arch":	"32-bit",
					"appSettings":	{
						"appCompilerFlags":	"",
						"appLinkerFlags":	""
					},
					"addedLibs":	["xilffs:5.0", "xilrsa:1.6"],
					"libOptions":	{
						"libsContainingOptions":	[]
					},
					"prebuiltLibs":	{
						"prebuiltIncPath":	[],
						"prebuiltLibPath":	[]
					},
					"isolation":	{
					}
				}, {
					"domainName":	"standalone_domain",
					"domainDispName":	"standalone_domain",
					"domainDesc":	"standalone_domain",
					"processors":	"ps7_cortexa9_0",
					"os":	"standalone",
					"sdxOs":	"standalone",
					"qemuArgs":	"<platformDir>/resources/signal_detect_platform/standalone_domain/qemu_args.txt",
					"qemuData":	"<platformDir>/resources/signal_detect_platform/standalone_domain/qemu",
					"debugEnable":	"False",
					"domRuntimes":	["cpp"],
					"swRepo":	"",
					"mssOsVer":	"8.1",
					"mssFile":	"",
					"md5Digest":	"9d9647dd92d7d30efd40c762a4ad2096",
					"compatibleApp":	"",
					"domType":	"mssDomain",
					"appSettings":	{
						"appCompilerFlags":	"",
						"appLinkerFlags":	""
					},
					"addedLibs":	[],
					"libOptions":	{
						"libsContainingOptions":	[]
					},
					"prebuiltLibs":	{
						"prebuiltIncPath":	[],
						"prebuiltLibPath":	[]
					},
					"isolation":	{
					}
				}]
		}]
}
LOG::2026-04-26.18:17:17::SCWPlatform::Started generating the artifacts platform signal_detect_platform
TRACE::2026-04-26.18:17:17::SCWPlatform::Sanity checking of platform is completed
LOG::2026-04-26.18:17:17::SCWPlatform::Started generating the artifacts for system configuration signal_detect_platform
LOG::2026-04-26.18:17:17::SCWSystem::Checking the domain zynq_fsbl
LOG::2026-04-26.18:17:17::SCWSystem::Doing application build for :  zynq_fsbl
TRACE::2026-04-26.18:17:17::SCWBDomain::Not a forced makefile updation, No changes are present. 
TRACE::2026-04-26.18:17:17::SCWDomain::Skipping the build for domain :  zynq_fsbl
LOG::2026-04-26.18:17:17::SCWSystem::Checking the domain standalone_domain
LOG::2026-04-26.18:17:17::SCWSystem::Not a boot domain 
LOG::2026-04-26.18:17:17::SCWSystem::Started Processing the domain standalone_domain
TRACE::2026-04-26.18:17:17::SCWDomain::Generating domain artifcats
TRACE::2026-04-26.18:17:17::SCWMssOS::Generating standalone artifcats
TRACE::2026-04-26.18:17:17::SCWMssOS::Copying the qemu file from  C:/Users/suren/Documents/ECE_520/Final_Project/Sandbox/signal_detect_vitis/signal_detect_platform/resources/signal_detect_platform/standalone_domain/qemu_args.txt To C:/Users/suren/Documents/ECE_520/Final_Project/Sandbox/signal_detect_vitis/signal_detect_platform/export/signal_detect_platform/sw/signal_detect_platform/qemu/
TRACE::2026-04-26.18:17:17::SCWMssOS::Copying the qemu file from  C:/Users/suren/Documents/ECE_520/Final_Project/Sandbox/signal_detect_vitis/signal_detect_platform/resources/signal_detect_platform/standalone_domain/qemu_args.txt To C:/Users/suren/Documents/ECE_520/Final_Project/Sandbox/signal_detect_vitis/signal_detect_platform/export/signal_detect_platform/sw/signal_detect_platform/standalone_domain/qemu/
TRACE::2026-04-26.18:17:17::SCWMssOS:: Copying the user libraries. 
TRACE::2026-04-26.18:17:17::SCWPlatform::Trying to open the hw design at C:/Users/suren/Documents/ECE_520/Final_Project/Sandbox/signal_detect_vitis/signal_detect_platform/hw/signal_detect_bd_wrapper.xsa
TRACE::2026-04-26.18:17:17::SCWPlatform::DSA given C:/Users/suren/Documents/ECE_520/Final_Project/Sandbox/signal_detect_vitis/signal_detect_platform/hw/signal_detect_bd_wrapper.xsa
TRACE::2026-04-26.18:17:17::SCWPlatform::DSA absoulate path C:/Users/suren/Documents/ECE_520/Final_Project/Sandbox/signal_detect_vitis/signal_detect_platform/hw/signal_detect_bd_wrapper.xsa
TRACE::2026-04-26.18:17:17::SCWPlatform::DSA directory C:/Users/suren/Documents/ECE_520/Final_Project/Sandbox/signal_detect_vitis/signal_detect_platform/hw
TRACE::2026-04-26.18:17:17::SCWPlatform:: Platform Path C:/Users/suren/Documents/ECE_520/Final_Project/Sandbox/signal_detect_vitis/signal_detect_platform/hw/signal_detect_bd_wrapper.xsa
TRACE::2026-04-26.18:17:17::SCWPlatform:: Unique name xilinx:zybo-z7-10::0.0
TRACE::2026-04-26.18:17:17::SCWPlatform::Trying to set the existing hwdb with name signal_detect_bd_wrapper_0
TRACE::2026-04-26.18:17:17::SCWPlatform::Opened existing hwdb signal_detect_bd_wrapper_0
TRACE::2026-04-26.18:17:17::SCWPlatform::Found the Hw Db part of the input DSA
TRACE::2026-04-26.18:17:17::SCWMssOS::Checking the sw design at  C:/Users/suren/Documents/ECE_520/Final_Project/Sandbox/signal_detect_vitis/signal_detect_platform/ps7_cortexa9_0/standalone_domain/bsp/system.mss
TRACE::2026-04-26.18:17:17::SCWMssOS::DEBUG:  swdes dump  C:/Users/suren/Documents/ECE_520/Final_Project/Sandbox/signal_detect_vitis/signal_detect_platform/ps7_cortexa9_0/standalone_domain/bsp/system.mss|system_0||
C:/Users/suren/Documents/ECE_520/Final_Project/Sandbox/signal_detect_vitis/signal_detect_platform/zynq_fsbl/zynq_fsbl_bsp/system.mss|system||

TRACE::2026-04-26.18:17:17::SCWMssOS::Sw design exists and opened at  C:/Users/suren/Documents/ECE_520/Final_Project/Sandbox/signal_detect_vitis/signal_detect_platform/ps7_cortexa9_0/standalone_domain/bsp/system.mss
TRACE::2026-04-26.18:17:17::SCWMssOS::Completed writing the mss file at C:/Users/suren/Documents/ECE_520/Final_Project/Sandbox/signal_detect_vitis/signal_detect_platform/ps7_cortexa9_0/standalone_domain/bsp
TRACE::2026-04-26.18:17:17::SCWMssOS::Mss edits present, copying mssfile into export location C:/Users/suren/Documents/ECE_520/Final_Project/Sandbox/signal_detect_vitis/signal_detect_platform/ps7_cortexa9_0/standalone_domain/bsp/system.mss
TRACE::2026-04-26.18:17:17::SCWMssOS::bsp generated is upto date with the mss file. Skipping bsp generation.
TRACE::2026-04-26.18:17:17::SCWMssOS::BSP is already built. skipping the bsp build ... 
TRACE::2026-04-26.18:17:17::SCWDomain::Skipping the build for domain :  standalone_domain
TRACE::2026-04-26.18:17:17::SCWMssOS::skipping the bsp build ... 
TRACE::2026-04-26.18:17:17::SCWMssOS::Copying to export directory.
TRACE::2026-04-26.18:17:17::SCWMssOS:: Checking if to create the Supporting Applications
TRACE::2026-04-26.18:17:17::SCWMssOS:: No Linux domain exists, trying to generate FSBL 
TRACE::2026-04-26.18:17:17::SCWMssOS:: Completed Standalone Artifacts creation 
LOG::2026-04-26.18:17:17::SCWSystem::Completed Processing the domain standalone_domain
LOG::2026-04-26.18:17:17::SCWSystem::Completed Processing the sysconfig signal_detect_platform
LOG::2026-04-26.18:17:17::SCWPlatform::Completed generating the artifacts for system configuration signal_detect_platform
TRACE::2026-04-26.18:17:17::SCWPlatform::Started preparing the platform 
TRACE::2026-04-26.18:17:17::SCWSystem::Writing the bif file for system config signal_detect_platform
TRACE::2026-04-26.18:17:17::SCWSystem::dir created 
TRACE::2026-04-26.18:17:17::SCWSystem::Writing the bif 
TRACE::2026-04-26.18:17:17::SCWPlatform::Started writing the spfm file 
TRACE::2026-04-26.18:17:17::SCWPlatform::Started writing the xpfm file 
TRACE::2026-04-26.18:17:17::SCWPlatform::Completed generating the platform
TRACE::2026-04-26.18:17:17::SCWMssOS::Saving the mss changes C:/Users/suren/Documents/ECE_520/Final_Project/Sandbox/signal_detect_vitis/signal_detect_platform/zynq_fsbl/zynq_fsbl_bsp/system.mss
TRACE::2026-04-26.18:17:17::SCWMssOS::Found a swdesign opened with the mssfile.
TRACE::2026-04-26.18:17:17::SCWMssOS::Completed writemss as part of save.
TRACE::2026-04-26.18:17:17::SCWMssOS::Commit changes completed.
TRACE::2026-04-26.18:17:17::SCWMssOS::Saving the mss changes C:/Users/suren/Documents/ECE_520/Final_Project/Sandbox/signal_detect_vitis/signal_detect_platform/ps7_cortexa9_0/standalone_domain/bsp/system.mss
TRACE::2026-04-26.18:17:17::SCWMssOS::Found a swdesign opened with the mssfile.
TRACE::2026-04-26.18:17:17::SCWMssOS::Completed writemss as part of save.
TRACE::2026-04-26.18:17:17::SCWMssOS::Commit changes completed.
TRACE::2026-04-26.18:17:17::SCWPlatform::Trying to open the hw design at C:/Users/suren/Documents/ECE_520/Final_Project/Sandbox/signal_detect_vitis/signal_detect_platform/hw/signal_detect_bd_wrapper.xsa
TRACE::2026-04-26.18:17:17::SCWPlatform::DSA given C:/Users/suren/Documents/ECE_520/Final_Project/Sandbox/signal_detect_vitis/signal_detect_platform/hw/signal_detect_bd_wrapper.xsa
TRACE::2026-04-26.18:17:17::SCWPlatform::DSA absoulate path C:/Users/suren/Documents/ECE_520/Final_Project/Sandbox/signal_detect_vitis/signal_detect_platform/hw/signal_detect_bd_wrapper.xsa
TRACE::2026-04-26.18:17:17::SCWPlatform::DSA directory C:/Users/suren/Documents/ECE_520/Final_Project/Sandbox/signal_detect_vitis/signal_detect_platform/hw
TRACE::2026-04-26.18:17:17::SCWPlatform:: Platform Path C:/Users/suren/Documents/ECE_520/Final_Project/Sandbox/signal_detect_vitis/signal_detect_platform/hw/signal_detect_bd_wrapper.xsa
TRACE::2026-04-26.18:17:17::SCWPlatform:: Unique name xilinx:zybo-z7-10::0.0
TRACE::2026-04-26.18:17:17::SCWPlatform::Trying to set the existing hwdb with name signal_detect_bd_wrapper_0
TRACE::2026-04-26.18:17:17::SCWPlatform::Opened existing hwdb signal_detect_bd_wrapper_0
TRACE::2026-04-26.18:17:17::SCWPlatform::Found the Hw Db part of the input DSA
TRACE::2026-04-26.18:17:17::SCWMssOS::Checking the sw design at  C:/Users/suren/Documents/ECE_520/Final_Project/Sandbox/signal_detect_vitis/signal_detect_platform/zynq_fsbl/zynq_fsbl_bsp/system.mss
TRACE::2026-04-26.18:17:17::SCWMssOS::DEBUG:  swdes dump  C:/Users/suren/Documents/ECE_520/Final_Project/Sandbox/signal_detect_vitis/signal_detect_platform/ps7_cortexa9_0/standalone_domain/bsp/system.mss|system_0||
C:/Users/suren/Documents/ECE_520/Final_Project/Sandbox/signal_detect_vitis/signal_detect_platform/zynq_fsbl/zynq_fsbl_bsp/system.mss|system||

TRACE::2026-04-26.18:17:17::SCWMssOS::Sw design exists and opened at  C:/Users/suren/Documents/ECE_520/Final_Project/Sandbox/signal_detect_vitis/signal_detect_platform/zynq_fsbl/zynq_fsbl_bsp/system.mss
TRACE::2026-04-26.18:17:17::SCWPlatform::Trying to open the hw design at C:/Users/suren/Documents/ECE_520/Final_Project/Sandbox/signal_detect_vitis/signal_detect_platform/hw/signal_detect_bd_wrapper.xsa
TRACE::2026-04-26.18:17:17::SCWPlatform::DSA given C:/Users/suren/Documents/ECE_520/Final_Project/Sandbox/signal_detect_vitis/signal_detect_platform/hw/signal_detect_bd_wrapper.xsa
TRACE::2026-04-26.18:17:17::SCWPlatform::DSA absoulate path C:/Users/suren/Documents/ECE_520/Final_Project/Sandbox/signal_detect_vitis/signal_detect_platform/hw/signal_detect_bd_wrapper.xsa
TRACE::2026-04-26.18:17:17::SCWPlatform::DSA directory C:/Users/suren/Documents/ECE_520/Final_Project/Sandbox/signal_detect_vitis/signal_detect_platform/hw
TRACE::2026-04-26.18:17:17::SCWPlatform:: Platform Path C:/Users/suren/Documents/ECE_520/Final_Project/Sandbox/signal_detect_vitis/signal_detect_platform/hw/signal_detect_bd_wrapper.xsa
TRACE::2026-04-26.18:17:17::SCWPlatform:: Unique name xilinx:zybo-z7-10::0.0
TRACE::2026-04-26.18:17:17::SCWPlatform::Trying to set the existing hwdb with name signal_detect_bd_wrapper_0
TRACE::2026-04-26.18:17:17::SCWPlatform::Opened existing hwdb signal_detect_bd_wrapper_0
TRACE::2026-04-26.18:17:17::SCWPlatform::Found the Hw Db part of the input DSA
TRACE::2026-04-26.18:17:17::SCWMssOS::Checking the sw design at  C:/Users/suren/Documents/ECE_520/Final_Project/Sandbox/signal_detect_vitis/signal_detect_platform/zynq_fsbl/zynq_fsbl_bsp/system.mss
TRACE::2026-04-26.18:17:17::SCWMssOS::DEBUG:  swdes dump  C:/Users/suren/Documents/ECE_520/Final_Project/Sandbox/signal_detect_vitis/signal_detect_platform/ps7_cortexa9_0/standalone_domain/bsp/system.mss|system_0||
C:/Users/suren/Documents/ECE_520/Final_Project/Sandbox/signal_detect_vitis/signal_detect_platform/zynq_fsbl/zynq_fsbl_bsp/system.mss|system||

TRACE::2026-04-26.18:17:17::SCWMssOS::Sw design exists and opened at  C:/Users/suren/Documents/ECE_520/Final_Project/Sandbox/signal_detect_vitis/signal_detect_platform/zynq_fsbl/zynq_fsbl_bsp/system.mss
TRACE::2026-04-26.18:17:17::SCWPlatform::Trying to open the hw design at C:/Users/suren/Documents/ECE_520/Final_Project/Sandbox/signal_detect_vitis/signal_detect_platform/hw/signal_detect_bd_wrapper.xsa
TRACE::2026-04-26.18:17:17::SCWPlatform::DSA given C:/Users/suren/Documents/ECE_520/Final_Project/Sandbox/signal_detect_vitis/signal_detect_platform/hw/signal_detect_bd_wrapper.xsa
TRACE::2026-04-26.18:17:17::SCWPlatform::DSA absoulate path C:/Users/suren/Documents/ECE_520/Final_Project/Sandbox/signal_detect_vitis/signal_detect_platform/hw/signal_detect_bd_wrapper.xsa
TRACE::2026-04-26.18:17:17::SCWPlatform::DSA directory C:/Users/suren/Documents/ECE_520/Final_Project/Sandbox/signal_detect_vitis/signal_detect_platform/hw
TRACE::2026-04-26.18:17:17::SCWPlatform:: Platform Path C:/Users/suren/Documents/ECE_520/Final_Project/Sandbox/signal_detect_vitis/signal_detect_platform/hw/signal_detect_bd_wrapper.xsa
TRACE::2026-04-26.18:17:17::SCWPlatform:: Unique name xilinx:zybo-z7-10::0.0
TRACE::2026-04-26.18:17:17::SCWPlatform::Trying to set the existing hwdb with name signal_detect_bd_wrapper_0
TRACE::2026-04-26.18:17:17::SCWPlatform::Opened existing hwdb signal_detect_bd_wrapper_0
TRACE::2026-04-26.18:17:17::SCWPlatform::Found the Hw Db part of the input DSA
TRACE::2026-04-26.18:17:17::SCWMssOS::Checking the sw design at  C:/Users/suren/Documents/ECE_520/Final_Project/Sandbox/signal_detect_vitis/signal_detect_platform/zynq_fsbl/zynq_fsbl_bsp/system.mss
TRACE::2026-04-26.18:17:17::SCWMssOS::DEBUG:  swdes dump  C:/Users/suren/Documents/ECE_520/Final_Project/Sandbox/signal_detect_vitis/signal_detect_platform/ps7_cortexa9_0/standalone_domain/bsp/system.mss|system_0||
C:/Users/suren/Documents/ECE_520/Final_Project/Sandbox/signal_detect_vitis/signal_detect_platform/zynq_fsbl/zynq_fsbl_bsp/system.mss|system||

TRACE::2026-04-26.18:17:17::SCWMssOS::Sw design exists and opened at  C:/Users/suren/Documents/ECE_520/Final_Project/Sandbox/signal_detect_vitis/signal_detect_platform/zynq_fsbl/zynq_fsbl_bsp/system.mss
TRACE::2026-04-26.18:17:17::SCWPlatform::Trying to open the hw design at C:/Users/suren/Documents/ECE_520/Final_Project/Sandbox/signal_detect_vitis/signal_detect_platform/hw/signal_detect_bd_wrapper.xsa
TRACE::2026-04-26.18:17:17::SCWPlatform::DSA given C:/Users/suren/Documents/ECE_520/Final_Project/Sandbox/signal_detect_vitis/signal_detect_platform/hw/signal_detect_bd_wrapper.xsa
TRACE::2026-04-26.18:17:17::SCWPlatform::DSA absoulate path C:/Users/suren/Documents/ECE_520/Final_Project/Sandbox/signal_detect_vitis/signal_detect_platform/hw/signal_detect_bd_wrapper.xsa
TRACE::2026-04-26.18:17:17::SCWPlatform::DSA directory C:/Users/suren/Documents/ECE_520/Final_Project/Sandbox/signal_detect_vitis/signal_detect_platform/hw
TRACE::2026-04-26.18:17:17::SCWPlatform:: Platform Path C:/Users/suren/Documents/ECE_520/Final_Project/Sandbox/signal_detect_vitis/signal_detect_platform/hw/signal_detect_bd_wrapper.xsa
TRACE::2026-04-26.18:17:17::SCWPlatform:: Unique name xilinx:zybo-z7-10::0.0
TRACE::2026-04-26.18:17:17::SCWPlatform::Trying to set the existing hwdb with name signal_detect_bd_wrapper_0
TRACE::2026-04-26.18:17:17::SCWPlatform::Opened existing hwdb signal_detect_bd_wrapper_0
TRACE::2026-04-26.18:17:17::SCWPlatform::Found the Hw Db part of the input DSA
TRACE::2026-04-26.18:17:17::SCWMssOS::Checking the sw design at  C:/Users/suren/Documents/ECE_520/Final_Project/Sandbox/signal_detect_vitis/signal_detect_platform/ps7_cortexa9_0/standalone_domain/bsp/system.mss
TRACE::2026-04-26.18:17:17::SCWMssOS::DEBUG:  swdes dump  C:/Users/suren/Documents/ECE_520/Final_Project/Sandbox/signal_detect_vitis/signal_detect_platform/ps7_cortexa9_0/standalone_domain/bsp/system.mss|system_0||
C:/Users/suren/Documents/ECE_520/Final_Project/Sandbox/signal_detect_vitis/signal_detect_platform/zynq_fsbl/zynq_fsbl_bsp/system.mss|system||

TRACE::2026-04-26.18:17:17::SCWMssOS::Sw design exists and opened at  C:/Users/suren/Documents/ECE_520/Final_Project/Sandbox/signal_detect_vitis/signal_detect_platform/ps7_cortexa9_0/standalone_domain/bsp/system.mss
TRACE::2026-04-26.18:17:17::SCWPlatform::Trying to open the hw design at C:/Users/suren/Documents/ECE_520/Final_Project/Sandbox/signal_detect_vitis/signal_detect_platform/hw/signal_detect_bd_wrapper.xsa
TRACE::2026-04-26.18:17:17::SCWPlatform::DSA given C:/Users/suren/Documents/ECE_520/Final_Project/Sandbox/signal_detect_vitis/signal_detect_platform/hw/signal_detect_bd_wrapper.xsa
TRACE::2026-04-26.18:17:17::SCWPlatform::DSA absoulate path C:/Users/suren/Documents/ECE_520/Final_Project/Sandbox/signal_detect_vitis/signal_detect_platform/hw/signal_detect_bd_wrapper.xsa
TRACE::2026-04-26.18:17:17::SCWPlatform::DSA directory C:/Users/suren/Documents/ECE_520/Final_Project/Sandbox/signal_detect_vitis/signal_detect_platform/hw
TRACE::2026-04-26.18:17:17::SCWPlatform:: Platform Path C:/Users/suren/Documents/ECE_520/Final_Project/Sandbox/signal_detect_vitis/signal_detect_platform/hw/signal_detect_bd_wrapper.xsa
TRACE::2026-04-26.18:17:17::SCWPlatform:: Unique name xilinx:zybo-z7-10::0.0
TRACE::2026-04-26.18:17:17::SCWPlatform::Trying to set the existing hwdb with name signal_detect_bd_wrapper_0
TRACE::2026-04-26.18:17:17::SCWPlatform::Opened existing hwdb signal_detect_bd_wrapper_0
TRACE::2026-04-26.18:17:17::SCWPlatform::Found the Hw Db part of the input DSA
TRACE::2026-04-26.18:17:17::SCWMssOS::Checking the sw design at  C:/Users/suren/Documents/ECE_520/Final_Project/Sandbox/signal_detect_vitis/signal_detect_platform/ps7_cortexa9_0/standalone_domain/bsp/system.mss
TRACE::2026-04-26.18:17:17::SCWMssOS::DEBUG:  swdes dump  C:/Users/suren/Documents/ECE_520/Final_Project/Sandbox/signal_detect_vitis/signal_detect_platform/ps7_cortexa9_0/standalone_domain/bsp/system.mss|system_0||
C:/Users/suren/Documents/ECE_520/Final_Project/Sandbox/signal_detect_vitis/signal_detect_platform/zynq_fsbl/zynq_fsbl_bsp/system.mss|system||

TRACE::2026-04-26.18:17:17::SCWMssOS::Sw design exists and opened at  C:/Users/suren/Documents/ECE_520/Final_Project/Sandbox/signal_detect_vitis/signal_detect_platform/ps7_cortexa9_0/standalone_domain/bsp/system.mss
TRACE::2026-04-26.18:17:17::SCWPlatform::Trying to open the hw design at C:/Users/suren/Documents/ECE_520/Final_Project/Sandbox/signal_detect_vitis/signal_detect_platform/hw/signal_detect_bd_wrapper.xsa
TRACE::2026-04-26.18:17:17::SCWPlatform::DSA given C:/Users/suren/Documents/ECE_520/Final_Project/Sandbox/signal_detect_vitis/signal_detect_platform/hw/signal_detect_bd_wrapper.xsa
TRACE::2026-04-26.18:17:17::SCWPlatform::DSA absoulate path C:/Users/suren/Documents/ECE_520/Final_Project/Sandbox/signal_detect_vitis/signal_detect_platform/hw/signal_detect_bd_wrapper.xsa
TRACE::2026-04-26.18:17:17::SCWPlatform::DSA directory C:/Users/suren/Documents/ECE_520/Final_Project/Sandbox/signal_detect_vitis/signal_detect_platform/hw
TRACE::2026-04-26.18:17:17::SCWPlatform:: Platform Path C:/Users/suren/Documents/ECE_520/Final_Project/Sandbox/signal_detect_vitis/signal_detect_platform/hw/signal_detect_bd_wrapper.xsa
TRACE::2026-04-26.18:17:17::SCWPlatform:: Unique name xilinx:zybo-z7-10::0.0
TRACE::2026-04-26.18:17:17::SCWPlatform::Trying to set the existing hwdb with name signal_detect_bd_wrapper_0
TRACE::2026-04-26.18:17:17::SCWPlatform::Opened existing hwdb signal_detect_bd_wrapper_0
TRACE::2026-04-26.18:17:17::SCWPlatform::Found the Hw Db part of the input DSA
TRACE::2026-04-26.18:17:17::SCWMssOS::Checking the sw design at  C:/Users/suren/Documents/ECE_520/Final_Project/Sandbox/signal_detect_vitis/signal_detect_platform/ps7_cortexa9_0/standalone_domain/bsp/system.mss
TRACE::2026-04-26.18:17:17::SCWMssOS::DEBUG:  swdes dump  C:/Users/suren/Documents/ECE_520/Final_Project/Sandbox/signal_detect_vitis/signal_detect_platform/ps7_cortexa9_0/standalone_domain/bsp/system.mss|system_0||
C:/Users/suren/Documents/ECE_520/Final_Project/Sandbox/signal_detect_vitis/signal_detect_platform/zynq_fsbl/zynq_fsbl_bsp/system.mss|system||

TRACE::2026-04-26.18:17:17::SCWMssOS::Sw design exists and opened at  C:/Users/suren/Documents/ECE_520/Final_Project/Sandbox/signal_detect_vitis/signal_detect_platform/ps7_cortexa9_0/standalone_domain/bsp/system.mss
TRACE::2026-04-26.18:17:17::SCWWriter::formatted JSON is {
	"platformName":	"signal_detect_platform",
	"sprVersion":	"2.0",
	"mode":	"gui",
	"dsaType":	"Fixed",
	"platformDesc":	"signal_detect_platform",
	"platHandOff":	"C:/Users/suren/Documents/ECE_520/Final_Project/Sandbox/signal_detect_sb/signal_detect_bd_wrapper.xsa",
	"platIntHandOff":	"<platformDir>/hw/signal_detect_bd_wrapper.xsa",
	"deviceType":	"zynq",
	"platIsPrebuiltAutogen":	"false",
	"platIsNoBootBsp":	"false",
	"platFsblTarget":	"ps7_cortexa9_0",
	"hasFsblMakeHasChanges":	"false",
	"hasPmufwMakeHasChanges":	"false",
	"fsblExtraCompilerFlags":	"-MMD -MP       -mcpu=cortex-a9 -mfpu=vfpv3 -mfloat-abi=hard ",
	"platPreBuiltFlag":	false,
	"platformSamplesDir":	"",
	"platActiveSys":	"signal_detect_platform",
	"systems":	[{
			"systemName":	"signal_detect_platform",
			"systemDesc":	"signal_detect_platform",
			"sysIsBootAutoGen":	"true",
			"systemDispName":	"signal_detect_platform",
			"sysActiveDom":	"standalone_domain",
			"sysDefaultDom":	"standalone_domain",
			"domains":	[{
					"domainName":	"zynq_fsbl",
					"domainDispName":	"zynq_fsbl",
					"domainDesc":	"FSBL Application BSP - Auto Generated.",
					"processors":	"ps7_cortexa9_0",
					"os":	"standalone",
					"sdxOs":	"standalone",
					"debugEnable":	"",
					"domRuntimes":	["cpp"],
					"swRepo":	"",
					"mssOsVer":	"8.1",
					"mssFile":	"",
					"md5Digest":	"24e81f5df4a1b28986eb4269e22351fe",
					"compatibleApp":	"zynq_fsbl",
					"domType":	"bootDomain",
					"arch":	"32-bit",
					"appSettings":	{
						"appCompilerFlags":	"",
						"appLinkerFlags":	""
					},
					"addedLibs":	["xilffs:5.0", "xilrsa:1.6"],
					"libOptions":	{
						"libsContainingOptions":	[]
					},
					"prebuiltLibs":	{
						"prebuiltIncPath":	[],
						"prebuiltLibPath":	[]
					},
					"isolation":	{
					}
				}, {
					"domainName":	"standalone_domain",
					"domainDispName":	"standalone_domain",
					"domainDesc":	"standalone_domain",
					"processors":	"ps7_cortexa9_0",
					"os":	"standalone",
					"sdxOs":	"standalone",
					"qemuArgs":	"<platformDir>/resources/signal_detect_platform/standalone_domain/qemu_args.txt",
					"qemuData":	"<platformDir>/resources/signal_detect_platform/standalone_domain/qemu",
					"debugEnable":	"False",
					"domRuntimes":	["cpp"],
					"swRepo":	"",
					"mssOsVer":	"8.1",
					"mssFile":	"",
					"md5Digest":	"9d9647dd92d7d30efd40c762a4ad2096",
					"compatibleApp":	"",
					"domType":	"mssDomain",
					"appSettings":	{
						"appCompilerFlags":	"",
						"appLinkerFlags":	""
					},
					"addedLibs":	[],
					"libOptions":	{
						"libsContainingOptions":	[]
					},
					"prebuiltLibs":	{
						"prebuiltIncPath":	[],
						"prebuiltLibPath":	[]
					},
					"isolation":	{
					}
				}]
		}]
}
KEYINFO::2026-04-26.18:17:17::SCWPlatform::updated the xpfm file.
TRACE::2026-04-26.18:17:18::SCWPlatform::Trying to open the hw design at C:/Users/suren/Documents/ECE_520/Final_Project/Sandbox/signal_detect_vitis/signal_detect_platform/hw/signal_detect_bd_wrapper.xsa
TRACE::2026-04-26.18:17:18::SCWPlatform::DSA given C:/Users/suren/Documents/ECE_520/Final_Project/Sandbox/signal_detect_vitis/signal_detect_platform/hw/signal_detect_bd_wrapper.xsa
TRACE::2026-04-26.18:17:18::SCWPlatform::DSA absoulate path C:/Users/suren/Documents/ECE_520/Final_Project/Sandbox/signal_detect_vitis/signal_detect_platform/hw/signal_detect_bd_wrapper.xsa
TRACE::2026-04-26.18:17:18::SCWPlatform::DSA directory C:/Users/suren/Documents/ECE_520/Final_Project/Sandbox/signal_detect_vitis/signal_detect_platform/hw
TRACE::2026-04-26.18:17:18::SCWPlatform:: Platform Path C:/Users/suren/Documents/ECE_520/Final_Project/Sandbox/signal_detect_vitis/signal_detect_platform/hw/signal_detect_bd_wrapper.xsa
TRACE::2026-04-26.18:17:18::SCWPlatform:: Unique name xilinx:zybo-z7-10::0.0
TRACE::2026-04-26.18:17:18::SCWPlatform::Trying to set the existing hwdb with name signal_detect_bd_wrapper_0
TRACE::2026-04-26.18:17:18::SCWPlatform::Opened existing hwdb signal_detect_bd_wrapper_0
TRACE::2026-04-26.18:17:18::SCWPlatform::Found the Hw Db part of the input DSA
TRACE::2026-04-26.18:17:18::SCWMssOS::Checking the sw design at  C:/Users/suren/Documents/ECE_520/Final_Project/Sandbox/signal_detect_vitis/signal_detect_platform/ps7_cortexa9_0/standalone_domain/bsp/system.mss
TRACE::2026-04-26.18:17:18::SCWMssOS::DEBUG:  swdes dump  C:/Users/suren/Documents/ECE_520/Final_Project/Sandbox/signal_detect_vitis/signal_detect_platform/ps7_cortexa9_0/standalone_domain/bsp/system.mss|system_0||
C:/Users/suren/Documents/ECE_520/Final_Project/Sandbox/signal_detect_vitis/signal_detect_platform/zynq_fsbl/zynq_fsbl_bsp/system.mss|system||

TRACE::2026-04-26.18:17:18::SCWMssOS::Sw design exists and opened at  C:/Users/suren/Documents/ECE_520/Final_Project/Sandbox/signal_detect_vitis/signal_detect_platform/ps7_cortexa9_0/standalone_domain/bsp/system.mss
TRACE::2026-04-26.18:17:18::SCWMssOS::Saving the mss changes C:/Users/suren/Documents/ECE_520/Final_Project/Sandbox/signal_detect_vitis/signal_detect_platform/zynq_fsbl/zynq_fsbl_bsp/system.mss
TRACE::2026-04-26.18:17:18::SCWMssOS::Found a swdesign opened with the mssfile.
TRACE::2026-04-26.18:17:18::SCWMssOS::Completed writemss as part of save.
TRACE::2026-04-26.18:17:18::SCWMssOS::Commit changes completed.
TRACE::2026-04-26.18:17:18::SCWMssOS::Saving the mss changes C:/Users/suren/Documents/ECE_520/Final_Project/Sandbox/signal_detect_vitis/signal_detect_platform/ps7_cortexa9_0/standalone_domain/bsp/system.mss
TRACE::2026-04-26.18:17:18::SCWMssOS::Found a swdesign opened with the mssfile.
TRACE::2026-04-26.18:17:18::SCWMssOS::Completed writemss as part of save.
TRACE::2026-04-26.18:17:18::SCWMssOS::Commit changes completed.
TRACE::2026-04-26.18:17:18::SCWPlatform::Trying to open the hw design at C:/Users/suren/Documents/ECE_520/Final_Project/Sandbox/signal_detect_vitis/signal_detect_platform/hw/signal_detect_bd_wrapper.xsa
TRACE::2026-04-26.18:17:18::SCWPlatform::DSA given C:/Users/suren/Documents/ECE_520/Final_Project/Sandbox/signal_detect_vitis/signal_detect_platform/hw/signal_detect_bd_wrapper.xsa
TRACE::2026-04-26.18:17:18::SCWPlatform::DSA absoulate path C:/Users/suren/Documents/ECE_520/Final_Project/Sandbox/signal_detect_vitis/signal_detect_platform/hw/signal_detect_bd_wrapper.xsa
TRACE::2026-04-26.18:17:18::SCWPlatform::DSA directory C:/Users/suren/Documents/ECE_520/Final_Project/Sandbox/signal_detect_vitis/signal_detect_platform/hw
TRACE::2026-04-26.18:17:18::SCWPlatform:: Platform Path C:/Users/suren/Documents/ECE_520/Final_Project/Sandbox/signal_detect_vitis/signal_detect_platform/hw/signal_detect_bd_wrapper.xsa
TRACE::2026-04-26.18:17:18::SCWPlatform:: Unique name xilinx:zybo-z7-10::0.0
TRACE::2026-04-26.18:17:18::SCWPlatform::Trying to set the existing hwdb with name signal_detect_bd_wrapper_0
TRACE::2026-04-26.18:17:18::SCWPlatform::Opened existing hwdb signal_detect_bd_wrapper_0
TRACE::2026-04-26.18:17:18::SCWPlatform::Found the Hw Db part of the input DSA
TRACE::2026-04-26.18:17:18::SCWMssOS::Checking the sw design at  C:/Users/suren/Documents/ECE_520/Final_Project/Sandbox/signal_detect_vitis/signal_detect_platform/zynq_fsbl/zynq_fsbl_bsp/system.mss
TRACE::2026-04-26.18:17:18::SCWMssOS::DEBUG:  swdes dump  C:/Users/suren/Documents/ECE_520/Final_Project/Sandbox/signal_detect_vitis/signal_detect_platform/ps7_cortexa9_0/standalone_domain/bsp/system.mss|system_0||
C:/Users/suren/Documents/ECE_520/Final_Project/Sandbox/signal_detect_vitis/signal_detect_platform/zynq_fsbl/zynq_fsbl_bsp/system.mss|system||

TRACE::2026-04-26.18:17:18::SCWMssOS::Sw design exists and opened at  C:/Users/suren/Documents/ECE_520/Final_Project/Sandbox/signal_detect_vitis/signal_detect_platform/zynq_fsbl/zynq_fsbl_bsp/system.mss
TRACE::2026-04-26.18:17:18::SCWPlatform::Trying to open the hw design at C:/Users/suren/Documents/ECE_520/Final_Project/Sandbox/signal_detect_vitis/signal_detect_platform/hw/signal_detect_bd_wrapper.xsa
TRACE::2026-04-26.18:17:18::SCWPlatform::DSA given C:/Users/suren/Documents/ECE_520/Final_Project/Sandbox/signal_detect_vitis/signal_detect_platform/hw/signal_detect_bd_wrapper.xsa
TRACE::2026-04-26.18:17:18::SCWPlatform::DSA absoulate path C:/Users/suren/Documents/ECE_520/Final_Project/Sandbox/signal_detect_vitis/signal_detect_platform/hw/signal_detect_bd_wrapper.xsa
TRACE::2026-04-26.18:17:18::SCWPlatform::DSA directory C:/Users/suren/Documents/ECE_520/Final_Project/Sandbox/signal_detect_vitis/signal_detect_platform/hw
TRACE::2026-04-26.18:17:18::SCWPlatform:: Platform Path C:/Users/suren/Documents/ECE_520/Final_Project/Sandbox/signal_detect_vitis/signal_detect_platform/hw/signal_detect_bd_wrapper.xsa
TRACE::2026-04-26.18:17:18::SCWPlatform:: Unique name xilinx:zybo-z7-10::0.0
TRACE::2026-04-26.18:17:18::SCWPlatform::Trying to set the existing hwdb with name signal_detect_bd_wrapper_0
TRACE::2026-04-26.18:17:18::SCWPlatform::Opened existing hwdb signal_detect_bd_wrapper_0
TRACE::2026-04-26.18:17:18::SCWPlatform::Found the Hw Db part of the input DSA
TRACE::2026-04-26.18:17:18::SCWMssOS::Checking the sw design at  C:/Users/suren/Documents/ECE_520/Final_Project/Sandbox/signal_detect_vitis/signal_detect_platform/zynq_fsbl/zynq_fsbl_bsp/system.mss
TRACE::2026-04-26.18:17:18::SCWMssOS::DEBUG:  swdes dump  C:/Users/suren/Documents/ECE_520/Final_Project/Sandbox/signal_detect_vitis/signal_detect_platform/ps7_cortexa9_0/standalone_domain/bsp/system.mss|system_0||
C:/Users/suren/Documents/ECE_520/Final_Project/Sandbox/signal_detect_vitis/signal_detect_platform/zynq_fsbl/zynq_fsbl_bsp/system.mss|system||

TRACE::2026-04-26.18:17:18::SCWMssOS::Sw design exists and opened at  C:/Users/suren/Documents/ECE_520/Final_Project/Sandbox/signal_detect_vitis/signal_detect_platform/zynq_fsbl/zynq_fsbl_bsp/system.mss
TRACE::2026-04-26.18:17:18::SCWPlatform::Trying to open the hw design at C:/Users/suren/Documents/ECE_520/Final_Project/Sandbox/signal_detect_vitis/signal_detect_platform/hw/signal_detect_bd_wrapper.xsa
TRACE::2026-04-26.18:17:18::SCWPlatform::DSA given C:/Users/suren/Documents/ECE_520/Final_Project/Sandbox/signal_detect_vitis/signal_detect_platform/hw/signal_detect_bd_wrapper.xsa
TRACE::2026-04-26.18:17:18::SCWPlatform::DSA absoulate path C:/Users/suren/Documents/ECE_520/Final_Project/Sandbox/signal_detect_vitis/signal_detect_platform/hw/signal_detect_bd_wrapper.xsa
TRACE::2026-04-26.18:17:18::SCWPlatform::DSA directory C:/Users/suren/Documents/ECE_520/Final_Project/Sandbox/signal_detect_vitis/signal_detect_platform/hw
TRACE::2026-04-26.18:17:18::SCWPlatform:: Platform Path C:/Users/suren/Documents/ECE_520/Final_Project/Sandbox/signal_detect_vitis/signal_detect_platform/hw/signal_detect_bd_wrapper.xsa
TRACE::2026-04-26.18:17:18::SCWPlatform:: Unique name xilinx:zybo-z7-10::0.0
TRACE::2026-04-26.18:17:18::SCWPlatform::Trying to set the existing hwdb with name signal_detect_bd_wrapper_0
TRACE::2026-04-26.18:17:18::SCWPlatform::Opened existing hwdb signal_detect_bd_wrapper_0
TRACE::2026-04-26.18:17:18::SCWPlatform::Found the Hw Db part of the input DSA
TRACE::2026-04-26.18:17:18::SCWMssOS::Checking the sw design at  C:/Users/suren/Documents/ECE_520/Final_Project/Sandbox/signal_detect_vitis/signal_detect_platform/zynq_fsbl/zynq_fsbl_bsp/system.mss
TRACE::2026-04-26.18:17:18::SCWMssOS::DEBUG:  swdes dump  C:/Users/suren/Documents/ECE_520/Final_Project/Sandbox/signal_detect_vitis/signal_detect_platform/ps7_cortexa9_0/standalone_domain/bsp/system.mss|system_0||
C:/Users/suren/Documents/ECE_520/Final_Project/Sandbox/signal_detect_vitis/signal_detect_platform/zynq_fsbl/zynq_fsbl_bsp/system.mss|system||

TRACE::2026-04-26.18:17:18::SCWMssOS::Sw design exists and opened at  C:/Users/suren/Documents/ECE_520/Final_Project/Sandbox/signal_detect_vitis/signal_detect_platform/zynq_fsbl/zynq_fsbl_bsp/system.mss
TRACE::2026-04-26.18:17:18::SCWPlatform::Trying to open the hw design at C:/Users/suren/Documents/ECE_520/Final_Project/Sandbox/signal_detect_vitis/signal_detect_platform/hw/signal_detect_bd_wrapper.xsa
TRACE::2026-04-26.18:17:18::SCWPlatform::DSA given C:/Users/suren/Documents/ECE_520/Final_Project/Sandbox/signal_detect_vitis/signal_detect_platform/hw/signal_detect_bd_wrapper.xsa
TRACE::2026-04-26.18:17:18::SCWPlatform::DSA absoulate path C:/Users/suren/Documents/ECE_520/Final_Project/Sandbox/signal_detect_vitis/signal_detect_platform/hw/signal_detect_bd_wrapper.xsa
TRACE::2026-04-26.18:17:18::SCWPlatform::DSA directory C:/Users/suren/Documents/ECE_520/Final_Project/Sandbox/signal_detect_vitis/signal_detect_platform/hw
TRACE::2026-04-26.18:17:18::SCWPlatform:: Platform Path C:/Users/suren/Documents/ECE_520/Final_Project/Sandbox/signal_detect_vitis/signal_detect_platform/hw/signal_detect_bd_wrapper.xsa
TRACE::2026-04-26.18:17:18::SCWPlatform:: Unique name xilinx:zybo-z7-10::0.0
TRACE::2026-04-26.18:17:18::SCWPlatform::Trying to set the existing hwdb with name signal_detect_bd_wrapper_0
TRACE::2026-04-26.18:17:18::SCWPlatform::Opened existing hwdb signal_detect_bd_wrapper_0
TRACE::2026-04-26.18:17:18::SCWPlatform::Found the Hw Db part of the input DSA
TRACE::2026-04-26.18:17:18::SCWMssOS::Checking the sw design at  C:/Users/suren/Documents/ECE_520/Final_Project/Sandbox/signal_detect_vitis/signal_detect_platform/ps7_cortexa9_0/standalone_domain/bsp/system.mss
TRACE::2026-04-26.18:17:18::SCWMssOS::DEBUG:  swdes dump  C:/Users/suren/Documents/ECE_520/Final_Project/Sandbox/signal_detect_vitis/signal_detect_platform/ps7_cortexa9_0/standalone_domain/bsp/system.mss|system_0||
C:/Users/suren/Documents/ECE_520/Final_Project/Sandbox/signal_detect_vitis/signal_detect_platform/zynq_fsbl/zynq_fsbl_bsp/system.mss|system||

TRACE::2026-04-26.18:17:18::SCWMssOS::Sw design exists and opened at  C:/Users/suren/Documents/ECE_520/Final_Project/Sandbox/signal_detect_vitis/signal_detect_platform/ps7_cortexa9_0/standalone_domain/bsp/system.mss
TRACE::2026-04-26.18:17:18::SCWPlatform::Trying to open the hw design at C:/Users/suren/Documents/ECE_520/Final_Project/Sandbox/signal_detect_vitis/signal_detect_platform/hw/signal_detect_bd_wrapper.xsa
TRACE::2026-04-26.18:17:18::SCWPlatform::DSA given C:/Users/suren/Documents/ECE_520/Final_Project/Sandbox/signal_detect_vitis/signal_detect_platform/hw/signal_detect_bd_wrapper.xsa
TRACE::2026-04-26.18:17:18::SCWPlatform::DSA absoulate path C:/Users/suren/Documents/ECE_520/Final_Project/Sandbox/signal_detect_vitis/signal_detect_platform/hw/signal_detect_bd_wrapper.xsa
TRACE::2026-04-26.18:17:18::SCWPlatform::DSA directory C:/Users/suren/Documents/ECE_520/Final_Project/Sandbox/signal_detect_vitis/signal_detect_platform/hw
TRACE::2026-04-26.18:17:18::SCWPlatform:: Platform Path C:/Users/suren/Documents/ECE_520/Final_Project/Sandbox/signal_detect_vitis/signal_detect_platform/hw/signal_detect_bd_wrapper.xsa
TRACE::2026-04-26.18:17:18::SCWPlatform:: Unique name xilinx:zybo-z7-10::0.0
TRACE::2026-04-26.18:17:18::SCWPlatform::Trying to set the existing hwdb with name signal_detect_bd_wrapper_0
TRACE::2026-04-26.18:17:18::SCWPlatform::Opened existing hwdb signal_detect_bd_wrapper_0
TRACE::2026-04-26.18:17:18::SCWPlatform::Found the Hw Db part of the input DSA
TRACE::2026-04-26.18:17:18::SCWMssOS::Checking the sw design at  C:/Users/suren/Documents/ECE_520/Final_Project/Sandbox/signal_detect_vitis/signal_detect_platform/ps7_cortexa9_0/standalone_domain/bsp/system.mss
TRACE::2026-04-26.18:17:18::SCWMssOS::DEBUG:  swdes dump  C:/Users/suren/Documents/ECE_520/Final_Project/Sandbox/signal_detect_vitis/signal_detect_platform/ps7_cortexa9_0/standalone_domain/bsp/system.mss|system_0||
C:/Users/suren/Documents/ECE_520/Final_Project/Sandbox/signal_detect_vitis/signal_detect_platform/zynq_fsbl/zynq_fsbl_bsp/system.mss|system||

TRACE::2026-04-26.18:17:18::SCWMssOS::Sw design exists and opened at  C:/Users/suren/Documents/ECE_520/Final_Project/Sandbox/signal_detect_vitis/signal_detect_platform/ps7_cortexa9_0/standalone_domain/bsp/system.mss
TRACE::2026-04-26.18:17:18::SCWPlatform::Trying to open the hw design at C:/Users/suren/Documents/ECE_520/Final_Project/Sandbox/signal_detect_vitis/signal_detect_platform/hw/signal_detect_bd_wrapper.xsa
TRACE::2026-04-26.18:17:18::SCWPlatform::DSA given C:/Users/suren/Documents/ECE_520/Final_Project/Sandbox/signal_detect_vitis/signal_detect_platform/hw/signal_detect_bd_wrapper.xsa
TRACE::2026-04-26.18:17:18::SCWPlatform::DSA absoulate path C:/Users/suren/Documents/ECE_520/Final_Project/Sandbox/signal_detect_vitis/signal_detect_platform/hw/signal_detect_bd_wrapper.xsa
TRACE::2026-04-26.18:17:18::SCWPlatform::DSA directory C:/Users/suren/Documents/ECE_520/Final_Project/Sandbox/signal_detect_vitis/signal_detect_platform/hw
TRACE::2026-04-26.18:17:18::SCWPlatform:: Platform Path C:/Users/suren/Documents/ECE_520/Final_Project/Sandbox/signal_detect_vitis/signal_detect_platform/hw/signal_detect_bd_wrapper.xsa
TRACE::2026-04-26.18:17:18::SCWPlatform:: Unique name xilinx:zybo-z7-10::0.0
TRACE::2026-04-26.18:17:18::SCWPlatform::Trying to set the existing hwdb with name signal_detect_bd_wrapper_0
TRACE::2026-04-26.18:17:18::SCWPlatform::Opened existing hwdb signal_detect_bd_wrapper_0
TRACE::2026-04-26.18:17:18::SCWPlatform::Found the Hw Db part of the input DSA
TRACE::2026-04-26.18:17:18::SCWMssOS::Checking the sw design at  C:/Users/suren/Documents/ECE_520/Final_Project/Sandbox/signal_detect_vitis/signal_detect_platform/ps7_cortexa9_0/standalone_domain/bsp/system.mss
TRACE::2026-04-26.18:17:18::SCWMssOS::DEBUG:  swdes dump  C:/Users/suren/Documents/ECE_520/Final_Project/Sandbox/signal_detect_vitis/signal_detect_platform/ps7_cortexa9_0/standalone_domain/bsp/system.mss|system_0||
C:/Users/suren/Documents/ECE_520/Final_Project/Sandbox/signal_detect_vitis/signal_detect_platform/zynq_fsbl/zynq_fsbl_bsp/system.mss|system||

TRACE::2026-04-26.18:17:18::SCWMssOS::Sw design exists and opened at  C:/Users/suren/Documents/ECE_520/Final_Project/Sandbox/signal_detect_vitis/signal_detect_platform/ps7_cortexa9_0/standalone_domain/bsp/system.mss
TRACE::2026-04-26.18:17:18::SCWWriter::formatted JSON is {
	"platformName":	"signal_detect_platform",
	"sprVersion":	"2.0",
	"mode":	"gui",
	"dsaType":	"Fixed",
	"platformDesc":	"signal_detect_platform",
	"platHandOff":	"C:/Users/suren/Documents/ECE_520/Final_Project/Sandbox/signal_detect_sb/signal_detect_bd_wrapper.xsa",
	"platIntHandOff":	"<platformDir>/hw/signal_detect_bd_wrapper.xsa",
	"deviceType":	"zynq",
	"platIsPrebuiltAutogen":	"false",
	"platIsNoBootBsp":	"false",
	"platFsblTarget":	"ps7_cortexa9_0",
	"hasFsblMakeHasChanges":	"false",
	"hasPmufwMakeHasChanges":	"false",
	"fsblExtraCompilerFlags":	"-MMD -MP       -mcpu=cortex-a9 -mfpu=vfpv3 -mfloat-abi=hard ",
	"platPreBuiltFlag":	false,
	"platformSamplesDir":	"",
	"platActiveSys":	"signal_detect_platform",
	"systems":	[{
			"systemName":	"signal_detect_platform",
			"systemDesc":	"signal_detect_platform",
			"sysIsBootAutoGen":	"true",
			"systemDispName":	"signal_detect_platform",
			"sysActiveDom":	"standalone_domain",
			"sysDefaultDom":	"standalone_domain",
			"domains":	[{
					"domainName":	"zynq_fsbl",
					"domainDispName":	"zynq_fsbl",
					"domainDesc":	"FSBL Application BSP - Auto Generated.",
					"processors":	"ps7_cortexa9_0",
					"os":	"standalone",
					"sdxOs":	"standalone",
					"debugEnable":	"",
					"domRuntimes":	["cpp"],
					"swRepo":	"",
					"mssOsVer":	"8.1",
					"mssFile":	"",
					"md5Digest":	"24e81f5df4a1b28986eb4269e22351fe",
					"compatibleApp":	"zynq_fsbl",
					"domType":	"bootDomain",
					"arch":	"32-bit",
					"appSettings":	{
						"appCompilerFlags":	"",
						"appLinkerFlags":	""
					},
					"addedLibs":	["xilffs:5.0", "xilrsa:1.6"],
					"libOptions":	{
						"libsContainingOptions":	[]
					},
					"prebuiltLibs":	{
						"prebuiltIncPath":	[],
						"prebuiltLibPath":	[]
					},
					"isolation":	{
					}
				}, {
					"domainName":	"standalone_domain",
					"domainDispName":	"standalone_domain",
					"domainDesc":	"standalone_domain",
					"processors":	"ps7_cortexa9_0",
					"os":	"standalone",
					"sdxOs":	"standalone",
					"qemuArgs":	"<platformDir>/resources/signal_detect_platform/standalone_domain/qemu_args.txt",
					"qemuData":	"<platformDir>/resources/signal_detect_platform/standalone_domain/qemu",
					"debugEnable":	"False",
					"domRuntimes":	["cpp"],
					"swRepo":	"",
					"mssOsVer":	"8.1",
					"mssFile":	"",
					"md5Digest":	"9d9647dd92d7d30efd40c762a4ad2096",
					"compatibleApp":	"",
					"domType":	"mssDomain",
					"appSettings":	{
						"appCompilerFlags":	"",
						"appLinkerFlags":	""
					},
					"addedLibs":	[],
					"libOptions":	{
						"libsContainingOptions":	[]
					},
					"prebuiltLibs":	{
						"prebuiltIncPath":	[],
						"prebuiltLibPath":	[]
					},
					"isolation":	{
					}
				}]
		}]
}
TRACE::2026-04-26.18:17:18::SCWPlatform::Trying to open the hw design at C:/Users/suren/Documents/ECE_520/Final_Project/Sandbox/signal_detect_vitis/signal_detect_platform/hw/signal_detect_bd_wrapper.xsa
TRACE::2026-04-26.18:17:18::SCWPlatform::DSA given C:/Users/suren/Documents/ECE_520/Final_Project/Sandbox/signal_detect_vitis/signal_detect_platform/hw/signal_detect_bd_wrapper.xsa
TRACE::2026-04-26.18:17:18::SCWPlatform::DSA absoulate path C:/Users/suren/Documents/ECE_520/Final_Project/Sandbox/signal_detect_vitis/signal_detect_platform/hw/signal_detect_bd_wrapper.xsa
TRACE::2026-04-26.18:17:18::SCWPlatform::DSA directory C:/Users/suren/Documents/ECE_520/Final_Project/Sandbox/signal_detect_vitis/signal_detect_platform/hw
TRACE::2026-04-26.18:17:18::SCWPlatform:: Platform Path C:/Users/suren/Documents/ECE_520/Final_Project/Sandbox/signal_detect_vitis/signal_detect_platform/hw/signal_detect_bd_wrapper.xsa
TRACE::2026-04-26.18:17:18::SCWPlatform:: Unique name xilinx:zybo-z7-10::0.0
TRACE::2026-04-26.18:17:18::SCWPlatform::Trying to set the existing hwdb with name signal_detect_bd_wrapper_0
TRACE::2026-04-26.18:17:18::SCWPlatform::Opened existing hwdb signal_detect_bd_wrapper_0
TRACE::2026-04-26.18:17:18::SCWPlatform::Found the Hw Db part of the input DSA
TRACE::2026-04-26.18:17:18::SCWMssOS::Checking the sw design at  C:/Users/suren/Documents/ECE_520/Final_Project/Sandbox/signal_detect_vitis/signal_detect_platform/ps7_cortexa9_0/standalone_domain/bsp/system.mss
TRACE::2026-04-26.18:17:18::SCWMssOS::DEBUG:  swdes dump  C:/Users/suren/Documents/ECE_520/Final_Project/Sandbox/signal_detect_vitis/signal_detect_platform/ps7_cortexa9_0/standalone_domain/bsp/system.mss|system_0||
C:/Users/suren/Documents/ECE_520/Final_Project/Sandbox/signal_detect_vitis/signal_detect_platform/zynq_fsbl/zynq_fsbl_bsp/system.mss|system||

TRACE::2026-04-26.18:17:18::SCWMssOS::Sw design exists and opened at  C:/Users/suren/Documents/ECE_520/Final_Project/Sandbox/signal_detect_vitis/signal_detect_platform/ps7_cortexa9_0/standalone_domain/bsp/system.mss
TRACE::2026-04-26.18:17:18::SCWPlatform::Trying to open the hw design at C:/Users/suren/Documents/ECE_520/Final_Project/Sandbox/signal_detect_vitis/signal_detect_platform/hw/signal_detect_bd_wrapper.xsa
TRACE::2026-04-26.18:17:18::SCWPlatform::DSA given C:/Users/suren/Documents/ECE_520/Final_Project/Sandbox/signal_detect_vitis/signal_detect_platform/hw/signal_detect_bd_wrapper.xsa
TRACE::2026-04-26.18:17:18::SCWPlatform::DSA absoulate path C:/Users/suren/Documents/ECE_520/Final_Project/Sandbox/signal_detect_vitis/signal_detect_platform/hw/signal_detect_bd_wrapper.xsa
TRACE::2026-04-26.18:17:18::SCWPlatform::DSA directory C:/Users/suren/Documents/ECE_520/Final_Project/Sandbox/signal_detect_vitis/signal_detect_platform/hw
TRACE::2026-04-26.18:17:18::SCWPlatform:: Platform Path C:/Users/suren/Documents/ECE_520/Final_Project/Sandbox/signal_detect_vitis/signal_detect_platform/hw/signal_detect_bd_wrapper.xsa
TRACE::2026-04-26.18:17:18::SCWPlatform:: Unique name xilinx:zybo-z7-10::0.0
TRACE::2026-04-26.18:17:18::SCWPlatform::Trying to set the existing hwdb with name signal_detect_bd_wrapper_0
TRACE::2026-04-26.18:17:18::SCWPlatform::Opened existing hwdb signal_detect_bd_wrapper_0
TRACE::2026-04-26.18:17:18::SCWPlatform::Found the Hw Db part of the input DSA
TRACE::2026-04-26.18:17:18::SCWMssOS::Checking the sw design at  C:/Users/suren/Documents/ECE_520/Final_Project/Sandbox/signal_detect_vitis/signal_detect_platform/ps7_cortexa9_0/standalone_domain/bsp/system.mss
TRACE::2026-04-26.18:17:18::SCWMssOS::DEBUG:  swdes dump  C:/Users/suren/Documents/ECE_520/Final_Project/Sandbox/signal_detect_vitis/signal_detect_platform/ps7_cortexa9_0/standalone_domain/bsp/system.mss|system_0||
C:/Users/suren/Documents/ECE_520/Final_Project/Sandbox/signal_detect_vitis/signal_detect_platform/zynq_fsbl/zynq_fsbl_bsp/system.mss|system||

TRACE::2026-04-26.18:17:18::SCWMssOS::Sw design exists and opened at  C:/Users/suren/Documents/ECE_520/Final_Project/Sandbox/signal_detect_vitis/signal_detect_platform/ps7_cortexa9_0/standalone_domain/bsp/system.mss
TRACE::2026-04-26.18:17:18::SCWPlatform::Trying to open the hw design at C:/Users/suren/Documents/ECE_520/Final_Project/Sandbox/signal_detect_vitis/signal_detect_platform/hw/signal_detect_bd_wrapper.xsa
TRACE::2026-04-26.18:17:18::SCWPlatform::DSA given C:/Users/suren/Documents/ECE_520/Final_Project/Sandbox/signal_detect_vitis/signal_detect_platform/hw/signal_detect_bd_wrapper.xsa
TRACE::2026-04-26.18:17:18::SCWPlatform::DSA absoulate path C:/Users/suren/Documents/ECE_520/Final_Project/Sandbox/signal_detect_vitis/signal_detect_platform/hw/signal_detect_bd_wrapper.xsa
TRACE::2026-04-26.18:17:18::SCWPlatform::DSA directory C:/Users/suren/Documents/ECE_520/Final_Project/Sandbox/signal_detect_vitis/signal_detect_platform/hw
TRACE::2026-04-26.18:17:18::SCWPlatform:: Platform Path C:/Users/suren/Documents/ECE_520/Final_Project/Sandbox/signal_detect_vitis/signal_detect_platform/hw/signal_detect_bd_wrapper.xsa
TRACE::2026-04-26.18:17:18::SCWPlatform:: Unique name xilinx:zybo-z7-10::0.0
TRACE::2026-04-26.18:17:18::SCWPlatform::Trying to set the existing hwdb with name signal_detect_bd_wrapper_0
TRACE::2026-04-26.18:17:18::SCWPlatform::Opened existing hwdb signal_detect_bd_wrapper_0
TRACE::2026-04-26.18:17:18::SCWPlatform::Found the Hw Db part of the input DSA
TRACE::2026-04-26.18:17:18::SCWMssOS::Checking the sw design at  C:/Users/suren/Documents/ECE_520/Final_Project/Sandbox/signal_detect_vitis/signal_detect_platform/ps7_cortexa9_0/standalone_domain/bsp/system.mss
TRACE::2026-04-26.18:17:18::SCWMssOS::DEBUG:  swdes dump  C:/Users/suren/Documents/ECE_520/Final_Project/Sandbox/signal_detect_vitis/signal_detect_platform/ps7_cortexa9_0/standalone_domain/bsp/system.mss|system_0||
C:/Users/suren/Documents/ECE_520/Final_Project/Sandbox/signal_detect_vitis/signal_detect_platform/zynq_fsbl/zynq_fsbl_bsp/system.mss|system||

TRACE::2026-04-26.18:17:18::SCWMssOS::Sw design exists and opened at  C:/Users/suren/Documents/ECE_520/Final_Project/Sandbox/signal_detect_vitis/signal_detect_platform/ps7_cortexa9_0/standalone_domain/bsp/system.mss
TRACE::2026-04-26.18:17:18::SCWMssOS::Saving the mss changes C:/Users/suren/Documents/ECE_520/Final_Project/Sandbox/signal_detect_vitis/signal_detect_platform/zynq_fsbl/zynq_fsbl_bsp/system.mss
TRACE::2026-04-26.18:17:18::SCWMssOS::Found a swdesign opened with the mssfile.
TRACE::2026-04-26.18:17:18::SCWMssOS::Completed writemss as part of save.
TRACE::2026-04-26.18:17:18::SCWMssOS::Commit changes completed.
TRACE::2026-04-26.18:17:18::SCWMssOS::Saving the mss changes C:/Users/suren/Documents/ECE_520/Final_Project/Sandbox/signal_detect_vitis/signal_detect_platform/ps7_cortexa9_0/standalone_domain/bsp/system.mss
TRACE::2026-04-26.18:17:18::SCWMssOS::Found a swdesign opened with the mssfile.
TRACE::2026-04-26.18:17:18::SCWMssOS::Completed writemss as part of save.
TRACE::2026-04-26.18:17:18::SCWMssOS::Commit changes completed.
TRACE::2026-04-26.18:17:18::SCWPlatform::Trying to open the hw design at C:/Users/suren/Documents/ECE_520/Final_Project/Sandbox/signal_detect_vitis/signal_detect_platform/hw/signal_detect_bd_wrapper.xsa
TRACE::2026-04-26.18:17:18::SCWPlatform::DSA given C:/Users/suren/Documents/ECE_520/Final_Project/Sandbox/signal_detect_vitis/signal_detect_platform/hw/signal_detect_bd_wrapper.xsa
TRACE::2026-04-26.18:17:18::SCWPlatform::DSA absoulate path C:/Users/suren/Documents/ECE_520/Final_Project/Sandbox/signal_detect_vitis/signal_detect_platform/hw/signal_detect_bd_wrapper.xsa
TRACE::2026-04-26.18:17:18::SCWPlatform::DSA directory C:/Users/suren/Documents/ECE_520/Final_Project/Sandbox/signal_detect_vitis/signal_detect_platform/hw
TRACE::2026-04-26.18:17:18::SCWPlatform:: Platform Path C:/Users/suren/Documents/ECE_520/Final_Project/Sandbox/signal_detect_vitis/signal_detect_platform/hw/signal_detect_bd_wrapper.xsa
TRACE::2026-04-26.18:17:18::SCWPlatform:: Unique name xilinx:zybo-z7-10::0.0
TRACE::2026-04-26.18:17:18::SCWPlatform::Trying to set the existing hwdb with name signal_detect_bd_wrapper_0
TRACE::2026-04-26.18:17:18::SCWPlatform::Opened existing hwdb signal_detect_bd_wrapper_0
TRACE::2026-04-26.18:17:18::SCWPlatform::Found the Hw Db part of the input DSA
TRACE::2026-04-26.18:17:18::SCWMssOS::Checking the sw design at  C:/Users/suren/Documents/ECE_520/Final_Project/Sandbox/signal_detect_vitis/signal_detect_platform/zynq_fsbl/zynq_fsbl_bsp/system.mss
TRACE::2026-04-26.18:17:18::SCWMssOS::DEBUG:  swdes dump  C:/Users/suren/Documents/ECE_520/Final_Project/Sandbox/signal_detect_vitis/signal_detect_platform/ps7_cortexa9_0/standalone_domain/bsp/system.mss|system_0||
C:/Users/suren/Documents/ECE_520/Final_Project/Sandbox/signal_detect_vitis/signal_detect_platform/zynq_fsbl/zynq_fsbl_bsp/system.mss|system||

TRACE::2026-04-26.18:17:18::SCWMssOS::Sw design exists and opened at  C:/Users/suren/Documents/ECE_520/Final_Project/Sandbox/signal_detect_vitis/signal_detect_platform/zynq_fsbl/zynq_fsbl_bsp/system.mss
TRACE::2026-04-26.18:17:18::SCWPlatform::Trying to open the hw design at C:/Users/suren/Documents/ECE_520/Final_Project/Sandbox/signal_detect_vitis/signal_detect_platform/hw/signal_detect_bd_wrapper.xsa
TRACE::2026-04-26.18:17:18::SCWPlatform::DSA given C:/Users/suren/Documents/ECE_520/Final_Project/Sandbox/signal_detect_vitis/signal_detect_platform/hw/signal_detect_bd_wrapper.xsa
TRACE::2026-04-26.18:17:18::SCWPlatform::DSA absoulate path C:/Users/suren/Documents/ECE_520/Final_Project/Sandbox/signal_detect_vitis/signal_detect_platform/hw/signal_detect_bd_wrapper.xsa
TRACE::2026-04-26.18:17:18::SCWPlatform::DSA directory C:/Users/suren/Documents/ECE_520/Final_Project/Sandbox/signal_detect_vitis/signal_detect_platform/hw
TRACE::2026-04-26.18:17:18::SCWPlatform:: Platform Path C:/Users/suren/Documents/ECE_520/Final_Project/Sandbox/signal_detect_vitis/signal_detect_platform/hw/signal_detect_bd_wrapper.xsa
TRACE::2026-04-26.18:17:18::SCWPlatform:: Unique name xilinx:zybo-z7-10::0.0
TRACE::2026-04-26.18:17:18::SCWPlatform::Trying to set the existing hwdb with name signal_detect_bd_wrapper_0
TRACE::2026-04-26.18:17:18::SCWPlatform::Opened existing hwdb signal_detect_bd_wrapper_0
TRACE::2026-04-26.18:17:18::SCWPlatform::Found the Hw Db part of the input DSA
TRACE::2026-04-26.18:17:18::SCWMssOS::Checking the sw design at  C:/Users/suren/Documents/ECE_520/Final_Project/Sandbox/signal_detect_vitis/signal_detect_platform/zynq_fsbl/zynq_fsbl_bsp/system.mss
TRACE::2026-04-26.18:17:18::SCWMssOS::DEBUG:  swdes dump  C:/Users/suren/Documents/ECE_520/Final_Project/Sandbox/signal_detect_vitis/signal_detect_platform/ps7_cortexa9_0/standalone_domain/bsp/system.mss|system_0||
C:/Users/suren/Documents/ECE_520/Final_Project/Sandbox/signal_detect_vitis/signal_detect_platform/zynq_fsbl/zynq_fsbl_bsp/system.mss|system||

TRACE::2026-04-26.18:17:18::SCWMssOS::Sw design exists and opened at  C:/Users/suren/Documents/ECE_520/Final_Project/Sandbox/signal_detect_vitis/signal_detect_platform/zynq_fsbl/zynq_fsbl_bsp/system.mss
TRACE::2026-04-26.18:17:18::SCWPlatform::Trying to open the hw design at C:/Users/suren/Documents/ECE_520/Final_Project/Sandbox/signal_detect_vitis/signal_detect_platform/hw/signal_detect_bd_wrapper.xsa
TRACE::2026-04-26.18:17:18::SCWPlatform::DSA given C:/Users/suren/Documents/ECE_520/Final_Project/Sandbox/signal_detect_vitis/signal_detect_platform/hw/signal_detect_bd_wrapper.xsa
TRACE::2026-04-26.18:17:18::SCWPlatform::DSA absoulate path C:/Users/suren/Documents/ECE_520/Final_Project/Sandbox/signal_detect_vitis/signal_detect_platform/hw/signal_detect_bd_wrapper.xsa
TRACE::2026-04-26.18:17:18::SCWPlatform::DSA directory C:/Users/suren/Documents/ECE_520/Final_Project/Sandbox/signal_detect_vitis/signal_detect_platform/hw
TRACE::2026-04-26.18:17:18::SCWPlatform:: Platform Path C:/Users/suren/Documents/ECE_520/Final_Project/Sandbox/signal_detect_vitis/signal_detect_platform/hw/signal_detect_bd_wrapper.xsa
TRACE::2026-04-26.18:17:18::SCWPlatform:: Unique name xilinx:zybo-z7-10::0.0
TRACE::2026-04-26.18:17:18::SCWPlatform::Trying to set the existing hwdb with name signal_detect_bd_wrapper_0
TRACE::2026-04-26.18:17:18::SCWPlatform::Opened existing hwdb signal_detect_bd_wrapper_0
TRACE::2026-04-26.18:17:18::SCWPlatform::Found the Hw Db part of the input DSA
TRACE::2026-04-26.18:17:18::SCWMssOS::Checking the sw design at  C:/Users/suren/Documents/ECE_520/Final_Project/Sandbox/signal_detect_vitis/signal_detect_platform/zynq_fsbl/zynq_fsbl_bsp/system.mss
TRACE::2026-04-26.18:17:18::SCWMssOS::DEBUG:  swdes dump  C:/Users/suren/Documents/ECE_520/Final_Project/Sandbox/signal_detect_vitis/signal_detect_platform/ps7_cortexa9_0/standalone_domain/bsp/system.mss|system_0||
C:/Users/suren/Documents/ECE_520/Final_Project/Sandbox/signal_detect_vitis/signal_detect_platform/zynq_fsbl/zynq_fsbl_bsp/system.mss|system||

TRACE::2026-04-26.18:17:18::SCWMssOS::Sw design exists and opened at  C:/Users/suren/Documents/ECE_520/Final_Project/Sandbox/signal_detect_vitis/signal_detect_platform/zynq_fsbl/zynq_fsbl_bsp/system.mss
TRACE::2026-04-26.18:17:18::SCWPlatform::Trying to open the hw design at C:/Users/suren/Documents/ECE_520/Final_Project/Sandbox/signal_detect_vitis/signal_detect_platform/hw/signal_detect_bd_wrapper.xsa
TRACE::2026-04-26.18:17:18::SCWPlatform::DSA given C:/Users/suren/Documents/ECE_520/Final_Project/Sandbox/signal_detect_vitis/signal_detect_platform/hw/signal_detect_bd_wrapper.xsa
TRACE::2026-04-26.18:17:18::SCWPlatform::DSA absoulate path C:/Users/suren/Documents/ECE_520/Final_Project/Sandbox/signal_detect_vitis/signal_detect_platform/hw/signal_detect_bd_wrapper.xsa
TRACE::2026-04-26.18:17:18::SCWPlatform::DSA directory C:/Users/suren/Documents/ECE_520/Final_Project/Sandbox/signal_detect_vitis/signal_detect_platform/hw
TRACE::2026-04-26.18:17:18::SCWPlatform:: Platform Path C:/Users/suren/Documents/ECE_520/Final_Project/Sandbox/signal_detect_vitis/signal_detect_platform/hw/signal_detect_bd_wrapper.xsa
TRACE::2026-04-26.18:17:18::SCWPlatform:: Unique name xilinx:zybo-z7-10::0.0
TRACE::2026-04-26.18:17:18::SCWPlatform::Trying to set the existing hwdb with name signal_detect_bd_wrapper_0
TRACE::2026-04-26.18:17:18::SCWPlatform::Opened existing hwdb signal_detect_bd_wrapper_0
TRACE::2026-04-26.18:17:18::SCWPlatform::Found the Hw Db part of the input DSA
TRACE::2026-04-26.18:17:18::SCWMssOS::Checking the sw design at  C:/Users/suren/Documents/ECE_520/Final_Project/Sandbox/signal_detect_vitis/signal_detect_platform/ps7_cortexa9_0/standalone_domain/bsp/system.mss
TRACE::2026-04-26.18:17:18::SCWMssOS::DEBUG:  swdes dump  C:/Users/suren/Documents/ECE_520/Final_Project/Sandbox/signal_detect_vitis/signal_detect_platform/ps7_cortexa9_0/standalone_domain/bsp/system.mss|system_0||
C:/Users/suren/Documents/ECE_520/Final_Project/Sandbox/signal_detect_vitis/signal_detect_platform/zynq_fsbl/zynq_fsbl_bsp/system.mss|system||

TRACE::2026-04-26.18:17:18::SCWMssOS::Sw design exists and opened at  C:/Users/suren/Documents/ECE_520/Final_Project/Sandbox/signal_detect_vitis/signal_detect_platform/ps7_cortexa9_0/standalone_domain/bsp/system.mss
TRACE::2026-04-26.18:17:18::SCWPlatform::Trying to open the hw design at C:/Users/suren/Documents/ECE_520/Final_Project/Sandbox/signal_detect_vitis/signal_detect_platform/hw/signal_detect_bd_wrapper.xsa
TRACE::2026-04-26.18:17:18::SCWPlatform::DSA given C:/Users/suren/Documents/ECE_520/Final_Project/Sandbox/signal_detect_vitis/signal_detect_platform/hw/signal_detect_bd_wrapper.xsa
TRACE::2026-04-26.18:17:18::SCWPlatform::DSA absoulate path C:/Users/suren/Documents/ECE_520/Final_Project/Sandbox/signal_detect_vitis/signal_detect_platform/hw/signal_detect_bd_wrapper.xsa
TRACE::2026-04-26.18:17:18::SCWPlatform::DSA directory C:/Users/suren/Documents/ECE_520/Final_Project/Sandbox/signal_detect_vitis/signal_detect_platform/hw
TRACE::2026-04-26.18:17:18::SCWPlatform:: Platform Path C:/Users/suren/Documents/ECE_520/Final_Project/Sandbox/signal_detect_vitis/signal_detect_platform/hw/signal_detect_bd_wrapper.xsa
TRACE::2026-04-26.18:17:18::SCWPlatform:: Unique name xilinx:zybo-z7-10::0.0
TRACE::2026-04-26.18:17:18::SCWPlatform::Trying to set the existing hwdb with name signal_detect_bd_wrapper_0
TRACE::2026-04-26.18:17:18::SCWPlatform::Opened existing hwdb signal_detect_bd_wrapper_0
TRACE::2026-04-26.18:17:18::SCWPlatform::Found the Hw Db part of the input DSA
TRACE::2026-04-26.18:17:18::SCWMssOS::Checking the sw design at  C:/Users/suren/Documents/ECE_520/Final_Project/Sandbox/signal_detect_vitis/signal_detect_platform/ps7_cortexa9_0/standalone_domain/bsp/system.mss
TRACE::2026-04-26.18:17:18::SCWMssOS::DEBUG:  swdes dump  C:/Users/suren/Documents/ECE_520/Final_Project/Sandbox/signal_detect_vitis/signal_detect_platform/ps7_cortexa9_0/standalone_domain/bsp/system.mss|system_0||
C:/Users/suren/Documents/ECE_520/Final_Project/Sandbox/signal_detect_vitis/signal_detect_platform/zynq_fsbl/zynq_fsbl_bsp/system.mss|system||

TRACE::2026-04-26.18:17:18::SCWMssOS::Sw design exists and opened at  C:/Users/suren/Documents/ECE_520/Final_Project/Sandbox/signal_detect_vitis/signal_detect_platform/ps7_cortexa9_0/standalone_domain/bsp/system.mss
TRACE::2026-04-26.18:17:18::SCWPlatform::Trying to open the hw design at C:/Users/suren/Documents/ECE_520/Final_Project/Sandbox/signal_detect_vitis/signal_detect_platform/hw/signal_detect_bd_wrapper.xsa
TRACE::2026-04-26.18:17:18::SCWPlatform::DSA given C:/Users/suren/Documents/ECE_520/Final_Project/Sandbox/signal_detect_vitis/signal_detect_platform/hw/signal_detect_bd_wrapper.xsa
TRACE::2026-04-26.18:17:18::SCWPlatform::DSA absoulate path C:/Users/suren/Documents/ECE_520/Final_Project/Sandbox/signal_detect_vitis/signal_detect_platform/hw/signal_detect_bd_wrapper.xsa
TRACE::2026-04-26.18:17:18::SCWPlatform::DSA directory C:/Users/suren/Documents/ECE_520/Final_Project/Sandbox/signal_detect_vitis/signal_detect_platform/hw
TRACE::2026-04-26.18:17:18::SCWPlatform:: Platform Path C:/Users/suren/Documents/ECE_520/Final_Project/Sandbox/signal_detect_vitis/signal_detect_platform/hw/signal_detect_bd_wrapper.xsa
TRACE::2026-04-26.18:17:18::SCWPlatform:: Unique name xilinx:zybo-z7-10::0.0
TRACE::2026-04-26.18:17:18::SCWPlatform::Trying to set the existing hwdb with name signal_detect_bd_wrapper_0
TRACE::2026-04-26.18:17:18::SCWPlatform::Opened existing hwdb signal_detect_bd_wrapper_0
TRACE::2026-04-26.18:17:18::SCWPlatform::Found the Hw Db part of the input DSA
TRACE::2026-04-26.18:17:18::SCWMssOS::Checking the sw design at  C:/Users/suren/Documents/ECE_520/Final_Project/Sandbox/signal_detect_vitis/signal_detect_platform/ps7_cortexa9_0/standalone_domain/bsp/system.mss
TRACE::2026-04-26.18:17:18::SCWMssOS::DEBUG:  swdes dump  C:/Users/suren/Documents/ECE_520/Final_Project/Sandbox/signal_detect_vitis/signal_detect_platform/ps7_cortexa9_0/standalone_domain/bsp/system.mss|system_0||
C:/Users/suren/Documents/ECE_520/Final_Project/Sandbox/signal_detect_vitis/signal_detect_platform/zynq_fsbl/zynq_fsbl_bsp/system.mss|system||

TRACE::2026-04-26.18:17:18::SCWMssOS::Sw design exists and opened at  C:/Users/suren/Documents/ECE_520/Final_Project/Sandbox/signal_detect_vitis/signal_detect_platform/ps7_cortexa9_0/standalone_domain/bsp/system.mss
TRACE::2026-04-26.18:17:18::SCWWriter::formatted JSON is {
	"platformName":	"signal_detect_platform",
	"sprVersion":	"2.0",
	"mode":	"gui",
	"dsaType":	"Fixed",
	"platformDesc":	"signal_detect_platform",
	"platHandOff":	"C:/Users/suren/Documents/ECE_520/Final_Project/Sandbox/signal_detect_sb/signal_detect_bd_wrapper.xsa",
	"platIntHandOff":	"<platformDir>/hw/signal_detect_bd_wrapper.xsa",
	"deviceType":	"zynq",
	"platIsPrebuiltAutogen":	"false",
	"platIsNoBootBsp":	"false",
	"platFsblTarget":	"ps7_cortexa9_0",
	"hasFsblMakeHasChanges":	"false",
	"hasPmufwMakeHasChanges":	"false",
	"fsblExtraCompilerFlags":	"-MMD -MP       -mcpu=cortex-a9 -mfpu=vfpv3 -mfloat-abi=hard ",
	"platPreBuiltFlag":	false,
	"platformSamplesDir":	"",
	"platActiveSys":	"signal_detect_platform",
	"systems":	[{
			"systemName":	"signal_detect_platform",
			"systemDesc":	"signal_detect_platform",
			"sysIsBootAutoGen":	"true",
			"systemDispName":	"signal_detect_platform",
			"sysActiveDom":	"standalone_domain",
			"sysDefaultDom":	"standalone_domain",
			"domains":	[{
					"domainName":	"zynq_fsbl",
					"domainDispName":	"zynq_fsbl",
					"domainDesc":	"FSBL Application BSP - Auto Generated.",
					"processors":	"ps7_cortexa9_0",
					"os":	"standalone",
					"sdxOs":	"standalone",
					"debugEnable":	"",
					"domRuntimes":	["cpp"],
					"swRepo":	"",
					"mssOsVer":	"8.1",
					"mssFile":	"",
					"md5Digest":	"24e81f5df4a1b28986eb4269e22351fe",
					"compatibleApp":	"zynq_fsbl",
					"domType":	"bootDomain",
					"arch":	"32-bit",
					"appSettings":	{
						"appCompilerFlags":	"",
						"appLinkerFlags":	""
					},
					"addedLibs":	["xilffs:5.0", "xilrsa:1.6"],
					"libOptions":	{
						"libsContainingOptions":	[]
					},
					"prebuiltLibs":	{
						"prebuiltIncPath":	[],
						"prebuiltLibPath":	[]
					},
					"isolation":	{
					}
				}, {
					"domainName":	"standalone_domain",
					"domainDispName":	"standalone on ps7_cortexa9_0",
					"domainDesc":	"standalone_domain",
					"processors":	"ps7_cortexa9_0",
					"os":	"standalone",
					"sdxOs":	"standalone",
					"qemuArgs":	"<platformDir>/resources/signal_detect_platform/standalone_domain/qemu_args.txt",
					"qemuData":	"<platformDir>/resources/signal_detect_platform/standalone_domain/qemu",
					"debugEnable":	"False",
					"domRuntimes":	["cpp"],
					"swRepo":	"",
					"mssOsVer":	"8.1",
					"mssFile":	"",
					"md5Digest":	"9d9647dd92d7d30efd40c762a4ad2096",
					"compatibleApp":	"",
					"domType":	"mssDomain",
					"appSettings":	{
						"appCompilerFlags":	"",
						"appLinkerFlags":	""
					},
					"addedLibs":	[],
					"libOptions":	{
						"libsContainingOptions":	[]
					},
					"prebuiltLibs":	{
						"prebuiltIncPath":	[],
						"prebuiltLibPath":	[]
					},
					"isolation":	{
					}
				}]
		}]
}
TRACE::2026-04-26.18:17:18::SCWMssOS::Saving the mss changes C:/Users/suren/Documents/ECE_520/Final_Project/Sandbox/signal_detect_vitis/signal_detect_platform/zynq_fsbl/zynq_fsbl_bsp/system.mss
TRACE::2026-04-26.18:17:18::SCWMssOS::Found a swdesign opened with the mssfile.
TRACE::2026-04-26.18:17:18::SCWMssOS::Completed writemss as part of save.
TRACE::2026-04-26.18:17:18::SCWMssOS::Commit changes completed.
TRACE::2026-04-26.18:17:18::SCWMssOS::Saving the mss changes C:/Users/suren/Documents/ECE_520/Final_Project/Sandbox/signal_detect_vitis/signal_detect_platform/ps7_cortexa9_0/standalone_domain/bsp/system.mss
TRACE::2026-04-26.18:17:18::SCWMssOS::Found a swdesign opened with the mssfile.
TRACE::2026-04-26.18:17:18::SCWMssOS::Completed writemss as part of save.
TRACE::2026-04-26.18:17:18::SCWMssOS::Commit changes completed.
TRACE::2026-04-26.18:17:18::SCWPlatform::Trying to open the hw design at C:/Users/suren/Documents/ECE_520/Final_Project/Sandbox/signal_detect_vitis/signal_detect_platform/hw/signal_detect_bd_wrapper.xsa
TRACE::2026-04-26.18:17:18::SCWPlatform::DSA given C:/Users/suren/Documents/ECE_520/Final_Project/Sandbox/signal_detect_vitis/signal_detect_platform/hw/signal_detect_bd_wrapper.xsa
TRACE::2026-04-26.18:17:18::SCWPlatform::DSA absoulate path C:/Users/suren/Documents/ECE_520/Final_Project/Sandbox/signal_detect_vitis/signal_detect_platform/hw/signal_detect_bd_wrapper.xsa
TRACE::2026-04-26.18:17:18::SCWPlatform::DSA directory C:/Users/suren/Documents/ECE_520/Final_Project/Sandbox/signal_detect_vitis/signal_detect_platform/hw
TRACE::2026-04-26.18:17:18::SCWPlatform:: Platform Path C:/Users/suren/Documents/ECE_520/Final_Project/Sandbox/signal_detect_vitis/signal_detect_platform/hw/signal_detect_bd_wrapper.xsa
TRACE::2026-04-26.18:17:18::SCWPlatform:: Unique name xilinx:zybo-z7-10::0.0
TRACE::2026-04-26.18:17:18::SCWPlatform::Trying to set the existing hwdb with name signal_detect_bd_wrapper_0
TRACE::2026-04-26.18:17:18::SCWPlatform::Opened existing hwdb signal_detect_bd_wrapper_0
TRACE::2026-04-26.18:17:18::SCWPlatform::Found the Hw Db part of the input DSA
TRACE::2026-04-26.18:17:18::SCWMssOS::Checking the sw design at  C:/Users/suren/Documents/ECE_520/Final_Project/Sandbox/signal_detect_vitis/signal_detect_platform/zynq_fsbl/zynq_fsbl_bsp/system.mss
TRACE::2026-04-26.18:17:18::SCWMssOS::DEBUG:  swdes dump  C:/Users/suren/Documents/ECE_520/Final_Project/Sandbox/signal_detect_vitis/signal_detect_platform/ps7_cortexa9_0/standalone_domain/bsp/system.mss|system_0||
C:/Users/suren/Documents/ECE_520/Final_Project/Sandbox/signal_detect_vitis/signal_detect_platform/zynq_fsbl/zynq_fsbl_bsp/system.mss|system||

TRACE::2026-04-26.18:17:18::SCWMssOS::Sw design exists and opened at  C:/Users/suren/Documents/ECE_520/Final_Project/Sandbox/signal_detect_vitis/signal_detect_platform/zynq_fsbl/zynq_fsbl_bsp/system.mss
TRACE::2026-04-26.18:17:18::SCWPlatform::Trying to open the hw design at C:/Users/suren/Documents/ECE_520/Final_Project/Sandbox/signal_detect_vitis/signal_detect_platform/hw/signal_detect_bd_wrapper.xsa
TRACE::2026-04-26.18:17:18::SCWPlatform::DSA given C:/Users/suren/Documents/ECE_520/Final_Project/Sandbox/signal_detect_vitis/signal_detect_platform/hw/signal_detect_bd_wrapper.xsa
TRACE::2026-04-26.18:17:18::SCWPlatform::DSA absoulate path C:/Users/suren/Documents/ECE_520/Final_Project/Sandbox/signal_detect_vitis/signal_detect_platform/hw/signal_detect_bd_wrapper.xsa
TRACE::2026-04-26.18:17:18::SCWPlatform::DSA directory C:/Users/suren/Documents/ECE_520/Final_Project/Sandbox/signal_detect_vitis/signal_detect_platform/hw
TRACE::2026-04-26.18:17:18::SCWPlatform:: Platform Path C:/Users/suren/Documents/ECE_520/Final_Project/Sandbox/signal_detect_vitis/signal_detect_platform/hw/signal_detect_bd_wrapper.xsa
TRACE::2026-04-26.18:17:18::SCWPlatform:: Unique name xilinx:zybo-z7-10::0.0
TRACE::2026-04-26.18:17:18::SCWPlatform::Trying to set the existing hwdb with name signal_detect_bd_wrapper_0
TRACE::2026-04-26.18:17:18::SCWPlatform::Opened existing hwdb signal_detect_bd_wrapper_0
TRACE::2026-04-26.18:17:18::SCWPlatform::Found the Hw Db part of the input DSA
TRACE::2026-04-26.18:17:18::SCWMssOS::Checking the sw design at  C:/Users/suren/Documents/ECE_520/Final_Project/Sandbox/signal_detect_vitis/signal_detect_platform/zynq_fsbl/zynq_fsbl_bsp/system.mss
TRACE::2026-04-26.18:17:18::SCWMssOS::DEBUG:  swdes dump  C:/Users/suren/Documents/ECE_520/Final_Project/Sandbox/signal_detect_vitis/signal_detect_platform/ps7_cortexa9_0/standalone_domain/bsp/system.mss|system_0||
C:/Users/suren/Documents/ECE_520/Final_Project/Sandbox/signal_detect_vitis/signal_detect_platform/zynq_fsbl/zynq_fsbl_bsp/system.mss|system||

TRACE::2026-04-26.18:17:18::SCWMssOS::Sw design exists and opened at  C:/Users/suren/Documents/ECE_520/Final_Project/Sandbox/signal_detect_vitis/signal_detect_platform/zynq_fsbl/zynq_fsbl_bsp/system.mss
TRACE::2026-04-26.18:17:18::SCWPlatform::Trying to open the hw design at C:/Users/suren/Documents/ECE_520/Final_Project/Sandbox/signal_detect_vitis/signal_detect_platform/hw/signal_detect_bd_wrapper.xsa
TRACE::2026-04-26.18:17:18::SCWPlatform::DSA given C:/Users/suren/Documents/ECE_520/Final_Project/Sandbox/signal_detect_vitis/signal_detect_platform/hw/signal_detect_bd_wrapper.xsa
TRACE::2026-04-26.18:17:18::SCWPlatform::DSA absoulate path C:/Users/suren/Documents/ECE_520/Final_Project/Sandbox/signal_detect_vitis/signal_detect_platform/hw/signal_detect_bd_wrapper.xsa
TRACE::2026-04-26.18:17:18::SCWPlatform::DSA directory C:/Users/suren/Documents/ECE_520/Final_Project/Sandbox/signal_detect_vitis/signal_detect_platform/hw
TRACE::2026-04-26.18:17:18::SCWPlatform:: Platform Path C:/Users/suren/Documents/ECE_520/Final_Project/Sandbox/signal_detect_vitis/signal_detect_platform/hw/signal_detect_bd_wrapper.xsa
TRACE::2026-04-26.18:17:18::SCWPlatform:: Unique name xilinx:zybo-z7-10::0.0
TRACE::2026-04-26.18:17:18::SCWPlatform::Trying to set the existing hwdb with name signal_detect_bd_wrapper_0
TRACE::2026-04-26.18:17:18::SCWPlatform::Opened existing hwdb signal_detect_bd_wrapper_0
TRACE::2026-04-26.18:17:18::SCWPlatform::Found the Hw Db part of the input DSA
TRACE::2026-04-26.18:17:18::SCWMssOS::Checking the sw design at  C:/Users/suren/Documents/ECE_520/Final_Project/Sandbox/signal_detect_vitis/signal_detect_platform/zynq_fsbl/zynq_fsbl_bsp/system.mss
TRACE::2026-04-26.18:17:18::SCWMssOS::DEBUG:  swdes dump  C:/Users/suren/Documents/ECE_520/Final_Project/Sandbox/signal_detect_vitis/signal_detect_platform/ps7_cortexa9_0/standalone_domain/bsp/system.mss|system_0||
C:/Users/suren/Documents/ECE_520/Final_Project/Sandbox/signal_detect_vitis/signal_detect_platform/zynq_fsbl/zynq_fsbl_bsp/system.mss|system||

TRACE::2026-04-26.18:17:18::SCWMssOS::Sw design exists and opened at  C:/Users/suren/Documents/ECE_520/Final_Project/Sandbox/signal_detect_vitis/signal_detect_platform/zynq_fsbl/zynq_fsbl_bsp/system.mss
TRACE::2026-04-26.18:17:18::SCWPlatform::Trying to open the hw design at C:/Users/suren/Documents/ECE_520/Final_Project/Sandbox/signal_detect_vitis/signal_detect_platform/hw/signal_detect_bd_wrapper.xsa
TRACE::2026-04-26.18:17:18::SCWPlatform::DSA given C:/Users/suren/Documents/ECE_520/Final_Project/Sandbox/signal_detect_vitis/signal_detect_platform/hw/signal_detect_bd_wrapper.xsa
TRACE::2026-04-26.18:17:18::SCWPlatform::DSA absoulate path C:/Users/suren/Documents/ECE_520/Final_Project/Sandbox/signal_detect_vitis/signal_detect_platform/hw/signal_detect_bd_wrapper.xsa
TRACE::2026-04-26.18:17:18::SCWPlatform::DSA directory C:/Users/suren/Documents/ECE_520/Final_Project/Sandbox/signal_detect_vitis/signal_detect_platform/hw
TRACE::2026-04-26.18:17:18::SCWPlatform:: Platform Path C:/Users/suren/Documents/ECE_520/Final_Project/Sandbox/signal_detect_vitis/signal_detect_platform/hw/signal_detect_bd_wrapper.xsa
TRACE::2026-04-26.18:17:18::SCWPlatform:: Unique name xilinx:zybo-z7-10::0.0
TRACE::2026-04-26.18:17:18::SCWPlatform::Trying to set the existing hwdb with name signal_detect_bd_wrapper_0
TRACE::2026-04-26.18:17:18::SCWPlatform::Opened existing hwdb signal_detect_bd_wrapper_0
TRACE::2026-04-26.18:17:18::SCWPlatform::Found the Hw Db part of the input DSA
TRACE::2026-04-26.18:17:18::SCWMssOS::Checking the sw design at  C:/Users/suren/Documents/ECE_520/Final_Project/Sandbox/signal_detect_vitis/signal_detect_platform/ps7_cortexa9_0/standalone_domain/bsp/system.mss
TRACE::2026-04-26.18:17:18::SCWMssOS::DEBUG:  swdes dump  C:/Users/suren/Documents/ECE_520/Final_Project/Sandbox/signal_detect_vitis/signal_detect_platform/ps7_cortexa9_0/standalone_domain/bsp/system.mss|system_0||
C:/Users/suren/Documents/ECE_520/Final_Project/Sandbox/signal_detect_vitis/signal_detect_platform/zynq_fsbl/zynq_fsbl_bsp/system.mss|system||

TRACE::2026-04-26.18:17:18::SCWMssOS::Sw design exists and opened at  C:/Users/suren/Documents/ECE_520/Final_Project/Sandbox/signal_detect_vitis/signal_detect_platform/ps7_cortexa9_0/standalone_domain/bsp/system.mss
TRACE::2026-04-26.18:17:18::SCWPlatform::Trying to open the hw design at C:/Users/suren/Documents/ECE_520/Final_Project/Sandbox/signal_detect_vitis/signal_detect_platform/hw/signal_detect_bd_wrapper.xsa
TRACE::2026-04-26.18:17:18::SCWPlatform::DSA given C:/Users/suren/Documents/ECE_520/Final_Project/Sandbox/signal_detect_vitis/signal_detect_platform/hw/signal_detect_bd_wrapper.xsa
TRACE::2026-04-26.18:17:18::SCWPlatform::DSA absoulate path C:/Users/suren/Documents/ECE_520/Final_Project/Sandbox/signal_detect_vitis/signal_detect_platform/hw/signal_detect_bd_wrapper.xsa
TRACE::2026-04-26.18:17:18::SCWPlatform::DSA directory C:/Users/suren/Documents/ECE_520/Final_Project/Sandbox/signal_detect_vitis/signal_detect_platform/hw
TRACE::2026-04-26.18:17:18::SCWPlatform:: Platform Path C:/Users/suren/Documents/ECE_520/Final_Project/Sandbox/signal_detect_vitis/signal_detect_platform/hw/signal_detect_bd_wrapper.xsa
TRACE::2026-04-26.18:17:18::SCWPlatform:: Unique name xilinx:zybo-z7-10::0.0
TRACE::2026-04-26.18:17:18::SCWPlatform::Trying to set the existing hwdb with name signal_detect_bd_wrapper_0
TRACE::2026-04-26.18:17:18::SCWPlatform::Opened existing hwdb signal_detect_bd_wrapper_0
TRACE::2026-04-26.18:17:18::SCWPlatform::Found the Hw Db part of the input DSA
TRACE::2026-04-26.18:17:18::SCWMssOS::Checking the sw design at  C:/Users/suren/Documents/ECE_520/Final_Project/Sandbox/signal_detect_vitis/signal_detect_platform/ps7_cortexa9_0/standalone_domain/bsp/system.mss
TRACE::2026-04-26.18:17:18::SCWMssOS::DEBUG:  swdes dump  C:/Users/suren/Documents/ECE_520/Final_Project/Sandbox/signal_detect_vitis/signal_detect_platform/ps7_cortexa9_0/standalone_domain/bsp/system.mss|system_0||
C:/Users/suren/Documents/ECE_520/Final_Project/Sandbox/signal_detect_vitis/signal_detect_platform/zynq_fsbl/zynq_fsbl_bsp/system.mss|system||

TRACE::2026-04-26.18:17:18::SCWMssOS::Sw design exists and opened at  C:/Users/suren/Documents/ECE_520/Final_Project/Sandbox/signal_detect_vitis/signal_detect_platform/ps7_cortexa9_0/standalone_domain/bsp/system.mss
TRACE::2026-04-26.18:17:18::SCWPlatform::Trying to open the hw design at C:/Users/suren/Documents/ECE_520/Final_Project/Sandbox/signal_detect_vitis/signal_detect_platform/hw/signal_detect_bd_wrapper.xsa
TRACE::2026-04-26.18:17:18::SCWPlatform::DSA given C:/Users/suren/Documents/ECE_520/Final_Project/Sandbox/signal_detect_vitis/signal_detect_platform/hw/signal_detect_bd_wrapper.xsa
TRACE::2026-04-26.18:17:18::SCWPlatform::DSA absoulate path C:/Users/suren/Documents/ECE_520/Final_Project/Sandbox/signal_detect_vitis/signal_detect_platform/hw/signal_detect_bd_wrapper.xsa
TRACE::2026-04-26.18:17:18::SCWPlatform::DSA directory C:/Users/suren/Documents/ECE_520/Final_Project/Sandbox/signal_detect_vitis/signal_detect_platform/hw
TRACE::2026-04-26.18:17:18::SCWPlatform:: Platform Path C:/Users/suren/Documents/ECE_520/Final_Project/Sandbox/signal_detect_vitis/signal_detect_platform/hw/signal_detect_bd_wrapper.xsa
TRACE::2026-04-26.18:17:18::SCWPlatform:: Unique name xilinx:zybo-z7-10::0.0
TRACE::2026-04-26.18:17:18::SCWPlatform::Trying to set the existing hwdb with name signal_detect_bd_wrapper_0
TRACE::2026-04-26.18:17:18::SCWPlatform::Opened existing hwdb signal_detect_bd_wrapper_0
TRACE::2026-04-26.18:17:18::SCWPlatform::Found the Hw Db part of the input DSA
TRACE::2026-04-26.18:17:18::SCWMssOS::Checking the sw design at  C:/Users/suren/Documents/ECE_520/Final_Project/Sandbox/signal_detect_vitis/signal_detect_platform/ps7_cortexa9_0/standalone_domain/bsp/system.mss
TRACE::2026-04-26.18:17:18::SCWMssOS::DEBUG:  swdes dump  C:/Users/suren/Documents/ECE_520/Final_Project/Sandbox/signal_detect_vitis/signal_detect_platform/ps7_cortexa9_0/standalone_domain/bsp/system.mss|system_0||
C:/Users/suren/Documents/ECE_520/Final_Project/Sandbox/signal_detect_vitis/signal_detect_platform/zynq_fsbl/zynq_fsbl_bsp/system.mss|system||

TRACE::2026-04-26.18:17:18::SCWMssOS::Sw design exists and opened at  C:/Users/suren/Documents/ECE_520/Final_Project/Sandbox/signal_detect_vitis/signal_detect_platform/ps7_cortexa9_0/standalone_domain/bsp/system.mss
TRACE::2026-04-26.18:17:18::SCWWriter::formatted JSON is {
	"platformName":	"signal_detect_platform",
	"sprVersion":	"2.0",
	"mode":	"gui",
	"dsaType":	"Fixed",
	"platformDesc":	"signal_detect_platform",
	"platHandOff":	"C:/Users/suren/Documents/ECE_520/Final_Project/Sandbox/signal_detect_sb/signal_detect_bd_wrapper.xsa",
	"platIntHandOff":	"<platformDir>/hw/signal_detect_bd_wrapper.xsa",
	"deviceType":	"zynq",
	"platIsPrebuiltAutogen":	"false",
	"platIsNoBootBsp":	"false",
	"platFsblTarget":	"ps7_cortexa9_0",
	"hasFsblMakeHasChanges":	"false",
	"hasPmufwMakeHasChanges":	"false",
	"fsblExtraCompilerFlags":	"-MMD -MP       -mcpu=cortex-a9 -mfpu=vfpv3 -mfloat-abi=hard ",
	"platPreBuiltFlag":	false,
	"platformSamplesDir":	"",
	"platActiveSys":	"signal_detect_platform",
	"systems":	[{
			"systemName":	"signal_detect_platform",
			"systemDesc":	"signal_detect_platform",
			"sysIsBootAutoGen":	"true",
			"systemDispName":	"signal_detect_platform",
			"sysActiveDom":	"standalone_domain",
			"sysDefaultDom":	"standalone_domain",
			"domains":	[{
					"domainName":	"zynq_fsbl",
					"domainDispName":	"zynq_fsbl",
					"domainDesc":	"FSBL Application BSP - Auto Generated.",
					"processors":	"ps7_cortexa9_0",
					"os":	"standalone",
					"sdxOs":	"standalone",
					"debugEnable":	"",
					"domRuntimes":	["cpp"],
					"swRepo":	"",
					"mssOsVer":	"8.1",
					"mssFile":	"",
					"md5Digest":	"24e81f5df4a1b28986eb4269e22351fe",
					"compatibleApp":	"zynq_fsbl",
					"domType":	"bootDomain",
					"arch":	"32-bit",
					"appSettings":	{
						"appCompilerFlags":	"",
						"appLinkerFlags":	""
					},
					"addedLibs":	["xilffs:5.0", "xilrsa:1.6"],
					"libOptions":	{
						"libsContainingOptions":	[]
					},
					"prebuiltLibs":	{
						"prebuiltIncPath":	[],
						"prebuiltLibPath":	[]
					},
					"isolation":	{
					}
				}, {
					"domainName":	"standalone_domain",
					"domainDispName":	"standalone on ps7_cortexa9_0",
					"domainDesc":	"standalone_domain",
					"processors":	"ps7_cortexa9_0",
					"os":	"standalone",
					"sdxOs":	"standalone",
					"qemuArgs":	"<platformDir>/resources/signal_detect_platform/standalone_domain/qemu_args.txt",
					"qemuData":	"<platformDir>/resources/signal_detect_platform/standalone_domain/qemu",
					"debugEnable":	"False",
					"domRuntimes":	["cpp"],
					"swRepo":	"",
					"mssOsVer":	"8.1",
					"mssFile":	"",
					"md5Digest":	"9d9647dd92d7d30efd40c762a4ad2096",
					"compatibleApp":	"",
					"domType":	"mssDomain",
					"appSettings":	{
						"appCompilerFlags":	"",
						"appLinkerFlags":	""
					},
					"addedLibs":	[],
					"libOptions":	{
						"libsContainingOptions":	[]
					},
					"prebuiltLibs":	{
						"prebuiltIncPath":	[],
						"prebuiltLibPath":	[]
					},
					"isolation":	{
					}
				}]
		}]
}
TRACE::2026-04-26.18:17:18::SCWPlatform::Clearing the existing platform
TRACE::2026-04-26.18:17:18::SCWSystem::Clearing the existing sysconfig
TRACE::2026-04-26.18:17:18::SCWBDomain::clearing the fsbl build
TRACE::2026-04-26.18:17:18::SCWMssOS::Removing the swdes entry for  C:/Users/suren/Documents/ECE_520/Final_Project/Sandbox/signal_detect_vitis/signal_detect_platform/zynq_fsbl/zynq_fsbl_bsp/system.mss
TRACE::2026-04-26.18:17:18::SCWMssOS::Removing the swdes entry for  C:/Users/suren/Documents/ECE_520/Final_Project/Sandbox/signal_detect_vitis/signal_detect_platform/ps7_cortexa9_0/standalone_domain/bsp/system.mss
TRACE::2026-04-26.18:17:18::SCWSystem::Clearing the domains completed.
TRACE::2026-04-26.18:17:18::SCWPlatform::Clearing the opened hw db.
TRACE::2026-04-26.18:17:18::SCWPlatform::DSA given C:/Users/suren/Documents/ECE_520/Final_Project/Sandbox/signal_detect_vitis/signal_detect_platform/hw/signal_detect_bd_wrapper.xsa
TRACE::2026-04-26.18:17:18::SCWPlatform::DSA absoulate path C:/Users/suren/Documents/ECE_520/Final_Project/Sandbox/signal_detect_vitis/signal_detect_platform/hw/signal_detect_bd_wrapper.xsa
TRACE::2026-04-26.18:17:18::SCWPlatform:: Platform location is C:/Users/suren/Documents/ECE_520/Final_Project/Sandbox/signal_detect_vitis/signal_detect_platform/hw
TRACE::2026-04-26.18:17:18::SCWPlatform:: Platform Path C:/Users/suren/Documents/ECE_520/Final_Project/Sandbox/signal_detect_vitis/signal_detect_platform/hw/signal_detect_bd_wrapper.xsa
TRACE::2026-04-26.18:17:18::SCWPlatform:: Unique name xilinx:zybo-z7-10::0.0
TRACE::2026-04-26.18:17:18::SCWPlatform::Removing the HwDB with name C:/Users/suren/Documents/ECE_520/Final_Project/Sandbox/signal_detect_vitis/signal_detect_platform/hw/signal_detect_bd_wrapper.xsa
TRACE::2026-04-26.18:17:18::SCWPlatform::Trying to open the hw design at C:/Users/suren/Documents/ECE_520/Final_Project/Sandbox/signal_detect_vitis/signal_detect_platform/hw/signal_detect_bd_wrapper.xsa
TRACE::2026-04-26.18:17:18::SCWPlatform::DSA given C:/Users/suren/Documents/ECE_520/Final_Project/Sandbox/signal_detect_vitis/signal_detect_platform/hw/signal_detect_bd_wrapper.xsa
TRACE::2026-04-26.18:17:18::SCWPlatform::DSA absoulate path C:/Users/suren/Documents/ECE_520/Final_Project/Sandbox/signal_detect_vitis/signal_detect_platform/hw/signal_detect_bd_wrapper.xsa
TRACE::2026-04-26.18:17:18::SCWPlatform::DSA directory C:/Users/suren/Documents/ECE_520/Final_Project/Sandbox/signal_detect_vitis/signal_detect_platform/hw
TRACE::2026-04-26.18:17:18::SCWPlatform:: Platform Path C:/Users/suren/Documents/ECE_520/Final_Project/Sandbox/signal_detect_vitis/signal_detect_platform/hw/signal_detect_bd_wrapper.xsa
TRACE::2026-04-26.18:17:18::SCWPlatform:: Unique name xilinx:zybo-z7-10::0.0
TRACE::2026-04-26.18:17:18::SCWPlatform::Do not have an existing db opened. 
TRACE::2026-04-26.18:17:19::SCWPlatform::Opened new HwDB with name signal_detect_bd_wrapper_1
TRACE::2026-04-26.18:17:19::SCWReader::Active system found as  signal_detect_platform
TRACE::2026-04-26.18:17:19::SCWReader::Handling sysconfig signal_detect_platform
TRACE::2026-04-26.18:17:19::SCWDomain::checking for install qemu data   : 
TRACE::2026-04-26.18:17:19::SCWDomain:: Using the QEMU Data from install at  : C:/Xilinx/Vitis/2023.1/data/emulation/platforms/zynq/sw/a9_standalone/qemu/
TRACE::2026-04-26.18:17:19::SCWDomain:: Using the QEMU args  from install at  : C:/Xilinx/Vitis/2023.1/data/emulation/platforms/zynq/sw/a9_standalone/qemu/qemu_args.txt
TRACE::2026-04-26.18:17:19::SCWPlatform::Trying to open the hw design at C:/Users/suren/Documents/ECE_520/Final_Project/Sandbox/signal_detect_vitis/signal_detect_platform/hw/signal_detect_bd_wrapper.xsa
TRACE::2026-04-26.18:17:19::SCWPlatform::DSA given C:/Users/suren/Documents/ECE_520/Final_Project/Sandbox/signal_detect_vitis/signal_detect_platform/hw/signal_detect_bd_wrapper.xsa
TRACE::2026-04-26.18:17:19::SCWPlatform::DSA absoulate path C:/Users/suren/Documents/ECE_520/Final_Project/Sandbox/signal_detect_vitis/signal_detect_platform/hw/signal_detect_bd_wrapper.xsa
TRACE::2026-04-26.18:17:19::SCWPlatform::DSA directory C:/Users/suren/Documents/ECE_520/Final_Project/Sandbox/signal_detect_vitis/signal_detect_platform/hw
TRACE::2026-04-26.18:17:19::SCWPlatform:: Platform Path C:/Users/suren/Documents/ECE_520/Final_Project/Sandbox/signal_detect_vitis/signal_detect_platform/hw/signal_detect_bd_wrapper.xsa
TRACE::2026-04-26.18:17:19::SCWPlatform:: Unique name xilinx:zybo-z7-10::0.0
TRACE::2026-04-26.18:17:19::SCWPlatform::Trying to set the existing hwdb with name signal_detect_bd_wrapper_1
TRACE::2026-04-26.18:17:19::SCWPlatform::Opened existing hwdb signal_detect_bd_wrapper_1
TRACE::2026-04-26.18:17:19::SCWPlatform::Found the Hw Db part of the input DSA
TRACE::2026-04-26.18:17:19::SCWPlatform::Trying to open the hw design at C:/Users/suren/Documents/ECE_520/Final_Project/Sandbox/signal_detect_vitis/signal_detect_platform/hw/signal_detect_bd_wrapper.xsa
TRACE::2026-04-26.18:17:19::SCWPlatform::DSA given C:/Users/suren/Documents/ECE_520/Final_Project/Sandbox/signal_detect_vitis/signal_detect_platform/hw/signal_detect_bd_wrapper.xsa
TRACE::2026-04-26.18:17:19::SCWPlatform::DSA absoulate path C:/Users/suren/Documents/ECE_520/Final_Project/Sandbox/signal_detect_vitis/signal_detect_platform/hw/signal_detect_bd_wrapper.xsa
TRACE::2026-04-26.18:17:19::SCWPlatform::DSA directory C:/Users/suren/Documents/ECE_520/Final_Project/Sandbox/signal_detect_vitis/signal_detect_platform/hw
TRACE::2026-04-26.18:17:19::SCWPlatform:: Platform Path C:/Users/suren/Documents/ECE_520/Final_Project/Sandbox/signal_detect_vitis/signal_detect_platform/hw/signal_detect_bd_wrapper.xsa
TRACE::2026-04-26.18:17:19::SCWPlatform:: Unique name xilinx:zybo-z7-10::0.0
TRACE::2026-04-26.18:17:19::SCWPlatform::Trying to set the existing hwdb with name signal_detect_bd_wrapper_1
TRACE::2026-04-26.18:17:19::SCWPlatform::Opened existing hwdb signal_detect_bd_wrapper_1
TRACE::2026-04-26.18:17:19::SCWPlatform::Found the Hw Db part of the input DSA
TRACE::2026-04-26.18:17:19::SCWPlatform::Trying to open the hw design at C:/Users/suren/Documents/ECE_520/Final_Project/Sandbox/signal_detect_vitis/signal_detect_platform/hw/signal_detect_bd_wrapper.xsa
TRACE::2026-04-26.18:17:19::SCWPlatform::DSA given C:/Users/suren/Documents/ECE_520/Final_Project/Sandbox/signal_detect_vitis/signal_detect_platform/hw/signal_detect_bd_wrapper.xsa
TRACE::2026-04-26.18:17:19::SCWPlatform::DSA absoulate path C:/Users/suren/Documents/ECE_520/Final_Project/Sandbox/signal_detect_vitis/signal_detect_platform/hw/signal_detect_bd_wrapper.xsa
TRACE::2026-04-26.18:17:19::SCWPlatform::DSA directory C:/Users/suren/Documents/ECE_520/Final_Project/Sandbox/signal_detect_vitis/signal_detect_platform/hw
TRACE::2026-04-26.18:17:19::SCWPlatform:: Platform Path C:/Users/suren/Documents/ECE_520/Final_Project/Sandbox/signal_detect_vitis/signal_detect_platform/hw/signal_detect_bd_wrapper.xsa
TRACE::2026-04-26.18:17:19::SCWPlatform:: Unique name xilinx:zybo-z7-10::0.0
TRACE::2026-04-26.18:17:19::SCWPlatform::Trying to set the existing hwdb with name signal_detect_bd_wrapper_1
TRACE::2026-04-26.18:17:19::SCWPlatform::Opened existing hwdb signal_detect_bd_wrapper_1
TRACE::2026-04-26.18:17:19::SCWPlatform::Found the Hw Db part of the input DSA
TRACE::2026-04-26.18:17:19::SCWReader::Boot application domain added for zynq_fsbl
TRACE::2026-04-26.18:17:19::SCWPlatform::Trying to open the hw design at C:/Users/suren/Documents/ECE_520/Final_Project/Sandbox/signal_detect_vitis/signal_detect_platform/hw/signal_detect_bd_wrapper.xsa
TRACE::2026-04-26.18:17:19::SCWPlatform::DSA given C:/Users/suren/Documents/ECE_520/Final_Project/Sandbox/signal_detect_vitis/signal_detect_platform/hw/signal_detect_bd_wrapper.xsa
TRACE::2026-04-26.18:17:19::SCWPlatform::DSA absoulate path C:/Users/suren/Documents/ECE_520/Final_Project/Sandbox/signal_detect_vitis/signal_detect_platform/hw/signal_detect_bd_wrapper.xsa
TRACE::2026-04-26.18:17:19::SCWPlatform::DSA directory C:/Users/suren/Documents/ECE_520/Final_Project/Sandbox/signal_detect_vitis/signal_detect_platform/hw
TRACE::2026-04-26.18:17:19::SCWPlatform:: Platform Path C:/Users/suren/Documents/ECE_520/Final_Project/Sandbox/signal_detect_vitis/signal_detect_platform/hw/signal_detect_bd_wrapper.xsa
TRACE::2026-04-26.18:17:19::SCWPlatform:: Unique name xilinx:zybo-z7-10::0.0
TRACE::2026-04-26.18:17:19::SCWPlatform::Trying to set the existing hwdb with name signal_detect_bd_wrapper_1
TRACE::2026-04-26.18:17:19::SCWPlatform::Opened existing hwdb signal_detect_bd_wrapper_1
TRACE::2026-04-26.18:17:19::SCWPlatform::Found the Hw Db part of the input DSA
TRACE::2026-04-26.18:17:19::SCWMssOS::Checking the sw design at  C:/Users/suren/Documents/ECE_520/Final_Project/Sandbox/signal_detect_vitis/signal_detect_platform/zynq_fsbl/zynq_fsbl_bsp/system.mss
TRACE::2026-04-26.18:17:19::SCWMssOS::DEBUG:  swdes dump  
TRACE::2026-04-26.18:17:19::SCWMssOS::No sw design opened at  C:/Users/suren/Documents/ECE_520/Final_Project/Sandbox/signal_detect_vitis/signal_detect_platform/zynq_fsbl/zynq_fsbl_bsp/system.mss
TRACE::2026-04-26.18:17:19::SCWMssOS::mss exists loading the mss file  C:/Users/suren/Documents/ECE_520/Final_Project/Sandbox/signal_detect_vitis/signal_detect_platform/zynq_fsbl/zynq_fsbl_bsp/system.mss
TRACE::2026-04-26.18:17:19::SCWMssOS::Opened the sw design from mss  C:/Users/suren/Documents/ECE_520/Final_Project/Sandbox/signal_detect_vitis/signal_detect_platform/zynq_fsbl/zynq_fsbl_bsp/system.mss
TRACE::2026-04-26.18:17:19::SCWMssOS::Adding the swdes entry C:/Users/suren/Documents/ECE_520/Final_Project/Sandbox/signal_detect_vitis/signal_detect_platform/zynq_fsbl/zynq_fsbl_bsp/system.mss with des name system
TRACE::2026-04-26.18:17:19::SCWMssOS::updating the scw layer about changes
TRACE::2026-04-26.18:17:19::SCWMssOS::Opened the sw design.  C:/Users/suren/Documents/ECE_520/Final_Project/Sandbox/signal_detect_vitis/signal_detect_platform/zynq_fsbl/zynq_fsbl_bsp/system.mss
TRACE::2026-04-26.18:17:19::SCWPlatform::Trying to open the hw design at C:/Users/suren/Documents/ECE_520/Final_Project/Sandbox/signal_detect_vitis/signal_detect_platform/hw/signal_detect_bd_wrapper.xsa
TRACE::2026-04-26.18:17:19::SCWPlatform::DSA given C:/Users/suren/Documents/ECE_520/Final_Project/Sandbox/signal_detect_vitis/signal_detect_platform/hw/signal_detect_bd_wrapper.xsa
TRACE::2026-04-26.18:17:19::SCWPlatform::DSA absoulate path C:/Users/suren/Documents/ECE_520/Final_Project/Sandbox/signal_detect_vitis/signal_detect_platform/hw/signal_detect_bd_wrapper.xsa
TRACE::2026-04-26.18:17:19::SCWPlatform::DSA directory C:/Users/suren/Documents/ECE_520/Final_Project/Sandbox/signal_detect_vitis/signal_detect_platform/hw
TRACE::2026-04-26.18:17:19::SCWPlatform:: Platform Path C:/Users/suren/Documents/ECE_520/Final_Project/Sandbox/signal_detect_vitis/signal_detect_platform/hw/signal_detect_bd_wrapper.xsa
TRACE::2026-04-26.18:17:19::SCWPlatform:: Unique name xilinx:zybo-z7-10::0.0
TRACE::2026-04-26.18:17:19::SCWPlatform::Trying to set the existing hwdb with name signal_detect_bd_wrapper_1
TRACE::2026-04-26.18:17:19::SCWPlatform::Opened existing hwdb signal_detect_bd_wrapper_1
TRACE::2026-04-26.18:17:19::SCWPlatform::Found the Hw Db part of the input DSA
TRACE::2026-04-26.18:17:19::SCWMssOS::Checking the sw design at  C:/Users/suren/Documents/ECE_520/Final_Project/Sandbox/signal_detect_vitis/signal_detect_platform/zynq_fsbl/zynq_fsbl_bsp/system.mss
TRACE::2026-04-26.18:17:19::SCWMssOS::DEBUG:  swdes dump  C:/Users/suren/Documents/ECE_520/Final_Project/Sandbox/signal_detect_vitis/signal_detect_platform/zynq_fsbl/zynq_fsbl_bsp/system.mss|system||

TRACE::2026-04-26.18:17:19::SCWMssOS::Sw design exists and opened at  C:/Users/suren/Documents/ECE_520/Final_Project/Sandbox/signal_detect_vitis/signal_detect_platform/zynq_fsbl/zynq_fsbl_bsp/system.mss
TRACE::2026-04-26.18:17:19::SCWMssOS:: library already available in sw design:  xilffs:5.0
TRACE::2026-04-26.18:17:19::SCWPlatform::Trying to open the hw design at C:/Users/suren/Documents/ECE_520/Final_Project/Sandbox/signal_detect_vitis/signal_detect_platform/hw/signal_detect_bd_wrapper.xsa
TRACE::2026-04-26.18:17:19::SCWPlatform::DSA given C:/Users/suren/Documents/ECE_520/Final_Project/Sandbox/signal_detect_vitis/signal_detect_platform/hw/signal_detect_bd_wrapper.xsa
TRACE::2026-04-26.18:17:19::SCWPlatform::DSA absoulate path C:/Users/suren/Documents/ECE_520/Final_Project/Sandbox/signal_detect_vitis/signal_detect_platform/hw/signal_detect_bd_wrapper.xsa
TRACE::2026-04-26.18:17:19::SCWPlatform::DSA directory C:/Users/suren/Documents/ECE_520/Final_Project/Sandbox/signal_detect_vitis/signal_detect_platform/hw
TRACE::2026-04-26.18:17:19::SCWPlatform:: Platform Path C:/Users/suren/Documents/ECE_520/Final_Project/Sandbox/signal_detect_vitis/signal_detect_platform/hw/signal_detect_bd_wrapper.xsa
TRACE::2026-04-26.18:17:19::SCWPlatform:: Unique name xilinx:zybo-z7-10::0.0
TRACE::2026-04-26.18:17:19::SCWPlatform::Trying to set the existing hwdb with name signal_detect_bd_wrapper_1
TRACE::2026-04-26.18:17:19::SCWPlatform::Opened existing hwdb signal_detect_bd_wrapper_1
TRACE::2026-04-26.18:17:19::SCWPlatform::Found the Hw Db part of the input DSA
TRACE::2026-04-26.18:17:19::SCWMssOS::Checking the sw design at  C:/Users/suren/Documents/ECE_520/Final_Project/Sandbox/signal_detect_vitis/signal_detect_platform/zynq_fsbl/zynq_fsbl_bsp/system.mss
TRACE::2026-04-26.18:17:19::SCWMssOS::DEBUG:  swdes dump  C:/Users/suren/Documents/ECE_520/Final_Project/Sandbox/signal_detect_vitis/signal_detect_platform/zynq_fsbl/zynq_fsbl_bsp/system.mss|system||

TRACE::2026-04-26.18:17:19::SCWMssOS::Sw design exists and opened at  C:/Users/suren/Documents/ECE_520/Final_Project/Sandbox/signal_detect_vitis/signal_detect_platform/zynq_fsbl/zynq_fsbl_bsp/system.mss
TRACE::2026-04-26.18:17:19::SCWMssOS:: library already available in sw design:  xilrsa:1.6
TRACE::2026-04-26.18:17:19::SCWMssOS::Saving the mss changes C:/Users/suren/Documents/ECE_520/Final_Project/Sandbox/signal_detect_vitis/signal_detect_platform/zynq_fsbl/zynq_fsbl_bsp/system.mss
TRACE::2026-04-26.18:17:19::SCWMssOS::Found a swdesign opened with the mssfile.
TRACE::2026-04-26.18:17:19::SCWMssOS::Completed writemss as part of save.
TRACE::2026-04-26.18:17:19::SCWMssOS::Commit changes completed.
TRACE::2026-04-26.18:17:19::SCWReader::Adding prebuilt librarypaths as   
TRACE::2026-04-26.18:17:19::SCWReader::Adding prebuilt incpaths  as   
TRACE::2026-04-26.18:17:19::SCWPlatform::Trying to open the hw design at C:/Users/suren/Documents/ECE_520/Final_Project/Sandbox/signal_detect_vitis/signal_detect_platform/hw/signal_detect_bd_wrapper.xsa
TRACE::2026-04-26.18:17:19::SCWPlatform::DSA given C:/Users/suren/Documents/ECE_520/Final_Project/Sandbox/signal_detect_vitis/signal_detect_platform/hw/signal_detect_bd_wrapper.xsa
TRACE::2026-04-26.18:17:19::SCWPlatform::DSA absoulate path C:/Users/suren/Documents/ECE_520/Final_Project/Sandbox/signal_detect_vitis/signal_detect_platform/hw/signal_detect_bd_wrapper.xsa
TRACE::2026-04-26.18:17:19::SCWPlatform::DSA directory C:/Users/suren/Documents/ECE_520/Final_Project/Sandbox/signal_detect_vitis/signal_detect_platform/hw
TRACE::2026-04-26.18:17:19::SCWPlatform:: Platform Path C:/Users/suren/Documents/ECE_520/Final_Project/Sandbox/signal_detect_vitis/signal_detect_platform/hw/signal_detect_bd_wrapper.xsa
TRACE::2026-04-26.18:17:19::SCWPlatform:: Unique name xilinx:zybo-z7-10::0.0
TRACE::2026-04-26.18:17:19::SCWPlatform::Trying to set the existing hwdb with name signal_detect_bd_wrapper_1
TRACE::2026-04-26.18:17:19::SCWPlatform::Opened existing hwdb signal_detect_bd_wrapper_1
TRACE::2026-04-26.18:17:19::SCWPlatform::Found the Hw Db part of the input DSA
TRACE::2026-04-26.18:17:19::SCWMssOS::Checking the sw design at  C:/Users/suren/Documents/ECE_520/Final_Project/Sandbox/signal_detect_vitis/signal_detect_platform/zynq_fsbl/zynq_fsbl_bsp/system.mss
TRACE::2026-04-26.18:17:19::SCWMssOS::DEBUG:  swdes dump  C:/Users/suren/Documents/ECE_520/Final_Project/Sandbox/signal_detect_vitis/signal_detect_platform/zynq_fsbl/zynq_fsbl_bsp/system.mss|system||

TRACE::2026-04-26.18:17:19::SCWMssOS::Sw design exists and opened at  C:/Users/suren/Documents/ECE_520/Final_Project/Sandbox/signal_detect_vitis/signal_detect_platform/zynq_fsbl/zynq_fsbl_bsp/system.mss
TRACE::2026-04-26.18:17:19::SCWReader::No isolation master present  
TRACE::2026-04-26.18:17:19::SCWDomain::checking for install qemu data   : 
TRACE::2026-04-26.18:17:19::SCWDomain:: Using the QEMU Data from install at  : C:/Xilinx/Vitis/2023.1/data/emulation/platforms/zynq/sw/a9_standalone/qemu/
TRACE::2026-04-26.18:17:19::SCWDomain:: Using the QEMU args  from install at  : C:/Xilinx/Vitis/2023.1/data/emulation/platforms/zynq/sw/a9_standalone/qemu/qemu_args.txt
TRACE::2026-04-26.18:17:19::SCWPlatform::Trying to open the hw design at C:/Users/suren/Documents/ECE_520/Final_Project/Sandbox/signal_detect_vitis/signal_detect_platform/hw/signal_detect_bd_wrapper.xsa
TRACE::2026-04-26.18:17:19::SCWPlatform::DSA given C:/Users/suren/Documents/ECE_520/Final_Project/Sandbox/signal_detect_vitis/signal_detect_platform/hw/signal_detect_bd_wrapper.xsa
TRACE::2026-04-26.18:17:19::SCWPlatform::DSA absoulate path C:/Users/suren/Documents/ECE_520/Final_Project/Sandbox/signal_detect_vitis/signal_detect_platform/hw/signal_detect_bd_wrapper.xsa
TRACE::2026-04-26.18:17:19::SCWPlatform::DSA directory C:/Users/suren/Documents/ECE_520/Final_Project/Sandbox/signal_detect_vitis/signal_detect_platform/hw
TRACE::2026-04-26.18:17:19::SCWPlatform:: Platform Path C:/Users/suren/Documents/ECE_520/Final_Project/Sandbox/signal_detect_vitis/signal_detect_platform/hw/signal_detect_bd_wrapper.xsa
TRACE::2026-04-26.18:17:19::SCWPlatform:: Unique name xilinx:zybo-z7-10::0.0
TRACE::2026-04-26.18:17:19::SCWPlatform::Trying to set the existing hwdb with name signal_detect_bd_wrapper_1
TRACE::2026-04-26.18:17:19::SCWPlatform::Opened existing hwdb signal_detect_bd_wrapper_1
TRACE::2026-04-26.18:17:19::SCWPlatform::Found the Hw Db part of the input DSA
TRACE::2026-04-26.18:17:19::SCWPlatform::Trying to open the hw design at C:/Users/suren/Documents/ECE_520/Final_Project/Sandbox/signal_detect_vitis/signal_detect_platform/hw/signal_detect_bd_wrapper.xsa
TRACE::2026-04-26.18:17:19::SCWPlatform::DSA given C:/Users/suren/Documents/ECE_520/Final_Project/Sandbox/signal_detect_vitis/signal_detect_platform/hw/signal_detect_bd_wrapper.xsa
TRACE::2026-04-26.18:17:19::SCWPlatform::DSA absoulate path C:/Users/suren/Documents/ECE_520/Final_Project/Sandbox/signal_detect_vitis/signal_detect_platform/hw/signal_detect_bd_wrapper.xsa
TRACE::2026-04-26.18:17:19::SCWPlatform::DSA directory C:/Users/suren/Documents/ECE_520/Final_Project/Sandbox/signal_detect_vitis/signal_detect_platform/hw
TRACE::2026-04-26.18:17:19::SCWPlatform:: Platform Path C:/Users/suren/Documents/ECE_520/Final_Project/Sandbox/signal_detect_vitis/signal_detect_platform/hw/signal_detect_bd_wrapper.xsa
TRACE::2026-04-26.18:17:19::SCWPlatform:: Unique name xilinx:zybo-z7-10::0.0
TRACE::2026-04-26.18:17:19::SCWPlatform::Trying to set the existing hwdb with name signal_detect_bd_wrapper_1
TRACE::2026-04-26.18:17:19::SCWPlatform::Opened existing hwdb signal_detect_bd_wrapper_1
TRACE::2026-04-26.18:17:19::SCWPlatform::Found the Hw Db part of the input DSA
TRACE::2026-04-26.18:17:19::SCWPlatform::Trying to open the hw design at C:/Users/suren/Documents/ECE_520/Final_Project/Sandbox/signal_detect_vitis/signal_detect_platform/hw/signal_detect_bd_wrapper.xsa
TRACE::2026-04-26.18:17:19::SCWPlatform::DSA given C:/Users/suren/Documents/ECE_520/Final_Project/Sandbox/signal_detect_vitis/signal_detect_platform/hw/signal_detect_bd_wrapper.xsa
TRACE::2026-04-26.18:17:19::SCWPlatform::DSA absoulate path C:/Users/suren/Documents/ECE_520/Final_Project/Sandbox/signal_detect_vitis/signal_detect_platform/hw/signal_detect_bd_wrapper.xsa
TRACE::2026-04-26.18:17:19::SCWPlatform::DSA directory C:/Users/suren/Documents/ECE_520/Final_Project/Sandbox/signal_detect_vitis/signal_detect_platform/hw
TRACE::2026-04-26.18:17:19::SCWPlatform:: Platform Path C:/Users/suren/Documents/ECE_520/Final_Project/Sandbox/signal_detect_vitis/signal_detect_platform/hw/signal_detect_bd_wrapper.xsa
TRACE::2026-04-26.18:17:19::SCWPlatform:: Unique name xilinx:zybo-z7-10::0.0
TRACE::2026-04-26.18:17:19::SCWPlatform::Trying to set the existing hwdb with name signal_detect_bd_wrapper_1
TRACE::2026-04-26.18:17:19::SCWPlatform::Opened existing hwdb signal_detect_bd_wrapper_1
TRACE::2026-04-26.18:17:19::SCWPlatform::Found the Hw Db part of the input DSA
TRACE::2026-04-26.18:17:19::SCWMssOS::Checking the sw design at  C:/Users/suren/Documents/ECE_520/Final_Project/Sandbox/signal_detect_vitis/signal_detect_platform/ps7_cortexa9_0/standalone_domain/bsp/system.mss
TRACE::2026-04-26.18:17:19::SCWMssOS::DEBUG:  swdes dump  C:/Users/suren/Documents/ECE_520/Final_Project/Sandbox/signal_detect_vitis/signal_detect_platform/zynq_fsbl/zynq_fsbl_bsp/system.mss|system||

TRACE::2026-04-26.18:17:19::SCWMssOS::No sw design opened at  C:/Users/suren/Documents/ECE_520/Final_Project/Sandbox/signal_detect_vitis/signal_detect_platform/ps7_cortexa9_0/standalone_domain/bsp/system.mss
TRACE::2026-04-26.18:17:19::SCWMssOS::mss exists loading the mss file  C:/Users/suren/Documents/ECE_520/Final_Project/Sandbox/signal_detect_vitis/signal_detect_platform/ps7_cortexa9_0/standalone_domain/bsp/system.mss
TRACE::2026-04-26.18:17:19::SCWMssOS::Opened the sw design from mss  C:/Users/suren/Documents/ECE_520/Final_Project/Sandbox/signal_detect_vitis/signal_detect_platform/ps7_cortexa9_0/standalone_domain/bsp/system.mss
TRACE::2026-04-26.18:17:19::SCWMssOS::Adding the swdes entry C:/Users/suren/Documents/ECE_520/Final_Project/Sandbox/signal_detect_vitis/signal_detect_platform/ps7_cortexa9_0/standalone_domain/bsp/system.mss with des name system_0
TRACE::2026-04-26.18:17:19::SCWMssOS::updating the scw layer about changes
TRACE::2026-04-26.18:17:19::SCWMssOS::Opened the sw design.  C:/Users/suren/Documents/ECE_520/Final_Project/Sandbox/signal_detect_vitis/signal_detect_platform/ps7_cortexa9_0/standalone_domain/bsp/system.mss
TRACE::2026-04-26.18:17:19::SCWMssOS::Saving the mss changes C:/Users/suren/Documents/ECE_520/Final_Project/Sandbox/signal_detect_vitis/signal_detect_platform/ps7_cortexa9_0/standalone_domain/bsp/system.mss
TRACE::2026-04-26.18:17:19::SCWMssOS::Found a swdesign opened with the mssfile.
TRACE::2026-04-26.18:17:19::SCWMssOS::Completed writemss as part of save.
TRACE::2026-04-26.18:17:19::SCWMssOS::Commit changes completed.
TRACE::2026-04-26.18:17:19::SCWReader::Adding prebuilt librarypaths as   
TRACE::2026-04-26.18:17:19::SCWReader::Adding prebuilt incpaths  as   
TRACE::2026-04-26.18:17:19::SCWPlatform::Trying to open the hw design at C:/Users/suren/Documents/ECE_520/Final_Project/Sandbox/signal_detect_vitis/signal_detect_platform/hw/signal_detect_bd_wrapper.xsa
TRACE::2026-04-26.18:17:19::SCWPlatform::DSA given C:/Users/suren/Documents/ECE_520/Final_Project/Sandbox/signal_detect_vitis/signal_detect_platform/hw/signal_detect_bd_wrapper.xsa
TRACE::2026-04-26.18:17:19::SCWPlatform::DSA absoulate path C:/Users/suren/Documents/ECE_520/Final_Project/Sandbox/signal_detect_vitis/signal_detect_platform/hw/signal_detect_bd_wrapper.xsa
TRACE::2026-04-26.18:17:19::SCWPlatform::DSA directory C:/Users/suren/Documents/ECE_520/Final_Project/Sandbox/signal_detect_vitis/signal_detect_platform/hw
TRACE::2026-04-26.18:17:19::SCWPlatform:: Platform Path C:/Users/suren/Documents/ECE_520/Final_Project/Sandbox/signal_detect_vitis/signal_detect_platform/hw/signal_detect_bd_wrapper.xsa
TRACE::2026-04-26.18:17:19::SCWPlatform:: Unique name xilinx:zybo-z7-10::0.0
TRACE::2026-04-26.18:17:19::SCWPlatform::Trying to set the existing hwdb with name signal_detect_bd_wrapper_1
TRACE::2026-04-26.18:17:19::SCWPlatform::Opened existing hwdb signal_detect_bd_wrapper_1
TRACE::2026-04-26.18:17:19::SCWPlatform::Found the Hw Db part of the input DSA
TRACE::2026-04-26.18:17:19::SCWMssOS::Checking the sw design at  C:/Users/suren/Documents/ECE_520/Final_Project/Sandbox/signal_detect_vitis/signal_detect_platform/ps7_cortexa9_0/standalone_domain/bsp/system.mss
TRACE::2026-04-26.18:17:19::SCWMssOS::DEBUG:  swdes dump  C:/Users/suren/Documents/ECE_520/Final_Project/Sandbox/signal_detect_vitis/signal_detect_platform/ps7_cortexa9_0/standalone_domain/bsp/system.mss|system_0||
C:/Users/suren/Documents/ECE_520/Final_Project/Sandbox/signal_detect_vitis/signal_detect_platform/zynq_fsbl/zynq_fsbl_bsp/system.mss|system||

TRACE::2026-04-26.18:17:19::SCWMssOS::Sw design exists and opened at  C:/Users/suren/Documents/ECE_520/Final_Project/Sandbox/signal_detect_vitis/signal_detect_platform/ps7_cortexa9_0/standalone_domain/bsp/system.mss
TRACE::2026-04-26.18:17:19::SCWReader::No isolation master present  
LOG::2026-04-26.18:17:44::SCWPlatform::Started generating the artifacts platform signal_detect_platform
TRACE::2026-04-26.18:17:44::SCWPlatform::Sanity checking of platform is completed
LOG::2026-04-26.18:17:44::SCWPlatform::Started generating the artifacts for system configuration signal_detect_platform
LOG::2026-04-26.18:17:44::SCWSystem::Checking the domain zynq_fsbl
LOG::2026-04-26.18:17:44::SCWSystem::Doing application build for :  zynq_fsbl
TRACE::2026-04-26.18:17:44::SCWBDomain::Not a forced makefile updation, No changes are present. 
TRACE::2026-04-26.18:17:44::SCWDomain::Building the domain as part of full build :  zynq_fsbl
TRACE::2026-04-26.18:17:44::SCWPlatform::Trying to open the hw design at C:/Users/suren/Documents/ECE_520/Final_Project/Sandbox/signal_detect_vitis/signal_detect_platform/hw/signal_detect_bd_wrapper.xsa
TRACE::2026-04-26.18:17:44::SCWPlatform::DSA given C:/Users/suren/Documents/ECE_520/Final_Project/Sandbox/signal_detect_vitis/signal_detect_platform/hw/signal_detect_bd_wrapper.xsa
TRACE::2026-04-26.18:17:44::SCWPlatform::DSA absoulate path C:/Users/suren/Documents/ECE_520/Final_Project/Sandbox/signal_detect_vitis/signal_detect_platform/hw/signal_detect_bd_wrapper.xsa
TRACE::2026-04-26.18:17:44::SCWPlatform::DSA directory C:/Users/suren/Documents/ECE_520/Final_Project/Sandbox/signal_detect_vitis/signal_detect_platform/hw
TRACE::2026-04-26.18:17:44::SCWPlatform:: Platform Path C:/Users/suren/Documents/ECE_520/Final_Project/Sandbox/signal_detect_vitis/signal_detect_platform/hw/signal_detect_bd_wrapper.xsa
TRACE::2026-04-26.18:17:44::SCWPlatform:: Unique name xilinx:zybo-z7-10::0.0
TRACE::2026-04-26.18:17:44::SCWPlatform::Trying to set the existing hwdb with name signal_detect_bd_wrapper_1
TRACE::2026-04-26.18:17:44::SCWPlatform::Opened existing hwdb signal_detect_bd_wrapper_1
TRACE::2026-04-26.18:17:44::SCWPlatform::Found the Hw Db part of the input DSA
TRACE::2026-04-26.18:17:44::SCWMssOS::Checking the sw design at  C:/Users/suren/Documents/ECE_520/Final_Project/Sandbox/signal_detect_vitis/signal_detect_platform/zynq_fsbl/zynq_fsbl_bsp/system.mss
TRACE::2026-04-26.18:17:44::SCWMssOS::DEBUG:  swdes dump  C:/Users/suren/Documents/ECE_520/Final_Project/Sandbox/signal_detect_vitis/signal_detect_platform/ps7_cortexa9_0/standalone_domain/bsp/system.mss|system_0||
C:/Users/suren/Documents/ECE_520/Final_Project/Sandbox/signal_detect_vitis/signal_detect_platform/zynq_fsbl/zynq_fsbl_bsp/system.mss|system||

TRACE::2026-04-26.18:17:44::SCWMssOS::Sw design exists and opened at  C:/Users/suren/Documents/ECE_520/Final_Project/Sandbox/signal_detect_vitis/signal_detect_platform/zynq_fsbl/zynq_fsbl_bsp/system.mss
TRACE::2026-04-26.18:17:44::SCWBDomain::Completed writing the mss file at C:/Users/suren/Documents/ECE_520/Final_Project/Sandbox/signal_detect_vitis/signal_detect_platform/zynq_fsbl/zynq_fsbl_bsp
TRACE::2026-04-26.18:17:44::SCWBDomain::bsp generated is upto date with the mss file. Skipping bsp generation.
TRACE::2026-04-26.18:17:44::SCWBDomain::Not a forced makefile updation, No changes are present. 
TRACE::2026-04-26.18:17:44::SCWBDomain::System Command Ran  C:&  cd  C:/Users/suren/Documents/ECE_520/Final_Project/Sandbox/signal_detect_vitis/signal_detect_platform/zynq_fsbl& make -C  zynq_fsbl_bsp & make 
TRACE::2026-04-26.18:17:45::SCWBDomain::make: Entering directory 'C:/Users/suren/Documents/ECE_520/Final_Project/Sandbox/signal_detect_vitis/signal_detect_platform/zyn
TRACE::2026-04-26.18:17:45::SCWBDomain::q_fsbl/zynq_fsbl_bsp'

TRACE::2026-04-26.18:17:45::SCWBDomain::make --no-print-directory seq_libs

TRACE::2026-04-26.18:17:45::SCWBDomain::"Running Make include in ps7_cortexa9_0/libsrc/coresightps_dcc_v1_8/src"

TRACE::2026-04-26.18:17:45::SCWBDomain::make -C ps7_cortexa9_0/libsrc/coresightps_dcc_v1_8/src -s include  "SHELL=CMD" "COMPILER=arm-none-eabi-gcc" "ASSEMBLER=arm-none
TRACE::2026-04-26.18:17:45::SCWBDomain::-eabi-as" "ARCHIVER=arm-none-eabi-ar" "COMPILER_FLAGS=  -O2 -c" "EXTRA_COMPILER_FLAGS=-mcpu=cortex-a9 -mfpu=vfpv3 -mfloat-abi=h
TRACE::2026-04-26.18:17:45::SCWBDomain::ard -nostartfiles -g -Wall -Wextra -fno-tree-loop-distribute-patterns"

TRACE::2026-04-26.18:17:45::SCWBDomain::"Running Make include in ps7_cortexa9_0/libsrc/cpu_cortexa9_v2_11/src"

TRACE::2026-04-26.18:17:45::SCWBDomain::make -C ps7_cortexa9_0/libsrc/cpu_cortexa9_v2_11/src -s include  "SHELL=CMD" "COMPILER=arm-none-eabi-gcc" "ASSEMBLER=arm-none-e
TRACE::2026-04-26.18:17:45::SCWBDomain::abi-as" "ARCHIVER=arm-none-eabi-ar" "COMPILER_FLAGS=  -O2 -c" "EXTRA_COMPILER_FLAGS=-mcpu=cortex-a9 -mfpu=vfpv3 -mfloat-abi=har
TRACE::2026-04-26.18:17:45::SCWBDomain::d -nostartfiles -g -Wall -Wextra -fno-tree-loop-distribute-patterns"

TRACE::2026-04-26.18:17:45::SCWBDomain::"Running Make include in ps7_cortexa9_0/libsrc/ddrps_v1_2/src"

TRACE::2026-04-26.18:17:45::SCWBDomain::make -C ps7_cortexa9_0/libsrc/ddrps_v1_2/src -s include  "SHELL=CMD" "COMPILER=arm-none-eabi-gcc" "ASSEMBLER=arm-none-eabi-as" 
TRACE::2026-04-26.18:17:45::SCWBDomain::"ARCHIVER=arm-none-eabi-ar" "COMPILER_FLAGS=  -O2 -c" "EXTRA_COMPILER_FLAGS=-mcpu=cortex-a9 -mfpu=vfpv3 -mfloat-abi=hard -nosta
TRACE::2026-04-26.18:17:45::SCWBDomain::rtfiles -g -Wall -Wextra -fno-tree-loop-distribute-patterns"

TRACE::2026-04-26.18:17:45::SCWBDomain::"Running Make include in ps7_cortexa9_0/libsrc/devcfg_v3_7/src"

TRACE::2026-04-26.18:17:45::SCWBDomain::make -C ps7_cortexa9_0/libsrc/devcfg_v3_7/src -s include  "SHELL=CMD" "COMPILER=arm-none-eabi-gcc" "ASSEMBLER=arm-none-eabi-as"
TRACE::2026-04-26.18:17:45::SCWBDomain:: "ARCHIVER=arm-none-eabi-ar" "COMPILER_FLAGS=  -O2 -c" "EXTRA_COMPILER_FLAGS=-mcpu=cortex-a9 -mfpu=vfpv3 -mfloat-abi=hard -nost
TRACE::2026-04-26.18:17:45::SCWBDomain::artfiles -g -Wall -Wextra -fno-tree-loop-distribute-patterns"

TRACE::2026-04-26.18:17:45::SCWBDomain::"Running Make include in ps7_cortexa9_0/libsrc/dmaps_v2_8/src"

TRACE::2026-04-26.18:17:46::SCWBDomain::make -C ps7_cortexa9_0/libsrc/dmaps_v2_8/src -s include  "SHELL=CMD" "COMPILER=arm-none-eabi-gcc" "ASSEMBLER=arm-none-eabi-as" 
TRACE::2026-04-26.18:17:46::SCWBDomain::"ARCHIVER=arm-none-eabi-ar" "COMPILER_FLAGS=  -O2 -c" "EXTRA_COMPILER_FLAGS=-mcpu=cortex-a9 -mfpu=vfpv3 -mfloat-abi=hard -nosta
TRACE::2026-04-26.18:17:46::SCWBDomain::rtfiles -g -Wall -Wextra -fno-tree-loop-distribute-patterns"

TRACE::2026-04-26.18:17:46::SCWBDomain::"Running Make include in ps7_cortexa9_0/libsrc/emacps_v3_18/src"

TRACE::2026-04-26.18:17:46::SCWBDomain::make -C ps7_cortexa9_0/libsrc/emacps_v3_18/src -s include  "SHELL=CMD" "COMPILER=arm-none-eabi-gcc" "ASSEMBLER=arm-none-eabi-as
TRACE::2026-04-26.18:17:46::SCWBDomain::" "ARCHIVER=arm-none-eabi-ar" "COMPILER_FLAGS=  -O2 -c" "EXTRA_COMPILER_FLAGS=-mcpu=cortex-a9 -mfpu=vfpv3 -mfloat-abi=hard -nos
TRACE::2026-04-26.18:17:46::SCWBDomain::tartfiles -g -Wall -Wextra -fno-tree-loop-distribute-patterns"

TRACE::2026-04-26.18:17:46::SCWBDomain::"Running Make include in ps7_cortexa9_0/libsrc/gpiops_v3_11/src"

TRACE::2026-04-26.18:17:46::SCWBDomain::make -C ps7_cortexa9_0/libsrc/gpiops_v3_11/src -s include  "SHELL=CMD" "COMPILER=arm-none-eabi-gcc" "ASSEMBLER=arm-none-eabi-as
TRACE::2026-04-26.18:17:46::SCWBDomain::" "ARCHIVER=arm-none-eabi-ar" "COMPILER_FLAGS=  -O2 -c" "EXTRA_COMPILER_FLAGS=-mcpu=cortex-a9 -mfpu=vfpv3 -mfloat-abi=hard -nos
TRACE::2026-04-26.18:17:46::SCWBDomain::tartfiles -g -Wall -Wextra -fno-tree-loop-distribute-patterns"

TRACE::2026-04-26.18:17:46::SCWBDomain::"Running Make include in ps7_cortexa9_0/libsrc/gpio_v4_9/src"

TRACE::2026-04-26.18:17:46::SCWBDomain::make -C ps7_cortexa9_0/libsrc/gpio_v4_9/src -s include  "SHELL=CMD" "COMPILER=arm-none-eabi-gcc" "ASSEMBLER=arm-none-eabi-as" "
TRACE::2026-04-26.18:17:46::SCWBDomain::ARCHIVER=arm-none-eabi-ar" "COMPILER_FLAGS=  -O2 -c" "EXTRA_COMPILER_FLAGS=-mcpu=cortex-a9 -mfpu=vfpv3 -mfloat-abi=hard -nostar
TRACE::2026-04-26.18:17:46::SCWBDomain::tfiles -g -Wall -Wextra -fno-tree-loop-distribute-patterns"

TRACE::2026-04-26.18:17:46::SCWBDomain::"Running Make include in ps7_cortexa9_0/libsrc/qspips_v3_10/src"

TRACE::2026-04-26.18:17:46::SCWBDomain::make -C ps7_cortexa9_0/libsrc/qspips_v3_10/src -s include  "SHELL=CMD" "COMPILER=arm-none-eabi-gcc" "ASSEMBLER=arm-none-eabi-as
TRACE::2026-04-26.18:17:46::SCWBDomain::" "ARCHIVER=arm-none-eabi-ar" "COMPILER_FLAGS=  -O2 -c" "EXTRA_COMPILER_FLAGS=-mcpu=cortex-a9 -mfpu=vfpv3 -mfloat-abi=hard -nos
TRACE::2026-04-26.18:17:46::SCWBDomain::tartfiles -g -Wall -Wextra -fno-tree-loop-distribute-patterns"

TRACE::2026-04-26.18:17:46::SCWBDomain::"Running Make include in ps7_cortexa9_0/libsrc/scugic_v5_1/src"

TRACE::2026-04-26.18:17:46::SCWBDomain::make -C ps7_cortexa9_0/libsrc/scugic_v5_1/src -s include  "SHELL=CMD" "COMPILER=arm-none-eabi-gcc" "ASSEMBLER=arm-none-eabi-as"
TRACE::2026-04-26.18:17:46::SCWBDomain:: "ARCHIVER=arm-none-eabi-ar" "COMPILER_FLAGS=  -O2 -c" "EXTRA_COMPILER_FLAGS=-mcpu=cortex-a9 -mfpu=vfpv3 -mfloat-abi=hard -nost
TRACE::2026-04-26.18:17:46::SCWBDomain::artfiles -g -Wall -Wextra -fno-tree-loop-distribute-patterns"

TRACE::2026-04-26.18:17:46::SCWBDomain::"Running Make include in ps7_cortexa9_0/libsrc/scutimer_v2_4/src"

TRACE::2026-04-26.18:17:46::SCWBDomain::make -C ps7_cortexa9_0/libsrc/scutimer_v2_4/src -s include  "SHELL=CMD" "COMPILER=arm-none-eabi-gcc" "ASSEMBLER=arm-none-eabi-a
TRACE::2026-04-26.18:17:46::SCWBDomain::s" "ARCHIVER=arm-none-eabi-ar" "COMPILER_FLAGS=  -O2 -c" "EXTRA_COMPILER_FLAGS=-mcpu=cortex-a9 -mfpu=vfpv3 -mfloat-abi=hard -no
TRACE::2026-04-26.18:17:46::SCWBDomain::startfiles -g -Wall -Wextra -fno-tree-loop-distribute-patterns"

TRACE::2026-04-26.18:17:46::SCWBDomain::"Running Make include in ps7_cortexa9_0/libsrc/scuwdt_v2_4/src"

TRACE::2026-04-26.18:17:46::SCWBDomain::make -C ps7_cortexa9_0/libsrc/scuwdt_v2_4/src -s include  "SHELL=CMD" "COMPILER=arm-none-eabi-gcc" "ASSEMBLER=arm-none-eabi-as"
TRACE::2026-04-26.18:17:46::SCWBDomain:: "ARCHIVER=arm-none-eabi-ar" "COMPILER_FLAGS=  -O2 -c" "EXTRA_COMPILER_FLAGS=-mcpu=cortex-a9 -mfpu=vfpv3 -mfloat-abi=hard -nost
TRACE::2026-04-26.18:17:46::SCWBDomain::artfiles -g -Wall -Wextra -fno-tree-loop-distribute-patterns"

TRACE::2026-04-26.18:17:47::SCWBDomain::"Running Make include in ps7_cortexa9_0/libsrc/sdps_v4_1/src"

TRACE::2026-04-26.18:17:47::SCWBDomain::make -C ps7_cortexa9_0/libsrc/sdps_v4_1/src -s include  "SHELL=CMD" "COMPILER=arm-none-eabi-gcc" "ASSEMBLER=arm-none-eabi-as" "
TRACE::2026-04-26.18:17:47::SCWBDomain::ARCHIVER=arm-none-eabi-ar" "COMPILER_FLAGS=  -O2 -c" "EXTRA_COMPILER_FLAGS=-mcpu=cortex-a9 -mfpu=vfpv3 -mfloat-abi=hard -nostar
TRACE::2026-04-26.18:17:47::SCWBDomain::tfiles -g -Wall -Wextra -fno-tree-loop-distribute-patterns"

TRACE::2026-04-26.18:17:47::SCWBDomain::"Running Make include in ps7_cortexa9_0/libsrc/standalone_v8_1/src"

TRACE::2026-04-26.18:17:47::SCWBDomain::make -C ps7_cortexa9_0/libsrc/standalone_v8_1/src -s include  "SHELL=CMD" "COMPILER=arm-none-eabi-gcc" "ASSEMBLER=arm-none-eabi
TRACE::2026-04-26.18:17:47::SCWBDomain::-as" "ARCHIVER=arm-none-eabi-ar" "COMPILER_FLAGS=  -O2 -c" "EXTRA_COMPILER_FLAGS=-mcpu=cortex-a9 -mfpu=vfpv3 -mfloat-abi=hard -
TRACE::2026-04-26.18:17:47::SCWBDomain::nostartfiles -g -Wall -Wextra -fno-tree-loop-distribute-patterns"

TRACE::2026-04-26.18:17:48::SCWBDomain::"Running Make include in ps7_cortexa9_0/libsrc/uartps_v3_12/src"

TRACE::2026-04-26.18:17:48::SCWBDomain::make -C ps7_cortexa9_0/libsrc/uartps_v3_12/src -s include  "SHELL=CMD" "COMPILER=arm-none-eabi-gcc" "ASSEMBLER=arm-none-eabi-as
TRACE::2026-04-26.18:17:48::SCWBDomain::" "ARCHIVER=arm-none-eabi-ar" "COMPILER_FLAGS=  -O2 -c" "EXTRA_COMPILER_FLAGS=-mcpu=cortex-a9 -mfpu=vfpv3 -mfloat-abi=hard -nos
TRACE::2026-04-26.18:17:48::SCWBDomain::tartfiles -g -Wall -Wextra -fno-tree-loop-distribute-patterns"

TRACE::2026-04-26.18:17:48::SCWBDomain::"Running Make include in ps7_cortexa9_0/libsrc/usbps_v2_7/src"

TRACE::2026-04-26.18:17:48::SCWBDomain::make -C ps7_cortexa9_0/libsrc/usbps_v2_7/src -s include  "SHELL=CMD" "COMPILER=arm-none-eabi-gcc" "ASSEMBLER=arm-none-eabi-as" 
TRACE::2026-04-26.18:17:48::SCWBDomain::"ARCHIVER=arm-none-eabi-ar" "COMPILER_FLAGS=  -O2 -c" "EXTRA_COMPILER_FLAGS=-mcpu=cortex-a9 -mfpu=vfpv3 -mfloat-abi=hard -nosta
TRACE::2026-04-26.18:17:48::SCWBDomain::rtfiles -g -Wall -Wextra -fno-tree-loop-distribute-patterns"

TRACE::2026-04-26.18:17:48::SCWBDomain::"Running Make include in ps7_cortexa9_0/libsrc/xadcps_v2_6/src"

TRACE::2026-04-26.18:17:48::SCWBDomain::make -C ps7_cortexa9_0/libsrc/xadcps_v2_6/src -s include  "SHELL=CMD" "COMPILER=arm-none-eabi-gcc" "ASSEMBLER=arm-none-eabi-as"
TRACE::2026-04-26.18:17:48::SCWBDomain:: "ARCHIVER=arm-none-eabi-ar" "COMPILER_FLAGS=  -O2 -c" "EXTRA_COMPILER_FLAGS=-mcpu=cortex-a9 -mfpu=vfpv3 -mfloat-abi=hard -nost
TRACE::2026-04-26.18:17:48::SCWBDomain::artfiles -g -Wall -Wextra -fno-tree-loop-distribute-patterns"

TRACE::2026-04-26.18:17:48::SCWBDomain::"Running Make include in ps7_cortexa9_0/libsrc/xilffs_v5_0/src"

TRACE::2026-04-26.18:17:48::SCWBDomain::make -C ps7_cortexa9_0/libsrc/xilffs_v5_0/src -s include  "SHELL=CMD" "COMPILER=arm-none-eabi-gcc" "ASSEMBLER=arm-none-eabi-as"
TRACE::2026-04-26.18:17:48::SCWBDomain:: "ARCHIVER=arm-none-eabi-ar" "COMPILER_FLAGS=  -O2 -c" "EXTRA_COMPILER_FLAGS=-mcpu=cortex-a9 -mfpu=vfpv3 -mfloat-abi=hard -nost
TRACE::2026-04-26.18:17:48::SCWBDomain::artfiles -g -Wall -Wextra -fno-tree-loop-distribute-patterns"

TRACE::2026-04-26.18:17:48::SCWBDomain::"Running Make include in ps7_cortexa9_0/libsrc/xilrsa_v1_6/src"

TRACE::2026-04-26.18:17:48::SCWBDomain::make -C ps7_cortexa9_0/libsrc/xilrsa_v1_6/src -s include  "SHELL=CMD" "COMPILER=arm-none-eabi-gcc" "ASSEMBLER=arm-none-eabi-as"
TRACE::2026-04-26.18:17:48::SCWBDomain:: "ARCHIVER=arm-none-eabi-ar" "COMPILER_FLAGS=  -O2 -c" "EXTRA_COMPILER_FLAGS=-mcpu=cortex-a9 -mfpu=vfpv3 -mfloat-abi=hard -nost
TRACE::2026-04-26.18:17:48::SCWBDomain::artfiles -g -Wall -Wextra -fno-tree-loop-distribute-patterns"

TRACE::2026-04-26.18:17:48::SCWBDomain::"Running Make libs in ps7_cortexa9_0/libsrc/xilrsa_v1_6/src"

TRACE::2026-04-26.18:17:48::SCWBDomain::make -C ps7_cortexa9_0/libsrc/xilrsa_v1_6/src -s libs  "SHELL=CMD" "COMPILER=arm-none-eabi-gcc" "ASSEMBLER=arm-none-eabi-as" "A
TRACE::2026-04-26.18:17:48::SCWBDomain::RCHIVER=arm-none-eabi-ar" "COMPILER_FLAGS=  -O2 -c" "EXTRA_COMPILER_FLAGS=-mcpu=cortex-a9 -mfpu=vfpv3 -mfloat-abi=hard -nostart
TRACE::2026-04-26.18:17:48::SCWBDomain::files -g -Wall -Wextra -fno-tree-loop-distribute-patterns"

TRACE::2026-04-26.18:17:48::SCWBDomain::'Finished building libraries sequentially.'

TRACE::2026-04-26.18:17:48::SCWBDomain::make -j 6 --no-print-directory par_libs

TRACE::2026-04-26.18:17:48::SCWBDomain::"Running Make include in ps7_cortexa9_0/libsrc/coresightps_dcc_v1_8/src"

TRACE::2026-04-26.18:17:48::SCWBDomain::make -C ps7_cortexa9_0/libsrc/coresightps_dcc_v1_8/src -s include  "SHELL=CMD" "COMPILER=arm-none-eabi-gcc" "ASSEMBLER=arm-none
TRACE::2026-04-26.18:17:48::SCWBDomain::-eabi-as" "ARCHIVER=arm-none-eabi-ar" "COMPILER_FLAGS=  -O2 -c" "EXTRA_COMPILER_FLAGS=-mcpu=cortex-a9 -mfpu=vfpv3 -mfloat-abi=h
TRACE::2026-04-26.18:17:48::SCWBDomain::ard -nostartfiles -g -Wall -Wextra -fno-tree-loop-distribute-patterns"

TRACE::2026-04-26.18:17:48::SCWBDomain::"Running Make include in ps7_cortexa9_0/libsrc/cpu_cortexa9_v2_11/src"

TRACE::2026-04-26.18:17:48::SCWBDomain::make -C ps7_cortexa9_0/libsrc/cpu_cortexa9_v2_11/src -s include  "SHELL=CMD" "COMPILER=arm-none-eabi-gcc" "ASSEMBLER=arm-none-e
TRACE::2026-04-26.18:17:48::SCWBDomain::abi-as" "ARCHIVER=arm-none-eabi-ar" "COMPILER_FLAGS=  -O2 -c" "EXTRA_COMPILER_FLAGS=-mcpu=cortex-a9 -mfpu=vfpv3 -mfloat-abi=har
TRACE::2026-04-26.18:17:48::SCWBDomain::d -nostartfiles -g -Wall -Wextra -fno-tree-loop-distribute-patterns"

TRACE::2026-04-26.18:17:48::SCWBDomain::"Running Make include in ps7_cortexa9_0/libsrc/ddrps_v1_2/src"

TRACE::2026-04-26.18:17:48::SCWBDomain::make -C ps7_cortexa9_0/libsrc/ddrps_v1_2/src -s include  "SHELL=CMD" "COMPILER=arm-none-eabi-gcc" "ASSEMBLER=arm-none-eabi-as" 
TRACE::2026-04-26.18:17:48::SCWBDomain::"ARCHIVER=arm-none-eabi-ar" "COMPILER_FLAGS=  -O2 -c" "EXTRA_COMPILER_FLAGS=-mcpu=cortex-a9 -mfpu=vfpv3 -mfloat-abi=hard -nosta
TRACE::2026-04-26.18:17:48::SCWBDomain::rtfiles -g -Wall -Wextra -fno-tree-loop-distribute-patterns"

TRACE::2026-04-26.18:17:48::SCWBDomain::"Running Make include in ps7_cortexa9_0/libsrc/devcfg_v3_7/src"

TRACE::2026-04-26.18:17:48::SCWBDomain::make -C ps7_cortexa9_0/libsrc/devcfg_v3_7/src -s include  "SHELL=CMD" "COMPILER=arm-none-eabi-gcc" "ASSEMBLER=arm-none-eabi-as"
TRACE::2026-04-26.18:17:48::SCWBDomain:: "ARCHIVER=arm-none-eabi-ar" "COMPILER_FLAGS=  -O2 -c" "EXTRA_COMPILER_FLAGS=-mcpu=cortex-a9 -mfpu=vfpv3 -mfloat-abi=hard -nost
TRACE::2026-04-26.18:17:48::SCWBDomain::artfiles -g -Wall -Wextra -fno-tree-loop-distribute-patterns"

TRACE::2026-04-26.18:17:48::SCWBDomain::"Running Make include in ps7_cortexa9_0/libsrc/dmaps_v2_8/src"

TRACE::2026-04-26.18:17:48::SCWBDomain::make -C ps7_cortexa9_0/libsrc/dmaps_v2_8/src -s include  "SHELL=CMD" "COMPILER=arm-none-eabi-gcc" "ASSEMBLER=arm-none-eabi-as" 
TRACE::2026-04-26.18:17:48::SCWBDomain::"ARCHIVER=arm-none-eabi-ar" "COMPILER_FLAGS=  -O2 -c" "EXTRA_COMPILER_FLAGS=-mcpu=cortex-a9 -mfpu=vfpv3 -mfloat-abi=hard -nosta
TRACE::2026-04-26.18:17:48::SCWBDomain::rtfiles -g -Wall -Wextra -fno-tree-loop-distribute-patterns"

TRACE::2026-04-26.18:17:49::SCWBDomain::"Running Make include in ps7_cortexa9_0/libsrc/emacps_v3_18/src"

TRACE::2026-04-26.18:17:49::SCWBDomain::make -C ps7_cortexa9_0/libsrc/emacps_v3_18/src -s include  "SHELL=CMD" "COMPILER=arm-none-eabi-gcc" "ASSEMBLER=arm-none-eabi-as
TRACE::2026-04-26.18:17:49::SCWBDomain::" "ARCHIVER=arm-none-eabi-ar" "COMPILER_FLAGS=  -O2 -c" "EXTRA_COMPILER_FLAGS=-mcpu=cortex-a9 -mfpu=vfpv3 -mfloat-abi=hard -nos
TRACE::2026-04-26.18:17:49::SCWBDomain::tartfiles -g -Wall -Wextra -fno-tree-loop-distribute-patterns"

TRACE::2026-04-26.18:17:49::SCWBDomain::"Running Make include in ps7_cortexa9_0/libsrc/gpiops_v3_11/src"

TRACE::2026-04-26.18:17:49::SCWBDomain::make -C ps7_cortexa9_0/libsrc/gpiops_v3_11/src -s include  "SHELL=CMD" "COMPILER=arm-none-eabi-gcc" "ASSEMBLER=arm-none-eabi-as
TRACE::2026-04-26.18:17:49::SCWBDomain::" "ARCHIVER=arm-none-eabi-ar" "COMPILER_FLAGS=  -O2 -c" "EXTRA_COMPILER_FLAGS=-mcpu=cortex-a9 -mfpu=vfpv3 -mfloat-abi=hard -nos
TRACE::2026-04-26.18:17:49::SCWBDomain::tartfiles -g -Wall -Wextra -fno-tree-loop-distribute-patterns"

TRACE::2026-04-26.18:17:49::SCWBDomain::"Running Make include in ps7_cortexa9_0/libsrc/gpio_v4_9/src"

TRACE::2026-04-26.18:17:49::SCWBDomain::make -C ps7_cortexa9_0/libsrc/gpio_v4_9/src -s include  "SHELL=CMD" "COMPILER=arm-none-eabi-gcc" "ASSEMBLER=arm-none-eabi-as" "
TRACE::2026-04-26.18:17:49::SCWBDomain::ARCHIVER=arm-none-eabi-ar" "COMPILER_FLAGS=  -O2 -c" "EXTRA_COMPILER_FLAGS=-mcpu=cortex-a9 -mfpu=vfpv3 -mfloat-abi=hard -nostar
TRACE::2026-04-26.18:17:49::SCWBDomain::tfiles -g -Wall -Wextra -fno-tree-loop-distribute-patterns"

TRACE::2026-04-26.18:17:49::SCWBDomain::"Running Make include in ps7_cortexa9_0/libsrc/qspips_v3_10/src"

TRACE::2026-04-26.18:17:49::SCWBDomain::make -C ps7_cortexa9_0/libsrc/qspips_v3_10/src -s include  "SHELL=CMD" "COMPILER=arm-none-eabi-gcc" "ASSEMBLER=arm-none-eabi-as
TRACE::2026-04-26.18:17:49::SCWBDomain::" "ARCHIVER=arm-none-eabi-ar" "COMPILER_FLAGS=  -O2 -c" "EXTRA_COMPILER_FLAGS=-mcpu=cortex-a9 -mfpu=vfpv3 -mfloat-abi=hard -nos
TRACE::2026-04-26.18:17:49::SCWBDomain::tartfiles -g -Wall -Wextra -fno-tree-loop-distribute-patterns"

TRACE::2026-04-26.18:17:49::SCWBDomain::"Running Make include in ps7_cortexa9_0/libsrc/scugic_v5_1/src"

TRACE::2026-04-26.18:17:49::SCWBDomain::make -C ps7_cortexa9_0/libsrc/scugic_v5_1/src -s include  "SHELL=CMD" "COMPILER=arm-none-eabi-gcc" "ASSEMBLER=arm-none-eabi-as"
TRACE::2026-04-26.18:17:49::SCWBDomain:: "ARCHIVER=arm-none-eabi-ar" "COMPILER_FLAGS=  -O2 -c" "EXTRA_COMPILER_FLAGS=-mcpu=cortex-a9 -mfpu=vfpv3 -mfloat-abi=hard -nost
TRACE::2026-04-26.18:17:49::SCWBDomain::artfiles -g -Wall -Wextra -fno-tree-loop-distribute-patterns"

TRACE::2026-04-26.18:17:49::SCWBDomain::"Running Make include in ps7_cortexa9_0/libsrc/scutimer_v2_4/src"

TRACE::2026-04-26.18:17:49::SCWBDomain::make -C ps7_cortexa9_0/libsrc/scutimer_v2_4/src -s include  "SHELL=CMD" "COMPILER=arm-none-eabi-gcc" "ASSEMBLER=arm-none-eabi-a
TRACE::2026-04-26.18:17:49::SCWBDomain::s" "ARCHIVER=arm-none-eabi-ar" "COMPILER_FLAGS=  -O2 -c" "EXTRA_COMPILER_FLAGS=-mcpu=cortex-a9 -mfpu=vfpv3 -mfloat-abi=hard -no
TRACE::2026-04-26.18:17:49::SCWBDomain::startfiles -g -Wall -Wextra -fno-tree-loop-distribute-patterns"

TRACE::2026-04-26.18:17:49::SCWBDomain::"Running Make include in ps7_cortexa9_0/libsrc/scuwdt_v2_4/src"

TRACE::2026-04-26.18:17:49::SCWBDomain::make -C ps7_cortexa9_0/libsrc/scuwdt_v2_4/src -s include  "SHELL=CMD" "COMPILER=arm-none-eabi-gcc" "ASSEMBLER=arm-none-eabi-as"
TRACE::2026-04-26.18:17:49::SCWBDomain:: "ARCHIVER=arm-none-eabi-ar" "COMPILER_FLAGS=  -O2 -c" "EXTRA_COMPILER_FLAGS=-mcpu=cortex-a9 -mfpu=vfpv3 -mfloat-abi=hard -nost
TRACE::2026-04-26.18:17:49::SCWBDomain::artfiles -g -Wall -Wextra -fno-tree-loop-distribute-patterns"

TRACE::2026-04-26.18:17:49::SCWBDomain::"Running Make include in ps7_cortexa9_0/libsrc/sdps_v4_1/src"

TRACE::2026-04-26.18:17:49::SCWBDomain::make -C ps7_cortexa9_0/libsrc/sdps_v4_1/src -s include  "SHELL=CMD" "COMPILER=arm-none-eabi-gcc" "ASSEMBLER=arm-none-eabi-as" "
TRACE::2026-04-26.18:17:49::SCWBDomain::ARCHIVER=arm-none-eabi-ar" "COMPILER_FLAGS=  -O2 -c" "EXTRA_COMPILER_FLAGS=-mcpu=cortex-a9 -mfpu=vfpv3 -mfloat-abi=hard -nostar
TRACE::2026-04-26.18:17:49::SCWBDomain::tfiles -g -Wall -Wextra -fno-tree-loop-distribute-patterns"

TRACE::2026-04-26.18:17:49::SCWBDomain::"Running Make include in ps7_cortexa9_0/libsrc/standalone_v8_1/src"

TRACE::2026-04-26.18:17:49::SCWBDomain::make -C ps7_cortexa9_0/libsrc/standalone_v8_1/src -s include  "SHELL=CMD" "COMPILER=arm-none-eabi-gcc" "ASSEMBLER=arm-none-eabi
TRACE::2026-04-26.18:17:49::SCWBDomain::-as" "ARCHIVER=arm-none-eabi-ar" "COMPILER_FLAGS=  -O2 -c" "EXTRA_COMPILER_FLAGS=-mcpu=cortex-a9 -mfpu=vfpv3 -mfloat-abi=hard -
TRACE::2026-04-26.18:17:49::SCWBDomain::nostartfiles -g -Wall -Wextra -fno-tree-loop-distribute-patterns"

TRACE::2026-04-26.18:17:49::SCWBDomain::"Running Make include in ps7_cortexa9_0/libsrc/uartps_v3_12/src"

TRACE::2026-04-26.18:17:49::SCWBDomain::make -C ps7_cortexa9_0/libsrc/uartps_v3_12/src -s include  "SHELL=CMD" "COMPILER=arm-none-eabi-gcc" "ASSEMBLER=arm-none-eabi-as
TRACE::2026-04-26.18:17:49::SCWBDomain::" "ARCHIVER=arm-none-eabi-ar" "COMPILER_FLAGS=  -O2 -c" "EXTRA_COMPILER_FLAGS=-mcpu=cortex-a9 -mfpu=vfpv3 -mfloat-abi=hard -nos
TRACE::2026-04-26.18:17:49::SCWBDomain::tartfiles -g -Wall -Wextra -fno-tree-loop-distribute-patterns"

TRACE::2026-04-26.18:17:49::SCWBDomain::"Running Make include in ps7_cortexa9_0/libsrc/usbps_v2_7/src"

TRACE::2026-04-26.18:17:49::SCWBDomain::make -C ps7_cortexa9_0/libsrc/usbps_v2_7/src -s include  "SHELL=CMD" "COMPILER=arm-none-eabi-gcc" "ASSEMBLER=arm-none-eabi-as" 
TRACE::2026-04-26.18:17:49::SCWBDomain::"ARCHIVER=arm-none-eabi-ar" "COMPILER_FLAGS=  -O2 -c" "EXTRA_COMPILER_FLAGS=-mcpu=cortex-a9 -mfpu=vfpv3 -mfloat-abi=hard -nosta
TRACE::2026-04-26.18:17:49::SCWBDomain::rtfiles -g -Wall -Wextra -fno-tree-loop-distribute-patterns"

TRACE::2026-04-26.18:17:49::SCWBDomain::"Running Make include in ps7_cortexa9_0/libsrc/xadcps_v2_6/src"

TRACE::2026-04-26.18:17:49::SCWBDomain::make -C ps7_cortexa9_0/libsrc/xadcps_v2_6/src -s include  "SHELL=CMD" "COMPILER=arm-none-eabi-gcc" "ASSEMBLER=arm-none-eabi-as"
TRACE::2026-04-26.18:17:49::SCWBDomain:: "ARCHIVER=arm-none-eabi-ar" "COMPILER_FLAGS=  -O2 -c" "EXTRA_COMPILER_FLAGS=-mcpu=cortex-a9 -mfpu=vfpv3 -mfloat-abi=hard -nost
TRACE::2026-04-26.18:17:49::SCWBDomain::artfiles -g -Wall -Wextra -fno-tree-loop-distribute-patterns"

TRACE::2026-04-26.18:17:49::SCWBDomain::"Running Make include in ps7_cortexa9_0/libsrc/xilffs_v5_0/src"

TRACE::2026-04-26.18:17:49::SCWBDomain::make -C ps7_cortexa9_0/libsrc/xilffs_v5_0/src -s include  "SHELL=CMD" "COMPILER=arm-none-eabi-gcc" "ASSEMBLER=arm-none-eabi-as"
TRACE::2026-04-26.18:17:49::SCWBDomain:: "ARCHIVER=arm-none-eabi-ar" "COMPILER_FLAGS=  -O2 -c" "EXTRA_COMPILER_FLAGS=-mcpu=cortex-a9 -mfpu=vfpv3 -mfloat-abi=hard -nost
TRACE::2026-04-26.18:17:49::SCWBDomain::artfiles -g -Wall -Wextra -fno-tree-loop-distribute-patterns"

TRACE::2026-04-26.18:17:49::SCWBDomain::"Running Make include in ps7_cortexa9_0/libsrc/xilrsa_v1_6/src"

TRACE::2026-04-26.18:17:49::SCWBDomain::make -C ps7_cortexa9_0/libsrc/xilrsa_v1_6/src -s include  "SHELL=CMD" "COMPILER=arm-none-eabi-gcc" "ASSEMBLER=arm-none-eabi-as"
TRACE::2026-04-26.18:17:49::SCWBDomain:: "ARCHIVER=arm-none-eabi-ar" "COMPILER_FLAGS=  -O2 -c" "EXTRA_COMPILER_FLAGS=-mcpu=cortex-a9 -mfpu=vfpv3 -mfloat-abi=hard -nost
TRACE::2026-04-26.18:17:49::SCWBDomain::artfiles -g -Wall -Wextra -fno-tree-loop-distribute-patterns"

TRACE::2026-04-26.18:17:49::SCWBDomain::"Running Make libs in ps7_cortexa9_0/libsrc/coresightps_dcc_v1_8/src"

TRACE::2026-04-26.18:17:49::SCWBDomain::make -C ps7_cortexa9_0/libsrc/coresightps_dcc_v1_8/src -s libs  "SHELL=CMD" "COMPILER=arm-none-eabi-gcc" "ASSEMBLER=arm-none-ea
TRACE::2026-04-26.18:17:49::SCWBDomain::bi-as" "ARCHIVER=arm-none-eabi-ar" "COMPILER_FLAGS=  -O2 -c" "EXTRA_COMPILER_FLAGS=-mcpu=cortex-a9 -mfpu=vfpv3 -mfloat-abi=hard
TRACE::2026-04-26.18:17:49::SCWBDomain:: -nostartfiles -g -Wall -Wextra -fno-tree-loop-distribute-patterns"

TRACE::2026-04-26.18:17:49::SCWBDomain::"Running Make libs in ps7_cortexa9_0/libsrc/cpu_cortexa9_v2_11/src"

TRACE::2026-04-26.18:17:49::SCWBDomain::make -C ps7_cortexa9_0/libsrc/cpu_cortexa9_v2_11/src -s libs  "SHELL=CMD" "COMPILER=arm-none-eabi-gcc" "ASSEMBLER=arm-none-eabi
TRACE::2026-04-26.18:17:49::SCWBDomain::-as" "ARCHIVER=arm-none-eabi-ar" "COMPILER_FLAGS=  -O2 -c" "EXTRA_COMPILER_FLAGS=-mcpu=cortex-a9 -mfpu=vfpv3 -mfloat-abi=hard -
TRACE::2026-04-26.18:17:49::SCWBDomain::nostartfiles -g -Wall -Wextra -fno-tree-loop-distribute-patterns"

TRACE::2026-04-26.18:17:49::SCWBDomain::"Running Make libs in ps7_cortexa9_0/libsrc/ddrps_v1_2/src"

TRACE::2026-04-26.18:17:49::SCWBDomain::make -C ps7_cortexa9_0/libsrc/ddrps_v1_2/src -s libs  "SHELL=CMD" "COMPILER=arm-none-eabi-gcc" "ASSEMBLER=arm-none-eabi-as" "AR
TRACE::2026-04-26.18:17:49::SCWBDomain::CHIVER=arm-none-eabi-ar" "COMPILER_FLAGS=  -O2 -c" "EXTRA_COMPILER_FLAGS=-mcpu=cortex-a9 -mfpu=vfpv3 -mfloat-abi=hard -nostartf
TRACE::2026-04-26.18:17:49::SCWBDomain::iles -g -Wall -Wextra -fno-tree-loop-distribute-patterns"

TRACE::2026-04-26.18:17:49::SCWBDomain::"Running Make libs in ps7_cortexa9_0/libsrc/devcfg_v3_7/src"

TRACE::2026-04-26.18:17:49::SCWBDomain::make -C ps7_cortexa9_0/libsrc/devcfg_v3_7/src -s libs  "SHELL=CMD" "COMPILER=arm-none-eabi-gcc" "ASSEMBLER=arm-none-eabi-as" "A
TRACE::2026-04-26.18:17:49::SCWBDomain::RCHIVER=arm-none-eabi-ar" "COMPILER_FLAGS=  -O2 -c" "EXTRA_COMPILER_FLAGS=-mcpu=cortex-a9 -mfpu=vfpv3 -mfloat-abi=hard -nostart
TRACE::2026-04-26.18:17:49::SCWBDomain::files -g -Wall -Wextra -fno-tree-loop-distribute-patterns"

TRACE::2026-04-26.18:17:49::SCWBDomain::"Running Make libs in ps7_cortexa9_0/libsrc/dmaps_v2_8/src"

TRACE::2026-04-26.18:17:49::SCWBDomain::make -C ps7_cortexa9_0/libsrc/dmaps_v2_8/src -s libs  "SHELL=CMD" "COMPILER=arm-none-eabi-gcc" "ASSEMBLER=arm-none-eabi-as" "AR
TRACE::2026-04-26.18:17:49::SCWBDomain::CHIVER=arm-none-eabi-ar" "COMPILER_FLAGS=  -O2 -c" "EXTRA_COMPILER_FLAGS=-mcpu=cortex-a9 -mfpu=vfpv3 -mfloat-abi=hard -nostartf
TRACE::2026-04-26.18:17:49::SCWBDomain::iles -g -Wall -Wextra -fno-tree-loop-distribute-patterns"

TRACE::2026-04-26.18:17:49::SCWBDomain::"Running Make libs in ps7_cortexa9_0/libsrc/emacps_v3_18/src"

TRACE::2026-04-26.18:17:49::SCWBDomain::make -C ps7_cortexa9_0/libsrc/emacps_v3_18/src -s libs  "SHELL=CMD" "COMPILER=arm-none-eabi-gcc" "ASSEMBLER=arm-none-eabi-as" "
TRACE::2026-04-26.18:17:49::SCWBDomain::ARCHIVER=arm-none-eabi-ar" "COMPILER_FLAGS=  -O2 -c" "EXTRA_COMPILER_FLAGS=-mcpu=cortex-a9 -mfpu=vfpv3 -mfloat-abi=hard -nostar
TRACE::2026-04-26.18:17:49::SCWBDomain::tfiles -g -Wall -Wextra -fno-tree-loop-distribute-patterns"

TRACE::2026-04-26.18:17:50::SCWBDomain::"Running Make libs in ps7_cortexa9_0/libsrc/gpiops_v3_11/src"

TRACE::2026-04-26.18:17:50::SCWBDomain::make -C ps7_cortexa9_0/libsrc/gpiops_v3_11/src -s libs  "SHELL=CMD" "COMPILER=arm-none-eabi-gcc" "ASSEMBLER=arm-none-eabi-as" "
TRACE::2026-04-26.18:17:50::SCWBDomain::ARCHIVER=arm-none-eabi-ar" "COMPILER_FLAGS=  -O2 -c" "EXTRA_COMPILER_FLAGS=-mcpu=cortex-a9 -mfpu=vfpv3 -mfloat-abi=hard -nostar
TRACE::2026-04-26.18:17:50::SCWBDomain::tfiles -g -Wall -Wextra -fno-tree-loop-distribute-patterns"

TRACE::2026-04-26.18:17:50::SCWBDomain::"Running Make libs in ps7_cortexa9_0/libsrc/gpio_v4_9/src"

TRACE::2026-04-26.18:17:50::SCWBDomain::make -C ps7_cortexa9_0/libsrc/gpio_v4_9/src -s libs  "SHELL=CMD" "COMPILER=arm-none-eabi-gcc" "ASSEMBLER=arm-none-eabi-as" "ARC
TRACE::2026-04-26.18:17:50::SCWBDomain::HIVER=arm-none-eabi-ar" "COMPILER_FLAGS=  -O2 -c" "EXTRA_COMPILER_FLAGS=-mcpu=cortex-a9 -mfpu=vfpv3 -mfloat-abi=hard -nostartfi
TRACE::2026-04-26.18:17:50::SCWBDomain::les -g -Wall -Wextra -fno-tree-loop-distribute-patterns"

TRACE::2026-04-26.18:17:50::SCWBDomain::"Running Make libs in ps7_cortexa9_0/libsrc/qspips_v3_10/src"

TRACE::2026-04-26.18:17:50::SCWBDomain::make -C ps7_cortexa9_0/libsrc/qspips_v3_10/src -s libs  "SHELL=CMD" "COMPILER=arm-none-eabi-gcc" "ASSEMBLER=arm-none-eabi-as" "
TRACE::2026-04-26.18:17:50::SCWBDomain::ARCHIVER=arm-none-eabi-ar" "COMPILER_FLAGS=  -O2 -c" "EXTRA_COMPILER_FLAGS=-mcpu=cortex-a9 -mfpu=vfpv3 -mfloat-abi=hard -nostar
TRACE::2026-04-26.18:17:50::SCWBDomain::tfiles -g -Wall -Wextra -fno-tree-loop-distribute-patterns"

TRACE::2026-04-26.18:17:51::SCWBDomain::"Running Make libs in ps7_cortexa9_0/libsrc/scugic_v5_1/src"

TRACE::2026-04-26.18:17:51::SCWBDomain::make -C ps7_cortexa9_0/libsrc/scugic_v5_1/src -s libs  "SHELL=CMD" "COMPILER=arm-none-eabi-gcc" "ASSEMBLER=arm-none-eabi-as" "A
TRACE::2026-04-26.18:17:51::SCWBDomain::RCHIVER=arm-none-eabi-ar" "COMPILER_FLAGS=  -O2 -c" "EXTRA_COMPILER_FLAGS=-mcpu=cortex-a9 -mfpu=vfpv3 -mfloat-abi=hard -nostart
TRACE::2026-04-26.18:17:51::SCWBDomain::files -g -Wall -Wextra -fno-tree-loop-distribute-patterns"

TRACE::2026-04-26.18:17:51::SCWBDomain::"Running Make libs in ps7_cortexa9_0/libsrc/scutimer_v2_4/src"

TRACE::2026-04-26.18:17:51::SCWBDomain::make -C ps7_cortexa9_0/libsrc/scutimer_v2_4/src -s libs  "SHELL=CMD" "COMPILER=arm-none-eabi-gcc" "ASSEMBLER=arm-none-eabi-as" 
TRACE::2026-04-26.18:17:51::SCWBDomain::"ARCHIVER=arm-none-eabi-ar" "COMPILER_FLAGS=  -O2 -c" "EXTRA_COMPILER_FLAGS=-mcpu=cortex-a9 -mfpu=vfpv3 -mfloat-abi=hard -nosta
TRACE::2026-04-26.18:17:51::SCWBDomain::rtfiles -g -Wall -Wextra -fno-tree-loop-distribute-patterns"

TRACE::2026-04-26.18:17:51::SCWBDomain::"Running Make libs in ps7_cortexa9_0/libsrc/scuwdt_v2_4/src"

TRACE::2026-04-26.18:17:51::SCWBDomain::make -C ps7_cortexa9_0/libsrc/scuwdt_v2_4/src -s libs  "SHELL=CMD" "COMPILER=arm-none-eabi-gcc" "ASSEMBLER=arm-none-eabi-as" "A
TRACE::2026-04-26.18:17:51::SCWBDomain::RCHIVER=arm-none-eabi-ar" "COMPILER_FLAGS=  -O2 -c" "EXTRA_COMPILER_FLAGS=-mcpu=cortex-a9 -mfpu=vfpv3 -mfloat-abi=hard -nostart
TRACE::2026-04-26.18:17:51::SCWBDomain::files -g -Wall -Wextra -fno-tree-loop-distribute-patterns"

TRACE::2026-04-26.18:17:51::SCWBDomain::"Running Make libs in ps7_cortexa9_0/libsrc/sdps_v4_1/src"

TRACE::2026-04-26.18:17:51::SCWBDomain::make -C ps7_cortexa9_0/libsrc/sdps_v4_1/src -s libs  "SHELL=CMD" "COMPILER=arm-none-eabi-gcc" "ASSEMBLER=arm-none-eabi-as" "ARC
TRACE::2026-04-26.18:17:51::SCWBDomain::HIVER=arm-none-eabi-ar" "COMPILER_FLAGS=  -O2 -c" "EXTRA_COMPILER_FLAGS=-mcpu=cortex-a9 -mfpu=vfpv3 -mfloat-abi=hard -nostartfi
TRACE::2026-04-26.18:17:51::SCWBDomain::les -g -Wall -Wextra -fno-tree-loop-distribute-patterns"

TRACE::2026-04-26.18:17:51::SCWBDomain::"Running Make libs in ps7_cortexa9_0/libsrc/standalone_v8_1/src"

TRACE::2026-04-26.18:17:51::SCWBDomain::make -C ps7_cortexa9_0/libsrc/standalone_v8_1/src -s libs  "SHELL=CMD" "COMPILER=arm-none-eabi-gcc" "ASSEMBLER=arm-none-eabi-as
TRACE::2026-04-26.18:17:51::SCWBDomain::" "ARCHIVER=arm-none-eabi-ar" "COMPILER_FLAGS=  -O2 -c" "EXTRA_COMPILER_FLAGS=-mcpu=cortex-a9 -mfpu=vfpv3 -mfloat-abi=hard -nos
TRACE::2026-04-26.18:17:51::SCWBDomain::tartfiles -g -Wall -Wextra -fno-tree-loop-distribute-patterns"

TRACE::2026-04-26.18:17:51::SCWBDomain::"Running Make libs in ps7_cortexa9_0/libsrc/uartps_v3_12/src"

TRACE::2026-04-26.18:17:51::SCWBDomain::make -C ps7_cortexa9_0/libsrc/uartps_v3_12/src -s libs  "SHELL=CMD" "COMPILER=arm-none-eabi-gcc" "ASSEMBLER=arm-none-eabi-as" "
TRACE::2026-04-26.18:17:51::SCWBDomain::ARCHIVER=arm-none-eabi-ar" "COMPILER_FLAGS=  -O2 -c" "EXTRA_COMPILER_FLAGS=-mcpu=cortex-a9 -mfpu=vfpv3 -mfloat-abi=hard -nostar
TRACE::2026-04-26.18:17:51::SCWBDomain::tfiles -g -Wall -Wextra -fno-tree-loop-distribute-patterns"

TRACE::2026-04-26.18:17:51::SCWBDomain::"Running Make libs in ps7_cortexa9_0/libsrc/usbps_v2_7/src"

TRACE::2026-04-26.18:17:51::SCWBDomain::make -C ps7_cortexa9_0/libsrc/usbps_v2_7/src -s libs  "SHELL=CMD" "COMPILER=arm-none-eabi-gcc" "ASSEMBLER=arm-none-eabi-as" "AR
TRACE::2026-04-26.18:17:51::SCWBDomain::CHIVER=arm-none-eabi-ar" "COMPILER_FLAGS=  -O2 -c" "EXTRA_COMPILER_FLAGS=-mcpu=cortex-a9 -mfpu=vfpv3 -mfloat-abi=hard -nostartf
TRACE::2026-04-26.18:17:51::SCWBDomain::iles -g -Wall -Wextra -fno-tree-loop-distribute-patterns"

TRACE::2026-04-26.18:17:51::SCWBDomain::"Running Make libs in ps7_cortexa9_0/libsrc/xadcps_v2_6/src"

TRACE::2026-04-26.18:17:51::SCWBDomain::make -C ps7_cortexa9_0/libsrc/xadcps_v2_6/src -s libs  "SHELL=CMD" "COMPILER=arm-none-eabi-gcc" "ASSEMBLER=arm-none-eabi-as" "A
TRACE::2026-04-26.18:17:51::SCWBDomain::RCHIVER=arm-none-eabi-ar" "COMPILER_FLAGS=  -O2 -c" "EXTRA_COMPILER_FLAGS=-mcpu=cortex-a9 -mfpu=vfpv3 -mfloat-abi=hard -nostart
TRACE::2026-04-26.18:17:51::SCWBDomain::files -g -Wall -Wextra -fno-tree-loop-distribute-patterns"

TRACE::2026-04-26.18:17:52::SCWBDomain::"Running Make libs in ps7_cortexa9_0/libsrc/xilffs_v5_0/src"

TRACE::2026-04-26.18:17:52::SCWBDomain::make -C ps7_cortexa9_0/libsrc/xilffs_v5_0/src -s libs  "SHELL=CMD" "COMPILER=arm-none-eabi-gcc" "ASSEMBLER=arm-none-eabi-as" "A
TRACE::2026-04-26.18:17:52::SCWBDomain::RCHIVER=arm-none-eabi-ar" "COMPILER_FLAGS=  -O2 -c" "EXTRA_COMPILER_FLAGS=-mcpu=cortex-a9 -mfpu=vfpv3 -mfloat-abi=hard -nostart
TRACE::2026-04-26.18:17:52::SCWBDomain::files -g -Wall -Wextra -fno-tree-loop-distribute-patterns"

TRACE::2026-04-26.18:17:53::SCWBDomain::'Finished building libraries parallelly.'

TRACE::2026-04-26.18:17:53::SCWBDomain::make --no-print-directory archive

TRACE::2026-04-26.18:17:53::SCWBDomain::arm-none-eabi-ar -r  ps7_cortexa9_0/lib/libxil.a ps7_cortexa9_0/lib/_exit.o ps7_cortexa9_0/lib/_open.o ps7_cortexa9_0/lib/_sbrk
TRACE::2026-04-26.18:17:53::SCWBDomain::.o ps7_cortexa9_0/lib/abort.o ps7_cortexa9_0/lib/asm_vectors.o ps7_cortexa9_0/lib/boot.o ps7_cortexa9_0/lib/close.o ps7_cortexa
TRACE::2026-04-26.18:17:53::SCWBDomain::9_0/lib/cpputest_time.o ps7_cortexa9_0/lib/cpu_init.o ps7_cortexa9_0/lib/errno.o ps7_cortexa9_0/lib/fcntl.o ps7_cortexa9_0/lib/
TRACE::2026-04-26.18:17:53::SCWBDomain::fstat.o ps7_cortexa9_0/lib/getentropy.o ps7_cortexa9_0/lib/getpid.o ps7_cortexa9_0/lib/inbyte.o ps7_cortexa9_0/lib/isatty.o ps7
TRACE::2026-04-26.18:17:53::SCWBDomain::_cortexa9_0/lib/kill.o ps7_cortexa9_0/lib/lseek.o ps7_cortexa9_0/lib/open.o ps7_cortexa9_0/lib/outbyte.o ps7_cortexa9_0/lib/pri
TRACE::2026-04-26.18:17:53::SCWBDomain::nt.o ps7_cortexa9_0/lib/putnum.o ps7_cortexa9_0/lib/read.o ps7_cortexa9_0/lib/sbrk.o ps7_cortexa9_0/lib/sleep.o ps7_cortexa9_0/
TRACE::2026-04-26.18:17:53::SCWBDomain::lib/time.o ps7_cortexa9_0/lib/translation_table.o ps7_cortexa9_0/lib/unlink.o ps7_cortexa9_0/lib/usleep.o ps7_cortexa9_0/lib/ve
TRACE::2026-04-26.18:17:53::SCWBDomain::ctors.o ps7_cortexa9_0/lib/write.o ps7_cortexa9_0/lib/xadcps.o ps7_cortexa9_0/lib/xadcps_g.o ps7_cortexa9_0/lib/xadcps_intr.o p
TRACE::2026-04-26.18:17:53::SCWBDomain::s7_cortexa9_0/lib/xadcps_selftest.o ps7_cortexa9_0/lib/xadcps_sinit.o ps7_cortexa9_0/lib/xcoresightpsdcc.o ps7_cortexa9_0/lib/x
TRACE::2026-04-26.18:17:53::SCWBDomain::devcfg.o ps7_cortexa9_0/lib/xdevcfg_g.o ps7_cortexa9_0/lib/xdevcfg_hw.o ps7_cortexa9_0/lib/xdevcfg_intr.o ps7_cortexa9_0/lib/xd
TRACE::2026-04-26.18:17:53::SCWBDomain::evcfg_selftest.o ps7_cortexa9_0/lib/xdevcfg_sinit.o ps7_cortexa9_0/lib/xdmaps.o ps7_cortexa9_0/lib/xdmaps_g.o ps7_cortexa9_0/li
TRACE::2026-04-26.18:17:53::SCWBDomain::b/xdmaps_hw.o ps7_cortexa9_0/lib/xdmaps_selftest.o ps7_cortexa9_0/lib/xdmaps_sinit.o ps7_cortexa9_0/lib/xemacps.o ps7_cortexa9_
TRACE::2026-04-26.18:17:53::SCWBDomain::0/lib/xemacps_bdring.o ps7_cortexa9_0/lib/xemacps_control.o ps7_cortexa9_0/lib/xemacps_g.o ps7_cortexa9_0/lib/xemacps_hw.o ps7_
TRACE::2026-04-26.18:17:53::SCWBDomain::cortexa9_0/lib/xemacps_intr.o ps7_cortexa9_0/lib/xemacps_sinit.o ps7_cortexa9_0/lib/xgpio.o ps7_cortexa9_0/lib/xgpio_extra.o ps
TRACE::2026-04-26.18:17:53::SCWBDomain::7_cortexa9_0/lib/xgpio_g.o ps7_cortexa9_0/lib/xgpio_intr.o ps7_cortexa9_0/lib/xgpio_selftest.o ps7_cortexa9_0/lib/xgpio_sinit.o
TRACE::2026-04-26.18:17:53::SCWBDomain:: ps7_cortexa9_0/lib/xgpiops.o ps7_cortexa9_0/lib/xgpiops_g.o ps7_cortexa9_0/lib/xgpiops_hw.o ps7_cortexa9_0/lib/xgpiops_intr.o 
TRACE::2026-04-26.18:17:53::SCWBDomain::ps7_cortexa9_0/lib/xgpiops_selftest.o ps7_cortexa9_0/lib/xgpiops_sinit.o ps7_cortexa9_0/lib/xil-crt0.o ps7_cortexa9_0/lib/xil_a
TRACE::2026-04-26.18:17:53::SCWBDomain::ssert.o ps7_cortexa9_0/lib/xil_cache.o ps7_cortexa9_0/lib/xil_clocking.o ps7_cortexa9_0/lib/xil_exception.o ps7_cortexa9_0/lib/
TRACE::2026-04-26.18:17:53::SCWBDomain::xil_mem.o ps7_cortexa9_0/lib/xil_misc_psreset_api.o ps7_cortexa9_0/lib/xil_mmu.o ps7_cortexa9_0/lib/xil_printf.o ps7_cortexa9_0
TRACE::2026-04-26.18:17:53::SCWBDomain::/lib/xil_sleepcommon.o ps7_cortexa9_0/lib/xil_sleeptimer.o ps7_cortexa9_0/lib/xil_spinlock.o ps7_cortexa9_0/lib/xil_testcache.o
TRACE::2026-04-26.18:17:53::SCWBDomain:: ps7_cortexa9_0/lib/xil_testio.o ps7_cortexa9_0/lib/xil_testmem.o ps7_cortexa9_0/lib/xil_util.o ps7_cortexa9_0/lib/xinterrupt_w
TRACE::2026-04-26.18:17:53::SCWBDomain::rap.o ps7_cortexa9_0/lib/xl2cc_counter.o ps7_cortexa9_0/lib/xplatform_info.o ps7_cortexa9_0/lib/xpm_counter.o ps7_cortexa9_0/li
TRACE::2026-04-26.18:17:53::SCWBDomain::b/xqspips.o ps7_cortexa9_0/lib/xqspips_g.o ps7_cortexa9_0/lib/xqspips_hw.o ps7_cortexa9_0/lib/xqspips_options.o ps7_cortexa9_0/
TRACE::2026-04-26.18:17:53::SCWBDomain::lib/xqspips_selftest.o ps7_cortexa9_0/lib/xqspips_sinit.o ps7_cortexa9_0/lib/xscugic.o ps7_cortexa9_0/lib/xscugic_g.o ps7_corte
TRACE::2026-04-26.18:17:53::SCWBDomain::xa9_0/lib/xscugic_hw.o ps7_cortexa9_0/lib/xscugic_intr.o ps7_cortexa9_0/lib/xscugic_selftest.o ps7_cortexa9_0/lib/xscugic_sinit
TRACE::2026-04-26.18:17:53::SCWBDomain::.o ps7_cortexa9_0/lib/xscutimer.o ps7_cortexa9_0/lib/xscutimer_g.o ps7_cortexa9_0/lib/xscutimer_selftest.o ps7_cortexa9_0/lib/x
TRACE::2026-04-26.18:17:53::SCWBDomain::scutimer_sinit.o ps7_cortexa9_0/lib/xscuwdt.o ps7_cortexa9_0/lib/xscuwdt_g.o ps7_cortexa9_0/lib/xscuwdt_selftest.o ps7_cortexa9
TRACE::2026-04-26.18:17:53::SCWBDomain::_0/lib/xscuwdt_sinit.o ps7_cortexa9_0/lib/xsdps.o ps7_cortexa9_0/lib/xsdps_card.o ps7_cortexa9_0/lib/xsdps_g.o ps7_cortexa9_0/l
TRACE::2026-04-26.18:17:53::SCWBDomain::ib/xsdps_host.o ps7_cortexa9_0/lib/xsdps_options.o ps7_cortexa9_0/lib/xsdps_sinit.o ps7_cortexa9_0/lib/xtime_l.o ps7_cortexa9_0
TRACE::2026-04-26.18:17:53::SCWBDomain::/lib/xuartps.o ps7_cortexa9_0/lib/xuartps_g.o ps7_cortexa9_0/lib/xuartps_hw.o ps7_cortexa9_0/lib/xuartps_intr.o ps7_cortexa9_0/
TRACE::2026-04-26.18:17:53::SCWBDomain::lib/xuartps_options.o ps7_cortexa9_0/lib/xuartps_selftest.o ps7_cortexa9_0/lib/xuartps_sinit.o ps7_cortexa9_0/lib/xusbps.o ps7_
TRACE::2026-04-26.18:17:53::SCWBDomain::cortexa9_0/lib/xusbps_endpoint.o ps7_cortexa9_0/lib/xusbps_g.o ps7_cortexa9_0/lib/xusbps_hw.o ps7_cortexa9_0/lib/xusbps_intr.o 
TRACE::2026-04-26.18:17:53::SCWBDomain::ps7_cortexa9_0/lib/xusbps_sinit.o

TRACE::2026-04-26.18:17:53::SCWBDomain::'Finished building libraries'

TRACE::2026-04-26.18:17:53::SCWBDomain::make: Leaving directory 'C:/Users/suren/Documents/ECE_520/Final_Project/Sandbox/signal_detect_vitis/signal_detect_platform/zynq
TRACE::2026-04-26.18:17:53::SCWBDomain::_fsbl/zynq_fsbl_bsp'

TRACE::2026-04-26.18:17:53::SCWBDomain::arm-none-eabi-gcc  -O2 -c -MMD -MP       -mcpu=cortex-a9 -mfpu=vfpv3 -mfloat-abi=hard  -c sd.c -o sd.o -Izynq_fsbl_bsp/ps7_cort
TRACE::2026-04-26.18:17:53::SCWBDomain::exa9_0/include -I.

TRACE::2026-04-26.18:17:54::SCWBDomain::arm-none-eabi-gcc  -O2 -c -MMD -MP       -mcpu=cortex-a9 -mfpu=vfpv3 -mfloat-abi=hard  -c nand.c -o nand.o -Izynq_fsbl_bsp/ps7_
TRACE::2026-04-26.18:17:54::SCWBDomain::cortexa9_0/include -I.

TRACE::2026-04-26.18:17:54::SCWBDomain::arm-none-eabi-gcc  -O2 -c -MMD -MP       -mcpu=cortex-a9 -mfpu=vfpv3 -mfloat-abi=hard  -c nor.c -o nor.o -Izynq_fsbl_bsp/ps7_co
TRACE::2026-04-26.18:17:54::SCWBDomain::rtexa9_0/include -I.

TRACE::2026-04-26.18:17:54::SCWBDomain::arm-none-eabi-gcc  -O2 -c -MMD -MP       -mcpu=cortex-a9 -mfpu=vfpv3 -mfloat-abi=hard  -c image_mover.c -o image_mover.o -Izynq
TRACE::2026-04-26.18:17:54::SCWBDomain::_fsbl_bsp/ps7_cortexa9_0/include -I.

TRACE::2026-04-26.18:17:54::SCWBDomain::arm-none-eabi-gcc  -O2 -c -MMD -MP       -mcpu=cortex-a9 -mfpu=vfpv3 -mfloat-abi=hard  -c md5.c -o md5.o -Izynq_fsbl_bsp/ps7_co
TRACE::2026-04-26.18:17:54::SCWBDomain::rtexa9_0/include -I.

TRACE::2026-04-26.18:17:54::SCWBDomain::arm-none-eabi-gcc  -O2 -c -MMD -MP       -mcpu=cortex-a9 -mfpu=vfpv3 -mfloat-abi=hard  -c fsbl_hooks.c -o fsbl_hooks.o -Izynq_f
TRACE::2026-04-26.18:17:54::SCWBDomain::sbl_bsp/ps7_cortexa9_0/include -I.

TRACE::2026-04-26.18:17:54::SCWBDomain::arm-none-eabi-gcc  -O2 -c -MMD -MP       -mcpu=cortex-a9 -mfpu=vfpv3 -mfloat-abi=hard  -c main.c -o main.o -Izynq_fsbl_bsp/ps7_
TRACE::2026-04-26.18:17:54::SCWBDomain::cortexa9_0/include -I.

TRACE::2026-04-26.18:17:54::SCWBDomain::arm-none-eabi-gcc  -O2 -c -MMD -MP       -mcpu=cortex-a9 -mfpu=vfpv3 -mfloat-abi=hard  -c rsa.c -o rsa.o -Izynq_fsbl_bsp/ps7_co
TRACE::2026-04-26.18:17:54::SCWBDomain::rtexa9_0/include -I.

TRACE::2026-04-26.18:17:54::SCWBDomain::arm-none-eabi-gcc  -O2 -c -MMD -MP       -mcpu=cortex-a9 -mfpu=vfpv3 -mfloat-abi=hard  -c qspi.c -o qspi.o -Izynq_fsbl_bsp/ps7_
TRACE::2026-04-26.18:17:54::SCWBDomain::cortexa9_0/include -I.

TRACE::2026-04-26.18:17:55::SCWBDomain::arm-none-eabi-gcc  -O2 -c -MMD -MP       -mcpu=cortex-a9 -mfpu=vfpv3 -mfloat-abi=hard  -c ps7_init.c -o ps7_init.o -Izynq_fsbl_
TRACE::2026-04-26.18:17:55::SCWBDomain::bsp/ps7_cortexa9_0/include -I.

TRACE::2026-04-26.18:17:55::SCWBDomain::arm-none-eabi-gcc  -O2 -c -MMD -MP       -mcpu=cortex-a9 -mfpu=vfpv3 -mfloat-abi=hard  -c pcap.c -o pcap.o -Izynq_fsbl_bsp/ps7_
TRACE::2026-04-26.18:17:55::SCWBDomain::cortexa9_0/include -I.

TRACE::2026-04-26.18:17:55::SCWBDomain::arm-none-eabi-gcc  -O2 -c -MMD -MP       -mcpu=cortex-a9 -mfpu=vfpv3 -mfloat-abi=hard  -c fsbl_handoff.S -o fsbl_handoff.o -Izy
TRACE::2026-04-26.18:17:55::SCWBDomain::nq_fsbl_bsp/ps7_cortexa9_0/include -I.

TRACE::2026-04-26.18:17:55::SCWBDomain::arm-none-eabi-gcc -o fsbl.elf fsbl_handoff.o fsbl_hooks.o image_mover.o main.o md5.o nand.o nor.o pcap.o ps7_init.o qspi.o rsa.
TRACE::2026-04-26.18:17:55::SCWBDomain::o sd.o -MMD -MP       -mcpu=cortex-a9 -mfpu=vfpv3 -mfloat-abi=hard   -mcpu=cortex-a9 -mfpu=vfpv3 -mfloat-abi=hard -Wl,-build-id
TRACE::2026-04-26.18:17:55::SCWBDomain::=none -specs=Xilinx.spec  -lrsa -Wl,--start-group,-lxil,-lgcc,-lc,--end-group -Wl,--start-group,-lxilffs,-lxil,-lgcc,-lc,--end-
TRACE::2026-04-26.18:17:55::SCWBDomain::group -Wl,--start-group,-lrsa,-lxil,-lgcc,-lc,--end-group                                     -Wl,--gc-sections -Lzynq_fsbl_bsp
TRACE::2026-04-26.18:17:55::SCWBDomain::/ps7_cortexa9_0/lib -L./ -Tlscript.ld

LOG::2026-04-26.18:17:56::SCWSystem::Checking the domain standalone_domain
LOG::2026-04-26.18:17:56::SCWSystem::Not a boot domain 
LOG::2026-04-26.18:17:56::SCWSystem::Started Processing the domain standalone_domain
TRACE::2026-04-26.18:17:56::SCWDomain::Generating domain artifcats
TRACE::2026-04-26.18:17:56::SCWMssOS::Generating standalone artifcats
TRACE::2026-04-26.18:17:56::SCWMssOS::Copying the qemu file from  C:/Users/suren/Documents/ECE_520/Final_Project/Sandbox/signal_detect_vitis/signal_detect_platform/resources/signal_detect_platform/standalone_domain/qemu_args.txt To C:/Users/suren/Documents/ECE_520/Final_Project/Sandbox/signal_detect_vitis/signal_detect_platform/export/signal_detect_platform/sw/signal_detect_platform/qemu/
TRACE::2026-04-26.18:17:56::SCWMssOS::Copying the qemu file from  C:/Users/suren/Documents/ECE_520/Final_Project/Sandbox/signal_detect_vitis/signal_detect_platform/resources/signal_detect_platform/standalone_domain/qemu_args.txt To C:/Users/suren/Documents/ECE_520/Final_Project/Sandbox/signal_detect_vitis/signal_detect_platform/export/signal_detect_platform/sw/signal_detect_platform/standalone_domain/qemu/
TRACE::2026-04-26.18:17:56::SCWMssOS:: Copying the user libraries. 
TRACE::2026-04-26.18:17:56::SCWPlatform::Trying to open the hw design at C:/Users/suren/Documents/ECE_520/Final_Project/Sandbox/signal_detect_vitis/signal_detect_platform/hw/signal_detect_bd_wrapper.xsa
TRACE::2026-04-26.18:17:56::SCWPlatform::DSA given C:/Users/suren/Documents/ECE_520/Final_Project/Sandbox/signal_detect_vitis/signal_detect_platform/hw/signal_detect_bd_wrapper.xsa
TRACE::2026-04-26.18:17:56::SCWPlatform::DSA absoulate path C:/Users/suren/Documents/ECE_520/Final_Project/Sandbox/signal_detect_vitis/signal_detect_platform/hw/signal_detect_bd_wrapper.xsa
TRACE::2026-04-26.18:17:56::SCWPlatform::DSA directory C:/Users/suren/Documents/ECE_520/Final_Project/Sandbox/signal_detect_vitis/signal_detect_platform/hw
TRACE::2026-04-26.18:17:56::SCWPlatform:: Platform Path C:/Users/suren/Documents/ECE_520/Final_Project/Sandbox/signal_detect_vitis/signal_detect_platform/hw/signal_detect_bd_wrapper.xsa
TRACE::2026-04-26.18:17:56::SCWPlatform:: Unique name xilinx:zybo-z7-10::0.0
TRACE::2026-04-26.18:17:56::SCWPlatform::Trying to set the existing hwdb with name signal_detect_bd_wrapper_1
TRACE::2026-04-26.18:17:56::SCWPlatform::Opened existing hwdb signal_detect_bd_wrapper_1
TRACE::2026-04-26.18:17:56::SCWPlatform::Found the Hw Db part of the input DSA
TRACE::2026-04-26.18:17:56::SCWMssOS::Checking the sw design at  C:/Users/suren/Documents/ECE_520/Final_Project/Sandbox/signal_detect_vitis/signal_detect_platform/ps7_cortexa9_0/standalone_domain/bsp/system.mss
TRACE::2026-04-26.18:17:56::SCWMssOS::DEBUG:  swdes dump  C:/Users/suren/Documents/ECE_520/Final_Project/Sandbox/signal_detect_vitis/signal_detect_platform/ps7_cortexa9_0/standalone_domain/bsp/system.mss|system_0||
C:/Users/suren/Documents/ECE_520/Final_Project/Sandbox/signal_detect_vitis/signal_detect_platform/zynq_fsbl/zynq_fsbl_bsp/system.mss|system||

TRACE::2026-04-26.18:17:56::SCWMssOS::Sw design exists and opened at  C:/Users/suren/Documents/ECE_520/Final_Project/Sandbox/signal_detect_vitis/signal_detect_platform/ps7_cortexa9_0/standalone_domain/bsp/system.mss
TRACE::2026-04-26.18:17:56::SCWMssOS::Completed writing the mss file at C:/Users/suren/Documents/ECE_520/Final_Project/Sandbox/signal_detect_vitis/signal_detect_platform/ps7_cortexa9_0/standalone_domain/bsp
TRACE::2026-04-26.18:17:56::SCWMssOS::Mss edits present, copying mssfile into export location C:/Users/suren/Documents/ECE_520/Final_Project/Sandbox/signal_detect_vitis/signal_detect_platform/ps7_cortexa9_0/standalone_domain/bsp/system.mss
TRACE::2026-04-26.18:17:56::SCWMssOS::bsp generated is upto date with the mss file. Skipping bsp generation.
TRACE::2026-04-26.18:17:56::SCWMssOS::BSP is already built. skipping the bsp build ... 
TRACE::2026-04-26.18:17:56::SCWDomain::Building the domain as part of full build :  standalone_domain
TRACE::2026-04-26.18:17:56::SCWMssOS::doing bsp build ... 
TRACE::2026-04-26.18:17:56::SCWMssOS::System Command Ran  C: & cd  C:/Users/suren/Documents/ECE_520/Final_Project/Sandbox/signal_detect_vitis/signal_detect_platform/ps7_cortexa9_0/standalone_domain/bsp & make 
TRACE::2026-04-26.18:17:56::SCWMssOS::make --no-print-directory seq_libs

TRACE::2026-04-26.18:17:56::SCWMssOS::'Finished building libraries sequentially.'

TRACE::2026-04-26.18:17:56::SCWMssOS::make -j 6 --no-print-directory par_libs

TRACE::2026-04-26.18:17:56::SCWMssOS::"Running Make include in ps7_cortexa9_0/libsrc/coresightps_dcc_v1_8/src"

TRACE::2026-04-26.18:17:56::SCWMssOS::make -C ps7_cortexa9_0/libsrc/coresightps_dcc_v1_8/src -s include  "SHELL=CMD" "COMPILER=arm-none-eabi-gcc" "ASSEMBLER=arm-none
TRACE::2026-04-26.18:17:56::SCWMssOS::-eabi-as" "ARCHIVER=arm-none-eabi-ar" "COMPILER_FLAGS=  -O2 -c" "EXTRA_COMPILER_FLAGS=-mcpu=cortex-a9 -mfpu=vfpv3 -mfloat-abi=h
TRACE::2026-04-26.18:17:56::SCWMssOS::ard -nostartfiles -g -Wall -Wextra -fno-tree-loop-distribute-patterns"

TRACE::2026-04-26.18:17:56::SCWMssOS::"Running Make include in ps7_cortexa9_0/libsrc/cpu_cortexa9_v2_11/src"

TRACE::2026-04-26.18:17:56::SCWMssOS::make -C ps7_cortexa9_0/libsrc/cpu_cortexa9_v2_11/src -s include  "SHELL=CMD" "COMPILER=arm-none-eabi-gcc" "ASSEMBLER=arm-none-e
TRACE::2026-04-26.18:17:56::SCWMssOS::abi-as" "ARCHIVER=arm-none-eabi-ar" "COMPILER_FLAGS=  -O2 -c" "EXTRA_COMPILER_FLAGS=-mcpu=cortex-a9 -mfpu=vfpv3 -mfloat-abi=har
TRACE::2026-04-26.18:17:56::SCWMssOS::d -nostartfiles -g -Wall -Wextra -fno-tree-loop-distribute-patterns"

TRACE::2026-04-26.18:17:56::SCWMssOS::"Running Make include in ps7_cortexa9_0/libsrc/ddrps_v1_2/src"

TRACE::2026-04-26.18:17:56::SCWMssOS::make -C ps7_cortexa9_0/libsrc/ddrps_v1_2/src -s include  "SHELL=CMD" "COMPILER=arm-none-eabi-gcc" "ASSEMBLER=arm-none-eabi-as" 
TRACE::2026-04-26.18:17:56::SCWMssOS::"ARCHIVER=arm-none-eabi-ar" "COMPILER_FLAGS=  -O2 -c" "EXTRA_COMPILER_FLAGS=-mcpu=cortex-a9 -mfpu=vfpv3 -mfloat-abi=hard -nosta
TRACE::2026-04-26.18:17:56::SCWMssOS::rtfiles -g -Wall -Wextra -fno-tree-loop-distribute-patterns"

TRACE::2026-04-26.18:17:56::SCWMssOS::"Running Make include in ps7_cortexa9_0/libsrc/devcfg_v3_7/src"

TRACE::2026-04-26.18:17:56::SCWMssOS::make -C ps7_cortexa9_0/libsrc/devcfg_v3_7/src -s include  "SHELL=CMD" "COMPILER=arm-none-eabi-gcc" "ASSEMBLER=arm-none-eabi-as"
TRACE::2026-04-26.18:17:56::SCWMssOS:: "ARCHIVER=arm-none-eabi-ar" "COMPILER_FLAGS=  -O2 -c" "EXTRA_COMPILER_FLAGS=-mcpu=cortex-a9 -mfpu=vfpv3 -mfloat-abi=hard -nost
TRACE::2026-04-26.18:17:56::SCWMssOS::artfiles -g -Wall -Wextra -fno-tree-loop-distribute-patterns"

TRACE::2026-04-26.18:17:56::SCWMssOS::"Running Make include in ps7_cortexa9_0/libsrc/dmaps_v2_8/src"

TRACE::2026-04-26.18:17:56::SCWMssOS::make -C ps7_cortexa9_0/libsrc/dmaps_v2_8/src -s include  "SHELL=CMD" "COMPILER=arm-none-eabi-gcc" "ASSEMBLER=arm-none-eabi-as" 
TRACE::2026-04-26.18:17:56::SCWMssOS::"ARCHIVER=arm-none-eabi-ar" "COMPILER_FLAGS=  -O2 -c" "EXTRA_COMPILER_FLAGS=-mcpu=cortex-a9 -mfpu=vfpv3 -mfloat-abi=hard -nosta
TRACE::2026-04-26.18:17:56::SCWMssOS::rtfiles -g -Wall -Wextra -fno-tree-loop-distribute-patterns"

TRACE::2026-04-26.18:17:56::SCWMssOS::"Running Make include in ps7_cortexa9_0/libsrc/emacps_v3_18/src"

TRACE::2026-04-26.18:17:56::SCWMssOS::make -C ps7_cortexa9_0/libsrc/emacps_v3_18/src -s include  "SHELL=CMD" "COMPILER=arm-none-eabi-gcc" "ASSEMBLER=arm-none-eabi-as
TRACE::2026-04-26.18:17:56::SCWMssOS::" "ARCHIVER=arm-none-eabi-ar" "COMPILER_FLAGS=  -O2 -c" "EXTRA_COMPILER_FLAGS=-mcpu=cortex-a9 -mfpu=vfpv3 -mfloat-abi=hard -nos
TRACE::2026-04-26.18:17:56::SCWMssOS::tartfiles -g -Wall -Wextra -fno-tree-loop-distribute-patterns"

TRACE::2026-04-26.18:17:56::SCWMssOS::"Running Make include in ps7_cortexa9_0/libsrc/gpiops_v3_11/src"

TRACE::2026-04-26.18:17:56::SCWMssOS::make -C ps7_cortexa9_0/libsrc/gpiops_v3_11/src -s include  "SHELL=CMD" "COMPILER=arm-none-eabi-gcc" "ASSEMBLER=arm-none-eabi-as
TRACE::2026-04-26.18:17:56::SCWMssOS::" "ARCHIVER=arm-none-eabi-ar" "COMPILER_FLAGS=  -O2 -c" "EXTRA_COMPILER_FLAGS=-mcpu=cortex-a9 -mfpu=vfpv3 -mfloat-abi=hard -nos
TRACE::2026-04-26.18:17:56::SCWMssOS::tartfiles -g -Wall -Wextra -fno-tree-loop-distribute-patterns"

TRACE::2026-04-26.18:17:56::SCWMssOS::"Running Make include in ps7_cortexa9_0/libsrc/gpio_v4_9/src"

TRACE::2026-04-26.18:17:56::SCWMssOS::make -C ps7_cortexa9_0/libsrc/gpio_v4_9/src -s include  "SHELL=CMD" "COMPILER=arm-none-eabi-gcc" "ASSEMBLER=arm-none-eabi-as" "
TRACE::2026-04-26.18:17:56::SCWMssOS::ARCHIVER=arm-none-eabi-ar" "COMPILER_FLAGS=  -O2 -c" "EXTRA_COMPILER_FLAGS=-mcpu=cortex-a9 -mfpu=vfpv3 -mfloat-abi=hard -nostar
TRACE::2026-04-26.18:17:56::SCWMssOS::tfiles -g -Wall -Wextra -fno-tree-loop-distribute-patterns"

TRACE::2026-04-26.18:17:56::SCWMssOS::"Running Make include in ps7_cortexa9_0/libsrc/qspips_v3_10/src"

TRACE::2026-04-26.18:17:56::SCWMssOS::make -C ps7_cortexa9_0/libsrc/qspips_v3_10/src -s include  "SHELL=CMD" "COMPILER=arm-none-eabi-gcc" "ASSEMBLER=arm-none-eabi-as
TRACE::2026-04-26.18:17:56::SCWMssOS::" "ARCHIVER=arm-none-eabi-ar" "COMPILER_FLAGS=  -O2 -c" "EXTRA_COMPILER_FLAGS=-mcpu=cortex-a9 -mfpu=vfpv3 -mfloat-abi=hard -nos
TRACE::2026-04-26.18:17:56::SCWMssOS::tartfiles -g -Wall -Wextra -fno-tree-loop-distribute-patterns"

TRACE::2026-04-26.18:17:56::SCWMssOS::"Running Make include in ps7_cortexa9_0/libsrc/scugic_v5_1/src"

TRACE::2026-04-26.18:17:56::SCWMssOS::make -C ps7_cortexa9_0/libsrc/scugic_v5_1/src -s include  "SHELL=CMD" "COMPILER=arm-none-eabi-gcc" "ASSEMBLER=arm-none-eabi-as"
TRACE::2026-04-26.18:17:56::SCWMssOS:: "ARCHIVER=arm-none-eabi-ar" "COMPILER_FLAGS=  -O2 -c" "EXTRA_COMPILER_FLAGS=-mcpu=cortex-a9 -mfpu=vfpv3 -mfloat-abi=hard -nost
TRACE::2026-04-26.18:17:56::SCWMssOS::artfiles -g -Wall -Wextra -fno-tree-loop-distribute-patterns"

TRACE::2026-04-26.18:17:56::SCWMssOS::"Running Make include in ps7_cortexa9_0/libsrc/scutimer_v2_4/src"

TRACE::2026-04-26.18:17:56::SCWMssOS::make -C ps7_cortexa9_0/libsrc/scutimer_v2_4/src -s include  "SHELL=CMD" "COMPILER=arm-none-eabi-gcc" "ASSEMBLER=arm-none-eabi-a
TRACE::2026-04-26.18:17:56::SCWMssOS::s" "ARCHIVER=arm-none-eabi-ar" "COMPILER_FLAGS=  -O2 -c" "EXTRA_COMPILER_FLAGS=-mcpu=cortex-a9 -mfpu=vfpv3 -mfloat-abi=hard -no
TRACE::2026-04-26.18:17:56::SCWMssOS::startfiles -g -Wall -Wextra -fno-tree-loop-distribute-patterns"

TRACE::2026-04-26.18:17:56::SCWMssOS::"Running Make include in ps7_cortexa9_0/libsrc/scuwdt_v2_4/src"

TRACE::2026-04-26.18:17:56::SCWMssOS::make -C ps7_cortexa9_0/libsrc/scuwdt_v2_4/src -s include  "SHELL=CMD" "COMPILER=arm-none-eabi-gcc" "ASSEMBLER=arm-none-eabi-as"
TRACE::2026-04-26.18:17:56::SCWMssOS:: "ARCHIVER=arm-none-eabi-ar" "COMPILER_FLAGS=  -O2 -c" "EXTRA_COMPILER_FLAGS=-mcpu=cortex-a9 -mfpu=vfpv3 -mfloat-abi=hard -nost
TRACE::2026-04-26.18:17:56::SCWMssOS::artfiles -g -Wall -Wextra -fno-tree-loop-distribute-patterns"

TRACE::2026-04-26.18:17:56::SCWMssOS::"Running Make include in ps7_cortexa9_0/libsrc/sdps_v4_1/src"

TRACE::2026-04-26.18:17:56::SCWMssOS::make -C ps7_cortexa9_0/libsrc/sdps_v4_1/src -s include  "SHELL=CMD" "COMPILER=arm-none-eabi-gcc" "ASSEMBLER=arm-none-eabi-as" "
TRACE::2026-04-26.18:17:56::SCWMssOS::ARCHIVER=arm-none-eabi-ar" "COMPILER_FLAGS=  -O2 -c" "EXTRA_COMPILER_FLAGS=-mcpu=cortex-a9 -mfpu=vfpv3 -mfloat-abi=hard -nostar
TRACE::2026-04-26.18:17:56::SCWMssOS::tfiles -g -Wall -Wextra -fno-tree-loop-distribute-patterns"

TRACE::2026-04-26.18:17:56::SCWMssOS::"Running Make include in ps7_cortexa9_0/libsrc/standalone_v8_1/src"

TRACE::2026-04-26.18:17:56::SCWMssOS::make -C ps7_cortexa9_0/libsrc/standalone_v8_1/src -s include  "SHELL=CMD" "COMPILER=arm-none-eabi-gcc" "ASSEMBLER=arm-none-eabi
TRACE::2026-04-26.18:17:56::SCWMssOS::-as" "ARCHIVER=arm-none-eabi-ar" "COMPILER_FLAGS=  -O2 -c" "EXTRA_COMPILER_FLAGS=-mcpu=cortex-a9 -mfpu=vfpv3 -mfloat-abi=hard -
TRACE::2026-04-26.18:17:56::SCWMssOS::nostartfiles -g -Wall -Wextra -fno-tree-loop-distribute-patterns"

TRACE::2026-04-26.18:17:56::SCWMssOS::"Running Make include in ps7_cortexa9_0/libsrc/uartps_v3_12/src"

TRACE::2026-04-26.18:17:56::SCWMssOS::make -C ps7_cortexa9_0/libsrc/uartps_v3_12/src -s include  "SHELL=CMD" "COMPILER=arm-none-eabi-gcc" "ASSEMBLER=arm-none-eabi-as
TRACE::2026-04-26.18:17:56::SCWMssOS::" "ARCHIVER=arm-none-eabi-ar" "COMPILER_FLAGS=  -O2 -c" "EXTRA_COMPILER_FLAGS=-mcpu=cortex-a9 -mfpu=vfpv3 -mfloat-abi=hard -nos
TRACE::2026-04-26.18:17:56::SCWMssOS::tartfiles -g -Wall -Wextra -fno-tree-loop-distribute-patterns"

TRACE::2026-04-26.18:17:56::SCWMssOS::"Running Make include in ps7_cortexa9_0/libsrc/usbps_v2_7/src"

TRACE::2026-04-26.18:17:56::SCWMssOS::make -C ps7_cortexa9_0/libsrc/usbps_v2_7/src -s include  "SHELL=CMD" "COMPILER=arm-none-eabi-gcc" "ASSEMBLER=arm-none-eabi-as" 
TRACE::2026-04-26.18:17:56::SCWMssOS::"ARCHIVER=arm-none-eabi-ar" "COMPILER_FLAGS=  -O2 -c" "EXTRA_COMPILER_FLAGS=-mcpu=cortex-a9 -mfpu=vfpv3 -mfloat-abi=hard -nosta
TRACE::2026-04-26.18:17:56::SCWMssOS::rtfiles -g -Wall -Wextra -fno-tree-loop-distribute-patterns"

TRACE::2026-04-26.18:17:56::SCWMssOS::"Running Make include in ps7_cortexa9_0/libsrc/xadcps_v2_6/src"

TRACE::2026-04-26.18:17:56::SCWMssOS::make -C ps7_cortexa9_0/libsrc/xadcps_v2_6/src -s include  "SHELL=CMD" "COMPILER=arm-none-eabi-gcc" "ASSEMBLER=arm-none-eabi-as"
TRACE::2026-04-26.18:17:56::SCWMssOS:: "ARCHIVER=arm-none-eabi-ar" "COMPILER_FLAGS=  -O2 -c" "EXTRA_COMPILER_FLAGS=-mcpu=cortex-a9 -mfpu=vfpv3 -mfloat-abi=hard -nost
TRACE::2026-04-26.18:17:56::SCWMssOS::artfiles -g -Wall -Wextra -fno-tree-loop-distribute-patterns"

TRACE::2026-04-26.18:17:56::SCWMssOS::"Running Make libs in ps7_cortexa9_0/libsrc/coresightps_dcc_v1_8/src"

TRACE::2026-04-26.18:17:56::SCWMssOS::make -C ps7_cortexa9_0/libsrc/coresightps_dcc_v1_8/src -s libs  "SHELL=CMD" "COMPILER=arm-none-eabi-gcc" "ASSEMBLER=arm-none-ea
TRACE::2026-04-26.18:17:56::SCWMssOS::bi-as" "ARCHIVER=arm-none-eabi-ar" "COMPILER_FLAGS=  -O2 -c" "EXTRA_COMPILER_FLAGS=-mcpu=cortex-a9 -mfpu=vfpv3 -mfloat-abi=hard
TRACE::2026-04-26.18:17:56::SCWMssOS:: -nostartfiles -g -Wall -Wextra -fno-tree-loop-distribute-patterns"

TRACE::2026-04-26.18:17:57::SCWMssOS::"Running Make libs in ps7_cortexa9_0/libsrc/cpu_cortexa9_v2_11/src"

TRACE::2026-04-26.18:17:57::SCWMssOS::make -C ps7_cortexa9_0/libsrc/cpu_cortexa9_v2_11/src -s libs  "SHELL=CMD" "COMPILER=arm-none-eabi-gcc" "ASSEMBLER=arm-none-eabi
TRACE::2026-04-26.18:17:57::SCWMssOS::-as" "ARCHIVER=arm-none-eabi-ar" "COMPILER_FLAGS=  -O2 -c" "EXTRA_COMPILER_FLAGS=-mcpu=cortex-a9 -mfpu=vfpv3 -mfloat-abi=hard -
TRACE::2026-04-26.18:17:57::SCWMssOS::nostartfiles -g -Wall -Wextra -fno-tree-loop-distribute-patterns"

TRACE::2026-04-26.18:17:57::SCWMssOS::"Running Make libs in ps7_cortexa9_0/libsrc/ddrps_v1_2/src"

TRACE::2026-04-26.18:17:57::SCWMssOS::make -C ps7_cortexa9_0/libsrc/ddrps_v1_2/src -s libs  "SHELL=CMD" "COMPILER=arm-none-eabi-gcc" "ASSEMBLER=arm-none-eabi-as" "AR
TRACE::2026-04-26.18:17:57::SCWMssOS::CHIVER=arm-none-eabi-ar" "COMPILER_FLAGS=  -O2 -c" "EXTRA_COMPILER_FLAGS=-mcpu=cortex-a9 -mfpu=vfpv3 -mfloat-abi=hard -nostartf
TRACE::2026-04-26.18:17:57::SCWMssOS::iles -g -Wall -Wextra -fno-tree-loop-distribute-patterns"

TRACE::2026-04-26.18:17:57::SCWMssOS::"Running Make libs in ps7_cortexa9_0/libsrc/devcfg_v3_7/src"

TRACE::2026-04-26.18:17:57::SCWMssOS::make -C ps7_cortexa9_0/libsrc/devcfg_v3_7/src -s libs  "SHELL=CMD" "COMPILER=arm-none-eabi-gcc" "ASSEMBLER=arm-none-eabi-as" "A
TRACE::2026-04-26.18:17:57::SCWMssOS::RCHIVER=arm-none-eabi-ar" "COMPILER_FLAGS=  -O2 -c" "EXTRA_COMPILER_FLAGS=-mcpu=cortex-a9 -mfpu=vfpv3 -mfloat-abi=hard -nostart
TRACE::2026-04-26.18:17:57::SCWMssOS::files -g -Wall -Wextra -fno-tree-loop-distribute-patterns"

TRACE::2026-04-26.18:17:57::SCWMssOS::"Running Make libs in ps7_cortexa9_0/libsrc/dmaps_v2_8/src"

TRACE::2026-04-26.18:17:57::SCWMssOS::make -C ps7_cortexa9_0/libsrc/dmaps_v2_8/src -s libs  "SHELL=CMD" "COMPILER=arm-none-eabi-gcc" "ASSEMBLER=arm-none-eabi-as" "AR
TRACE::2026-04-26.18:17:57::SCWMssOS::CHIVER=arm-none-eabi-ar" "COMPILER_FLAGS=  -O2 -c" "EXTRA_COMPILER_FLAGS=-mcpu=cortex-a9 -mfpu=vfpv3 -mfloat-abi=hard -nostartf
TRACE::2026-04-26.18:17:57::SCWMssOS::iles -g -Wall -Wextra -fno-tree-loop-distribute-patterns"

TRACE::2026-04-26.18:17:57::SCWMssOS::"Running Make libs in ps7_cortexa9_0/libsrc/emacps_v3_18/src"

TRACE::2026-04-26.18:17:57::SCWMssOS::make -C ps7_cortexa9_0/libsrc/emacps_v3_18/src -s libs  "SHELL=CMD" "COMPILER=arm-none-eabi-gcc" "ASSEMBLER=arm-none-eabi-as" "
TRACE::2026-04-26.18:17:57::SCWMssOS::ARCHIVER=arm-none-eabi-ar" "COMPILER_FLAGS=  -O2 -c" "EXTRA_COMPILER_FLAGS=-mcpu=cortex-a9 -mfpu=vfpv3 -mfloat-abi=hard -nostar
TRACE::2026-04-26.18:17:57::SCWMssOS::tfiles -g -Wall -Wextra -fno-tree-loop-distribute-patterns"

TRACE::2026-04-26.18:17:57::SCWMssOS::"Running Make libs in ps7_cortexa9_0/libsrc/gpiops_v3_11/src"

TRACE::2026-04-26.18:17:57::SCWMssOS::make -C ps7_cortexa9_0/libsrc/gpiops_v3_11/src -s libs  "SHELL=CMD" "COMPILER=arm-none-eabi-gcc" "ASSEMBLER=arm-none-eabi-as" "
TRACE::2026-04-26.18:17:57::SCWMssOS::ARCHIVER=arm-none-eabi-ar" "COMPILER_FLAGS=  -O2 -c" "EXTRA_COMPILER_FLAGS=-mcpu=cortex-a9 -mfpu=vfpv3 -mfloat-abi=hard -nostar
TRACE::2026-04-26.18:17:57::SCWMssOS::tfiles -g -Wall -Wextra -fno-tree-loop-distribute-patterns"

TRACE::2026-04-26.18:17:57::SCWMssOS::"Running Make libs in ps7_cortexa9_0/libsrc/gpio_v4_9/src"

TRACE::2026-04-26.18:17:57::SCWMssOS::make -C ps7_cortexa9_0/libsrc/gpio_v4_9/src -s libs  "SHELL=CMD" "COMPILER=arm-none-eabi-gcc" "ASSEMBLER=arm-none-eabi-as" "ARC
TRACE::2026-04-26.18:17:57::SCWMssOS::HIVER=arm-none-eabi-ar" "COMPILER_FLAGS=  -O2 -c" "EXTRA_COMPILER_FLAGS=-mcpu=cortex-a9 -mfpu=vfpv3 -mfloat-abi=hard -nostartfi
TRACE::2026-04-26.18:17:57::SCWMssOS::les -g -Wall -Wextra -fno-tree-loop-distribute-patterns"

TRACE::2026-04-26.18:17:57::SCWMssOS::"Running Make libs in ps7_cortexa9_0/libsrc/qspips_v3_10/src"

TRACE::2026-04-26.18:17:57::SCWMssOS::make -C ps7_cortexa9_0/libsrc/qspips_v3_10/src -s libs  "SHELL=CMD" "COMPILER=arm-none-eabi-gcc" "ASSEMBLER=arm-none-eabi-as" "
TRACE::2026-04-26.18:17:57::SCWMssOS::ARCHIVER=arm-none-eabi-ar" "COMPILER_FLAGS=  -O2 -c" "EXTRA_COMPILER_FLAGS=-mcpu=cortex-a9 -mfpu=vfpv3 -mfloat-abi=hard -nostar
TRACE::2026-04-26.18:17:57::SCWMssOS::tfiles -g -Wall -Wextra -fno-tree-loop-distribute-patterns"

TRACE::2026-04-26.18:17:57::SCWMssOS::"Running Make libs in ps7_cortexa9_0/libsrc/scugic_v5_1/src"

TRACE::2026-04-26.18:17:57::SCWMssOS::make -C ps7_cortexa9_0/libsrc/scugic_v5_1/src -s libs  "SHELL=CMD" "COMPILER=arm-none-eabi-gcc" "ASSEMBLER=arm-none-eabi-as" "A
TRACE::2026-04-26.18:17:57::SCWMssOS::RCHIVER=arm-none-eabi-ar" "COMPILER_FLAGS=  -O2 -c" "EXTRA_COMPILER_FLAGS=-mcpu=cortex-a9 -mfpu=vfpv3 -mfloat-abi=hard -nostart
TRACE::2026-04-26.18:17:57::SCWMssOS::files -g -Wall -Wextra -fno-tree-loop-distribute-patterns"

TRACE::2026-04-26.18:17:57::SCWMssOS::"Running Make libs in ps7_cortexa9_0/libsrc/scutimer_v2_4/src"

TRACE::2026-04-26.18:17:57::SCWMssOS::make -C ps7_cortexa9_0/libsrc/scutimer_v2_4/src -s libs  "SHELL=CMD" "COMPILER=arm-none-eabi-gcc" "ASSEMBLER=arm-none-eabi-as" 
TRACE::2026-04-26.18:17:57::SCWMssOS::"ARCHIVER=arm-none-eabi-ar" "COMPILER_FLAGS=  -O2 -c" "EXTRA_COMPILER_FLAGS=-mcpu=cortex-a9 -mfpu=vfpv3 -mfloat-abi=hard -nosta
TRACE::2026-04-26.18:17:57::SCWMssOS::rtfiles -g -Wall -Wextra -fno-tree-loop-distribute-patterns"

TRACE::2026-04-26.18:17:58::SCWMssOS::"Running Make libs in ps7_cortexa9_0/libsrc/scuwdt_v2_4/src"

TRACE::2026-04-26.18:17:58::SCWMssOS::make -C ps7_cortexa9_0/libsrc/scuwdt_v2_4/src -s libs  "SHELL=CMD" "COMPILER=arm-none-eabi-gcc" "ASSEMBLER=arm-none-eabi-as" "A
TRACE::2026-04-26.18:17:58::SCWMssOS::RCHIVER=arm-none-eabi-ar" "COMPILER_FLAGS=  -O2 -c" "EXTRA_COMPILER_FLAGS=-mcpu=cortex-a9 -mfpu=vfpv3 -mfloat-abi=hard -nostart
TRACE::2026-04-26.18:17:58::SCWMssOS::files -g -Wall -Wextra -fno-tree-loop-distribute-patterns"

TRACE::2026-04-26.18:17:58::SCWMssOS::"Running Make libs in ps7_cortexa9_0/libsrc/sdps_v4_1/src"

TRACE::2026-04-26.18:17:58::SCWMssOS::make -C ps7_cortexa9_0/libsrc/sdps_v4_1/src -s libs  "SHELL=CMD" "COMPILER=arm-none-eabi-gcc" "ASSEMBLER=arm-none-eabi-as" "ARC
TRACE::2026-04-26.18:17:58::SCWMssOS::HIVER=arm-none-eabi-ar" "COMPILER_FLAGS=  -O2 -c" "EXTRA_COMPILER_FLAGS=-mcpu=cortex-a9 -mfpu=vfpv3 -mfloat-abi=hard -nostartfi
TRACE::2026-04-26.18:17:58::SCWMssOS::les -g -Wall -Wextra -fno-tree-loop-distribute-patterns"

TRACE::2026-04-26.18:17:58::SCWMssOS::"Running Make libs in ps7_cortexa9_0/libsrc/standalone_v8_1/src"

TRACE::2026-04-26.18:17:58::SCWMssOS::make -C ps7_cortexa9_0/libsrc/standalone_v8_1/src -s libs  "SHELL=CMD" "COMPILER=arm-none-eabi-gcc" "ASSEMBLER=arm-none-eabi-as
TRACE::2026-04-26.18:17:58::SCWMssOS::" "ARCHIVER=arm-none-eabi-ar" "COMPILER_FLAGS=  -O2 -c" "EXTRA_COMPILER_FLAGS=-mcpu=cortex-a9 -mfpu=vfpv3 -mfloat-abi=hard -nos
TRACE::2026-04-26.18:17:58::SCWMssOS::tartfiles -g -Wall -Wextra -fno-tree-loop-distribute-patterns"

TRACE::2026-04-26.18:17:58::SCWMssOS::"Running Make libs in ps7_cortexa9_0/libsrc/uartps_v3_12/src"

TRACE::2026-04-26.18:17:58::SCWMssOS::make -C ps7_cortexa9_0/libsrc/uartps_v3_12/src -s libs  "SHELL=CMD" "COMPILER=arm-none-eabi-gcc" "ASSEMBLER=arm-none-eabi-as" "
TRACE::2026-04-26.18:17:58::SCWMssOS::ARCHIVER=arm-none-eabi-ar" "COMPILER_FLAGS=  -O2 -c" "EXTRA_COMPILER_FLAGS=-mcpu=cortex-a9 -mfpu=vfpv3 -mfloat-abi=hard -nostar
TRACE::2026-04-26.18:17:58::SCWMssOS::tfiles -g -Wall -Wextra -fno-tree-loop-distribute-patterns"

TRACE::2026-04-26.18:17:58::SCWMssOS::"Running Make libs in ps7_cortexa9_0/libsrc/usbps_v2_7/src"

TRACE::2026-04-26.18:17:58::SCWMssOS::make -C ps7_cortexa9_0/libsrc/usbps_v2_7/src -s libs  "SHELL=CMD" "COMPILER=arm-none-eabi-gcc" "ASSEMBLER=arm-none-eabi-as" "AR
TRACE::2026-04-26.18:17:58::SCWMssOS::CHIVER=arm-none-eabi-ar" "COMPILER_FLAGS=  -O2 -c" "EXTRA_COMPILER_FLAGS=-mcpu=cortex-a9 -mfpu=vfpv3 -mfloat-abi=hard -nostartf
TRACE::2026-04-26.18:17:58::SCWMssOS::iles -g -Wall -Wextra -fno-tree-loop-distribute-patterns"

TRACE::2026-04-26.18:17:58::SCWMssOS::"Running Make libs in ps7_cortexa9_0/libsrc/xadcps_v2_6/src"

TRACE::2026-04-26.18:17:58::SCWMssOS::make -C ps7_cortexa9_0/libsrc/xadcps_v2_6/src -s libs  "SHELL=CMD" "COMPILER=arm-none-eabi-gcc" "ASSEMBLER=arm-none-eabi-as" "A
TRACE::2026-04-26.18:17:58::SCWMssOS::RCHIVER=arm-none-eabi-ar" "COMPILER_FLAGS=  -O2 -c" "EXTRA_COMPILER_FLAGS=-mcpu=cortex-a9 -mfpu=vfpv3 -mfloat-abi=hard -nostart
TRACE::2026-04-26.18:17:58::SCWMssOS::files -g -Wall -Wextra -fno-tree-loop-distribute-patterns"

TRACE::2026-04-26.18:17:59::SCWMssOS::'Finished building libraries parallelly.'

TRACE::2026-04-26.18:17:59::SCWMssOS::make --no-print-directory archive

TRACE::2026-04-26.18:17:59::SCWMssOS::arm-none-eabi-ar -r  ps7_cortexa9_0/lib/libxil.a ps7_cortexa9_0/lib/_exit.o ps7_cortexa9_0/lib/_open.o ps7_cortexa9_0/lib/_sbrk
TRACE::2026-04-26.18:17:59::SCWMssOS::.o ps7_cortexa9_0/lib/abort.o ps7_cortexa9_0/lib/asm_vectors.o ps7_cortexa9_0/lib/boot.o ps7_cortexa9_0/lib/close.o ps7_cortexa
TRACE::2026-04-26.18:17:59::SCWMssOS::9_0/lib/cpputest_time.o ps7_cortexa9_0/lib/cpu_init.o ps7_cortexa9_0/lib/errno.o ps7_cortexa9_0/lib/fcntl.o ps7_cortexa9_0/lib/
TRACE::2026-04-26.18:17:59::SCWMssOS::fstat.o ps7_cortexa9_0/lib/getentropy.o ps7_cortexa9_0/lib/getpid.o ps7_cortexa9_0/lib/inbyte.o ps7_cortexa9_0/lib/isatty.o ps7
TRACE::2026-04-26.18:17:59::SCWMssOS::_cortexa9_0/lib/kill.o ps7_cortexa9_0/lib/lseek.o ps7_cortexa9_0/lib/open.o ps7_cortexa9_0/lib/outbyte.o ps7_cortexa9_0/lib/pri
TRACE::2026-04-26.18:17:59::SCWMssOS::nt.o ps7_cortexa9_0/lib/putnum.o ps7_cortexa9_0/lib/read.o ps7_cortexa9_0/lib/sbrk.o ps7_cortexa9_0/lib/sleep.o ps7_cortexa9_0/
TRACE::2026-04-26.18:17:59::SCWMssOS::lib/time.o ps7_cortexa9_0/lib/translation_table.o ps7_cortexa9_0/lib/unlink.o ps7_cortexa9_0/lib/usleep.o ps7_cortexa9_0/lib/ve
TRACE::2026-04-26.18:17:59::SCWMssOS::ctors.o ps7_cortexa9_0/lib/write.o ps7_cortexa9_0/lib/xadcps.o ps7_cortexa9_0/lib/xadcps_g.o ps7_cortexa9_0/lib/xadcps_intr.o p
TRACE::2026-04-26.18:17:59::SCWMssOS::s7_cortexa9_0/lib/xadcps_selftest.o ps7_cortexa9_0/lib/xadcps_sinit.o ps7_cortexa9_0/lib/xcoresightpsdcc.o ps7_cortexa9_0/lib/x
TRACE::2026-04-26.18:17:59::SCWMssOS::devcfg.o ps7_cortexa9_0/lib/xdevcfg_g.o ps7_cortexa9_0/lib/xdevcfg_hw.o ps7_cortexa9_0/lib/xdevcfg_intr.o ps7_cortexa9_0/lib/xd
TRACE::2026-04-26.18:17:59::SCWMssOS::evcfg_selftest.o ps7_cortexa9_0/lib/xdevcfg_sinit.o ps7_cortexa9_0/lib/xdmaps.o ps7_cortexa9_0/lib/xdmaps_g.o ps7_cortexa9_0/li
TRACE::2026-04-26.18:17:59::SCWMssOS::b/xdmaps_hw.o ps7_cortexa9_0/lib/xdmaps_selftest.o ps7_cortexa9_0/lib/xdmaps_sinit.o ps7_cortexa9_0/lib/xemacps.o ps7_cortexa9_
TRACE::2026-04-26.18:17:59::SCWMssOS::0/lib/xemacps_bdring.o ps7_cortexa9_0/lib/xemacps_control.o ps7_cortexa9_0/lib/xemacps_g.o ps7_cortexa9_0/lib/xemacps_hw.o ps7_
TRACE::2026-04-26.18:17:59::SCWMssOS::cortexa9_0/lib/xemacps_intr.o ps7_cortexa9_0/lib/xemacps_sinit.o ps7_cortexa9_0/lib/xgpio.o ps7_cortexa9_0/lib/xgpio_extra.o ps
TRACE::2026-04-26.18:17:59::SCWMssOS::7_cortexa9_0/lib/xgpio_g.o ps7_cortexa9_0/lib/xgpio_intr.o ps7_cortexa9_0/lib/xgpio_selftest.o ps7_cortexa9_0/lib/xgpio_sinit.o
TRACE::2026-04-26.18:17:59::SCWMssOS:: ps7_cortexa9_0/lib/xgpiops.o ps7_cortexa9_0/lib/xgpiops_g.o ps7_cortexa9_0/lib/xgpiops_hw.o ps7_cortexa9_0/lib/xgpiops_intr.o 
TRACE::2026-04-26.18:17:59::SCWMssOS::ps7_cortexa9_0/lib/xgpiops_selftest.o ps7_cortexa9_0/lib/xgpiops_sinit.o ps7_cortexa9_0/lib/xil-crt0.o ps7_cortexa9_0/lib/xil_a
TRACE::2026-04-26.18:17:59::SCWMssOS::ssert.o ps7_cortexa9_0/lib/xil_cache.o ps7_cortexa9_0/lib/xil_clocking.o ps7_cortexa9_0/lib/xil_exception.o ps7_cortexa9_0/lib/
TRACE::2026-04-26.18:17:59::SCWMssOS::xil_mem.o ps7_cortexa9_0/lib/xil_misc_psreset_api.o ps7_cortexa9_0/lib/xil_mmu.o ps7_cortexa9_0/lib/xil_printf.o ps7_cortexa9_0
TRACE::2026-04-26.18:17:59::SCWMssOS::/lib/xil_sleepcommon.o ps7_cortexa9_0/lib/xil_sleeptimer.o ps7_cortexa9_0/lib/xil_spinlock.o ps7_cortexa9_0/lib/xil_testcache.o
TRACE::2026-04-26.18:17:59::SCWMssOS:: ps7_cortexa9_0/lib/xil_testio.o ps7_cortexa9_0/lib/xil_testmem.o ps7_cortexa9_0/lib/xil_util.o ps7_cortexa9_0/lib/xinterrupt_w
TRACE::2026-04-26.18:17:59::SCWMssOS::rap.o ps7_cortexa9_0/lib/xl2cc_counter.o ps7_cortexa9_0/lib/xplatform_info.o ps7_cortexa9_0/lib/xpm_counter.o ps7_cortexa9_0/li
TRACE::2026-04-26.18:17:59::SCWMssOS::b/xqspips.o ps7_cortexa9_0/lib/xqspips_g.o ps7_cortexa9_0/lib/xqspips_hw.o ps7_cortexa9_0/lib/xqspips_options.o ps7_cortexa9_0/
TRACE::2026-04-26.18:17:59::SCWMssOS::lib/xqspips_selftest.o ps7_cortexa9_0/lib/xqspips_sinit.o ps7_cortexa9_0/lib/xscugic.o ps7_cortexa9_0/lib/xscugic_g.o ps7_corte
TRACE::2026-04-26.18:17:59::SCWMssOS::xa9_0/lib/xscugic_hw.o ps7_cortexa9_0/lib/xscugic_intr.o ps7_cortexa9_0/lib/xscugic_selftest.o ps7_cortexa9_0/lib/xscugic_sinit
TRACE::2026-04-26.18:17:59::SCWMssOS::.o ps7_cortexa9_0/lib/xscutimer.o ps7_cortexa9_0/lib/xscutimer_g.o ps7_cortexa9_0/lib/xscutimer_selftest.o ps7_cortexa9_0/lib/x
TRACE::2026-04-26.18:17:59::SCWMssOS::scutimer_sinit.o ps7_cortexa9_0/lib/xscuwdt.o ps7_cortexa9_0/lib/xscuwdt_g.o ps7_cortexa9_0/lib/xscuwdt_selftest.o ps7_cortexa9
TRACE::2026-04-26.18:17:59::SCWMssOS::_0/lib/xscuwdt_sinit.o ps7_cortexa9_0/lib/xsdps.o ps7_cortexa9_0/lib/xsdps_card.o ps7_cortexa9_0/lib/xsdps_g.o ps7_cortexa9_0/l
TRACE::2026-04-26.18:17:59::SCWMssOS::ib/xsdps_host.o ps7_cortexa9_0/lib/xsdps_options.o ps7_cortexa9_0/lib/xsdps_sinit.o ps7_cortexa9_0/lib/xtime_l.o ps7_cortexa9_0
TRACE::2026-04-26.18:17:59::SCWMssOS::/lib/xuartps.o ps7_cortexa9_0/lib/xuartps_g.o ps7_cortexa9_0/lib/xuartps_hw.o ps7_cortexa9_0/lib/xuartps_intr.o ps7_cortexa9_0/
TRACE::2026-04-26.18:17:59::SCWMssOS::lib/xuartps_options.o ps7_cortexa9_0/lib/xuartps_selftest.o ps7_cortexa9_0/lib/xuartps_sinit.o ps7_cortexa9_0/lib/xusbps.o ps7_
TRACE::2026-04-26.18:17:59::SCWMssOS::cortexa9_0/lib/xusbps_endpoint.o ps7_cortexa9_0/lib/xusbps_g.o ps7_cortexa9_0/lib/xusbps_hw.o ps7_cortexa9_0/lib/xusbps_intr.o 
TRACE::2026-04-26.18:17:59::SCWMssOS::ps7_cortexa9_0/lib/xusbps_sinit.o

TRACE::2026-04-26.18:18:00::SCWMssOS::'Finished building libraries'

TRACE::2026-04-26.18:18:00::SCWMssOS::Copying to export directory.
TRACE::2026-04-26.18:18:00::SCWMssOS:: Checking if to create the Supporting Applications
TRACE::2026-04-26.18:18:00::SCWMssOS:: No Linux domain exists, trying to generate FSBL 
LOG::2026-04-26.18:18:00::SCWSystem::Completed Processing the domain standalone_domain
LOG::2026-04-26.18:18:00::SCWSystem::Completed Processing the sysconfig signal_detect_platform
LOG::2026-04-26.18:18:00::SCWPlatform::Completed generating the artifacts for system configuration signal_detect_platform
TRACE::2026-04-26.18:18:00::SCWPlatform::Started preparing the platform 
TRACE::2026-04-26.18:18:00::SCWSystem::Writing the bif file for system config signal_detect_platform
TRACE::2026-04-26.18:18:00::SCWSystem::dir created 
TRACE::2026-04-26.18:18:00::SCWSystem::Writing the bif 
TRACE::2026-04-26.18:18:00::SCWPlatform::Started writing the spfm file 
TRACE::2026-04-26.18:18:00::SCWPlatform::Started writing the xpfm file 
TRACE::2026-04-26.18:18:00::SCWPlatform::Completed generating the platform
TRACE::2026-04-26.18:18:00::SCWMssOS::Saving the mss changes C:/Users/suren/Documents/ECE_520/Final_Project/Sandbox/signal_detect_vitis/signal_detect_platform/zynq_fsbl/zynq_fsbl_bsp/system.mss
TRACE::2026-04-26.18:18:00::SCWMssOS::Found a swdesign opened with the mssfile.
TRACE::2026-04-26.18:18:00::SCWMssOS::Completed writemss as part of save.
TRACE::2026-04-26.18:18:00::SCWMssOS::Commit changes completed.
TRACE::2026-04-26.18:18:00::SCWMssOS::Saving the mss changes C:/Users/suren/Documents/ECE_520/Final_Project/Sandbox/signal_detect_vitis/signal_detect_platform/ps7_cortexa9_0/standalone_domain/bsp/system.mss
TRACE::2026-04-26.18:18:00::SCWMssOS::Found a swdesign opened with the mssfile.
TRACE::2026-04-26.18:18:00::SCWMssOS::Completed writemss as part of save.
TRACE::2026-04-26.18:18:00::SCWMssOS::Commit changes completed.
TRACE::2026-04-26.18:18:00::SCWPlatform::Trying to open the hw design at C:/Users/suren/Documents/ECE_520/Final_Project/Sandbox/signal_detect_vitis/signal_detect_platform/hw/signal_detect_bd_wrapper.xsa
TRACE::2026-04-26.18:18:00::SCWPlatform::DSA given C:/Users/suren/Documents/ECE_520/Final_Project/Sandbox/signal_detect_vitis/signal_detect_platform/hw/signal_detect_bd_wrapper.xsa
TRACE::2026-04-26.18:18:00::SCWPlatform::DSA absoulate path C:/Users/suren/Documents/ECE_520/Final_Project/Sandbox/signal_detect_vitis/signal_detect_platform/hw/signal_detect_bd_wrapper.xsa
TRACE::2026-04-26.18:18:00::SCWPlatform::DSA directory C:/Users/suren/Documents/ECE_520/Final_Project/Sandbox/signal_detect_vitis/signal_detect_platform/hw
TRACE::2026-04-26.18:18:00::SCWPlatform:: Platform Path C:/Users/suren/Documents/ECE_520/Final_Project/Sandbox/signal_detect_vitis/signal_detect_platform/hw/signal_detect_bd_wrapper.xsa
TRACE::2026-04-26.18:18:00::SCWPlatform:: Unique name xilinx:zybo-z7-10::0.0
TRACE::2026-04-26.18:18:00::SCWPlatform::Trying to set the existing hwdb with name signal_detect_bd_wrapper_1
TRACE::2026-04-26.18:18:00::SCWPlatform::Opened existing hwdb signal_detect_bd_wrapper_1
TRACE::2026-04-26.18:18:00::SCWPlatform::Found the Hw Db part of the input DSA
TRACE::2026-04-26.18:18:00::SCWMssOS::Checking the sw design at  C:/Users/suren/Documents/ECE_520/Final_Project/Sandbox/signal_detect_vitis/signal_detect_platform/zynq_fsbl/zynq_fsbl_bsp/system.mss
TRACE::2026-04-26.18:18:00::SCWMssOS::DEBUG:  swdes dump  C:/Users/suren/Documents/ECE_520/Final_Project/Sandbox/signal_detect_vitis/signal_detect_platform/ps7_cortexa9_0/standalone_domain/bsp/system.mss|system_0||
C:/Users/suren/Documents/ECE_520/Final_Project/Sandbox/signal_detect_vitis/signal_detect_platform/zynq_fsbl/zynq_fsbl_bsp/system.mss|system||

TRACE::2026-04-26.18:18:00::SCWMssOS::Sw design exists and opened at  C:/Users/suren/Documents/ECE_520/Final_Project/Sandbox/signal_detect_vitis/signal_detect_platform/zynq_fsbl/zynq_fsbl_bsp/system.mss
TRACE::2026-04-26.18:18:00::SCWPlatform::Trying to open the hw design at C:/Users/suren/Documents/ECE_520/Final_Project/Sandbox/signal_detect_vitis/signal_detect_platform/hw/signal_detect_bd_wrapper.xsa
TRACE::2026-04-26.18:18:00::SCWPlatform::DSA given C:/Users/suren/Documents/ECE_520/Final_Project/Sandbox/signal_detect_vitis/signal_detect_platform/hw/signal_detect_bd_wrapper.xsa
TRACE::2026-04-26.18:18:00::SCWPlatform::DSA absoulate path C:/Users/suren/Documents/ECE_520/Final_Project/Sandbox/signal_detect_vitis/signal_detect_platform/hw/signal_detect_bd_wrapper.xsa
TRACE::2026-04-26.18:18:00::SCWPlatform::DSA directory C:/Users/suren/Documents/ECE_520/Final_Project/Sandbox/signal_detect_vitis/signal_detect_platform/hw
TRACE::2026-04-26.18:18:00::SCWPlatform:: Platform Path C:/Users/suren/Documents/ECE_520/Final_Project/Sandbox/signal_detect_vitis/signal_detect_platform/hw/signal_detect_bd_wrapper.xsa
TRACE::2026-04-26.18:18:00::SCWPlatform:: Unique name xilinx:zybo-z7-10::0.0
TRACE::2026-04-26.18:18:00::SCWPlatform::Trying to set the existing hwdb with name signal_detect_bd_wrapper_1
TRACE::2026-04-26.18:18:00::SCWPlatform::Opened existing hwdb signal_detect_bd_wrapper_1
TRACE::2026-04-26.18:18:00::SCWPlatform::Found the Hw Db part of the input DSA
TRACE::2026-04-26.18:18:00::SCWMssOS::Checking the sw design at  C:/Users/suren/Documents/ECE_520/Final_Project/Sandbox/signal_detect_vitis/signal_detect_platform/ps7_cortexa9_0/standalone_domain/bsp/system.mss
TRACE::2026-04-26.18:18:00::SCWMssOS::DEBUG:  swdes dump  C:/Users/suren/Documents/ECE_520/Final_Project/Sandbox/signal_detect_vitis/signal_detect_platform/ps7_cortexa9_0/standalone_domain/bsp/system.mss|system_0||
C:/Users/suren/Documents/ECE_520/Final_Project/Sandbox/signal_detect_vitis/signal_detect_platform/zynq_fsbl/zynq_fsbl_bsp/system.mss|system||

TRACE::2026-04-26.18:18:00::SCWMssOS::Sw design exists and opened at  C:/Users/suren/Documents/ECE_520/Final_Project/Sandbox/signal_detect_vitis/signal_detect_platform/ps7_cortexa9_0/standalone_domain/bsp/system.mss
TRACE::2026-04-26.18:18:00::SCWWriter::formatted JSON is {
	"platformName":	"signal_detect_platform",
	"sprVersion":	"2.0",
	"mode":	"gui",
	"dsaType":	"Fixed",
	"platformDesc":	"signal_detect_platform",
	"platHandOff":	"C:/Users/suren/Documents/ECE_520/Final_Project/Sandbox/signal_detect_sb/signal_detect_bd_wrapper.xsa",
	"platIntHandOff":	"<platformDir>/hw/signal_detect_bd_wrapper.xsa",
	"deviceType":	"zynq",
	"platIsPrebuiltAutogen":	"false",
	"platIsNoBootBsp":	"false",
	"hasFsblMakeHasChanges":	"false",
	"hasPmufwMakeHasChanges":	"false",
	"fsblExtraCompilerFlags":	"-MMD -MP       -mcpu=cortex-a9 -mfpu=vfpv3 -mfloat-abi=hard ",
	"platPreBuiltFlag":	false,
	"platformSamplesDir":	"",
	"platActiveSys":	"signal_detect_platform",
	"systems":	[{
			"systemName":	"signal_detect_platform",
			"systemDesc":	"signal_detect_platform",
			"sysIsBootAutoGen":	"true",
			"systemDispName":	"signal_detect_platform",
			"sysActiveDom":	"standalone_domain",
			"sysDefaultDom":	"standalone_domain",
			"domains":	[{
					"domainName":	"zynq_fsbl",
					"domainDispName":	"zynq_fsbl",
					"domainDesc":	"FSBL Application BSP - Auto Generated.",
					"processors":	"ps7_cortexa9_0",
					"os":	"standalone",
					"sdxOs":	"standalone",
					"debugEnable":	"",
					"domRuntimes":	["cpp"],
					"swRepo":	"",
					"mssOsVer":	"8.1",
					"mssFile":	"",
					"md5Digest":	"24e81f5df4a1b28986eb4269e22351fe",
					"compatibleApp":	"zynq_fsbl",
					"domType":	"bootDomain",
					"arch":	"32-bit",
					"appSettings":	{
						"appCompilerFlags":	"",
						"appLinkerFlags":	""
					},
					"addedLibs":	["xilffs:5.0", "xilrsa:1.6"],
					"libOptions":	{
						"libsContainingOptions":	[]
					},
					"prebuiltLibs":	{
						"prebuiltIncPath":	[],
						"prebuiltLibPath":	[]
					},
					"isolation":	{
					}
				}, {
					"domainName":	"standalone_domain",
					"domainDispName":	"standalone on ps7_cortexa9_0",
					"domainDesc":	"standalone_domain",
					"processors":	"ps7_cortexa9_0",
					"os":	"standalone",
					"sdxOs":	"standalone",
					"qemuArgs":	"<platformDir>/resources/signal_detect_platform/standalone_domain/qemu_args.txt",
					"qemuData":	"<platformDir>/resources/signal_detect_platform/standalone_domain/qemu",
					"debugEnable":	"False",
					"domRuntimes":	["cpp"],
					"swRepo":	"",
					"mssOsVer":	"8.1",
					"mssFile":	"",
					"md5Digest":	"9d9647dd92d7d30efd40c762a4ad2096",
					"compatibleApp":	"",
					"domType":	"mssDomain",
					"appSettings":	{
						"appCompilerFlags":	"",
						"appLinkerFlags":	""
					},
					"addedLibs":	[],
					"libOptions":	{
						"libsContainingOptions":	[]
					},
					"prebuiltLibs":	{
						"prebuiltIncPath":	[],
						"prebuiltLibPath":	[]
					},
					"isolation":	{
					}
				}]
		}]
}
KEYINFO::2026-04-26.18:18:00::SCWPlatform::updated the xpfm file.
TRACE::2026-04-26.18:18:00::SCWPlatform::Trying to open the hw design at C:/Users/suren/Documents/ECE_520/Final_Project/Sandbox/signal_detect_vitis/signal_detect_platform/hw/signal_detect_bd_wrapper.xsa
TRACE::2026-04-26.18:18:00::SCWPlatform::DSA given C:/Users/suren/Documents/ECE_520/Final_Project/Sandbox/signal_detect_vitis/signal_detect_platform/hw/signal_detect_bd_wrapper.xsa
TRACE::2026-04-26.18:18:00::SCWPlatform::DSA absoulate path C:/Users/suren/Documents/ECE_520/Final_Project/Sandbox/signal_detect_vitis/signal_detect_platform/hw/signal_detect_bd_wrapper.xsa
TRACE::2026-04-26.18:18:00::SCWPlatform::DSA directory C:/Users/suren/Documents/ECE_520/Final_Project/Sandbox/signal_detect_vitis/signal_detect_platform/hw
TRACE::2026-04-26.18:18:00::SCWPlatform:: Platform Path C:/Users/suren/Documents/ECE_520/Final_Project/Sandbox/signal_detect_vitis/signal_detect_platform/hw/signal_detect_bd_wrapper.xsa
TRACE::2026-04-26.18:18:00::SCWPlatform:: Unique name xilinx:zybo-z7-10::0.0
TRACE::2026-04-26.18:18:00::SCWPlatform::Trying to set the existing hwdb with name signal_detect_bd_wrapper_1
TRACE::2026-04-26.18:18:00::SCWPlatform::Opened existing hwdb signal_detect_bd_wrapper_1
TRACE::2026-04-26.18:18:00::SCWPlatform::Found the Hw Db part of the input DSA
TRACE::2026-04-26.18:18:00::SCWMssOS::Checking the sw design at  C:/Users/suren/Documents/ECE_520/Final_Project/Sandbox/signal_detect_vitis/signal_detect_platform/ps7_cortexa9_0/standalone_domain/bsp/system.mss
TRACE::2026-04-26.18:18:00::SCWMssOS::DEBUG:  swdes dump  C:/Users/suren/Documents/ECE_520/Final_Project/Sandbox/signal_detect_vitis/signal_detect_platform/ps7_cortexa9_0/standalone_domain/bsp/system.mss|system_0||
C:/Users/suren/Documents/ECE_520/Final_Project/Sandbox/signal_detect_vitis/signal_detect_platform/zynq_fsbl/zynq_fsbl_bsp/system.mss|system||

TRACE::2026-04-26.18:18:00::SCWMssOS::Sw design exists and opened at  C:/Users/suren/Documents/ECE_520/Final_Project/Sandbox/signal_detect_vitis/signal_detect_platform/ps7_cortexa9_0/standalone_domain/bsp/system.mss
TRACE::2026-04-26.19:04:23::SCWPlatform::DSA given C:/Users/suren/Documents/ECE_520/Final_Project/Sandbox/signal_detect_vitis/signal_detect_platform/tempdsa/signal_detect_bd_wrapper.xsa
TRACE::2026-04-26.19:04:23::SCWPlatform::DSA absoulate path C:/Users/suren/Documents/ECE_520/Final_Project/Sandbox/signal_detect_vitis/signal_detect_platform/tempdsa/signal_detect_bd_wrapper.xsa
TRACE::2026-04-26.19:04:23::SCWPlatform:: Platform location is C:/Users/suren/Documents/ECE_520/Final_Project/Sandbox/signal_detect_vitis/signal_detect_platform/tempdsa
TRACE::2026-04-26.19:04:23::SCWPlatform:: Platform Path C:/Users/suren/Documents/ECE_520/Final_Project/Sandbox/signal_detect_vitis/signal_detect_platform/tempdsa/signal_detect_bd_wrapper.xsa
TRACE::2026-04-26.19:04:23::SCWPlatform:: Unique name xilinx:zybo-z7-10::0.0
TRACE::2026-04-26.19:04:24::SCWPlatform::Found the Hw Db part of the input DSA
TRACE::2026-04-26.19:04:24::SCWMssOS::Doing hw sync for the mss in domain: zynq_fsbl
TRACE::2026-04-26.19:04:24::SCWPlatform::Trying to open the hw design at C:/Users/suren/Documents/ECE_520/Final_Project/Sandbox/signal_detect_vitis/signal_detect_platform/hw/signal_detect_bd_wrapper.xsa
TRACE::2026-04-26.19:04:24::SCWPlatform::DSA given C:/Users/suren/Documents/ECE_520/Final_Project/Sandbox/signal_detect_vitis/signal_detect_platform/hw/signal_detect_bd_wrapper.xsa
TRACE::2026-04-26.19:04:24::SCWPlatform::DSA absoulate path C:/Users/suren/Documents/ECE_520/Final_Project/Sandbox/signal_detect_vitis/signal_detect_platform/hw/signal_detect_bd_wrapper.xsa
TRACE::2026-04-26.19:04:24::SCWPlatform::DSA directory C:/Users/suren/Documents/ECE_520/Final_Project/Sandbox/signal_detect_vitis/signal_detect_platform/hw
TRACE::2026-04-26.19:04:24::SCWPlatform:: Platform Path C:/Users/suren/Documents/ECE_520/Final_Project/Sandbox/signal_detect_vitis/signal_detect_platform/hw/signal_detect_bd_wrapper.xsa
TRACE::2026-04-26.19:04:24::SCWPlatform:: Unique name xilinx:zybo-z7-10::0.0
TRACE::2026-04-26.19:04:24::SCWPlatform::Trying to set the existing hwdb with name signal_detect_bd_wrapper_1
TRACE::2026-04-26.19:04:24::SCWPlatform::Opened existing hwdb signal_detect_bd_wrapper_1
TRACE::2026-04-26.19:04:24::SCWPlatform::Found the Hw Db part of the input DSA
TRACE::2026-04-26.19:04:24::SCWPlatform::Trying to open the hw design at C:/Users/suren/Documents/ECE_520/Final_Project/Sandbox/signal_detect_vitis/signal_detect_platform/hw/signal_detect_bd_wrapper.xsa
TRACE::2026-04-26.19:04:24::SCWPlatform::DSA given C:/Users/suren/Documents/ECE_520/Final_Project/Sandbox/signal_detect_vitis/signal_detect_platform/hw/signal_detect_bd_wrapper.xsa
TRACE::2026-04-26.19:04:24::SCWPlatform::DSA absoulate path C:/Users/suren/Documents/ECE_520/Final_Project/Sandbox/signal_detect_vitis/signal_detect_platform/hw/signal_detect_bd_wrapper.xsa
TRACE::2026-04-26.19:04:24::SCWPlatform::DSA directory C:/Users/suren/Documents/ECE_520/Final_Project/Sandbox/signal_detect_vitis/signal_detect_platform/hw
TRACE::2026-04-26.19:04:24::SCWPlatform:: Platform Path C:/Users/suren/Documents/ECE_520/Final_Project/Sandbox/signal_detect_vitis/signal_detect_platform/hw/signal_detect_bd_wrapper.xsa
TRACE::2026-04-26.19:04:24::SCWPlatform:: Unique name xilinx:zybo-z7-10::0.0
TRACE::2026-04-26.19:04:24::SCWPlatform::Trying to set the existing hwdb with name signal_detect_bd_wrapper_1
TRACE::2026-04-26.19:04:24::SCWPlatform::Opened existing hwdb signal_detect_bd_wrapper_1
TRACE::2026-04-26.19:04:24::SCWPlatform::Found the Hw Db part of the input DSA
TRACE::2026-04-26.19:04:24::SCWMssOS::Checking the sw design at  C:/Users/suren/Documents/ECE_520/Final_Project/Sandbox/signal_detect_vitis/signal_detect_platform/zynq_fsbl/zynq_fsbl_bsp/system.mss
TRACE::2026-04-26.19:04:24::SCWMssOS::DEBUG:  swdes dump  C:/Users/suren/Documents/ECE_520/Final_Project/Sandbox/signal_detect_vitis/signal_detect_platform/ps7_cortexa9_0/standalone_domain/bsp/system.mss|system_0||
C:/Users/suren/Documents/ECE_520/Final_Project/Sandbox/signal_detect_vitis/signal_detect_platform/zynq_fsbl/zynq_fsbl_bsp/system.mss|system||

TRACE::2026-04-26.19:04:24::SCWMssOS::Sw design exists and opened at  C:/Users/suren/Documents/ECE_520/Final_Project/Sandbox/signal_detect_vitis/signal_detect_platform/zynq_fsbl/zynq_fsbl_bsp/system.mss
TRACE::2026-04-26.19:04:24::SCWPlatform::Trying to open the hw design at C:/Users/suren/Documents/ECE_520/Final_Project/Sandbox/signal_detect_vitis/signal_detect_platform/tempdsa/signal_detect_bd_wrapper.xsa
TRACE::2026-04-26.19:04:24::SCWPlatform::DSA given C:/Users/suren/Documents/ECE_520/Final_Project/Sandbox/signal_detect_vitis/signal_detect_platform/tempdsa/signal_detect_bd_wrapper.xsa
TRACE::2026-04-26.19:04:24::SCWPlatform::DSA absoulate path C:/Users/suren/Documents/ECE_520/Final_Project/Sandbox/signal_detect_vitis/signal_detect_platform/tempdsa/signal_detect_bd_wrapper.xsa
TRACE::2026-04-26.19:04:24::SCWPlatform::DSA directory C:/Users/suren/Documents/ECE_520/Final_Project/Sandbox/signal_detect_vitis/signal_detect_platform/tempdsa
TRACE::2026-04-26.19:04:24::SCWPlatform:: Platform Path C:/Users/suren/Documents/ECE_520/Final_Project/Sandbox/signal_detect_vitis/signal_detect_platform/tempdsa/signal_detect_bd_wrapper.xsa
TRACE::2026-04-26.19:04:24::SCWPlatform:: Unique name xilinx:zybo-z7-10::0.0
TRACE::2026-04-26.19:04:24::SCWPlatform::update - Opened existing hwdb signal_detect_bd_wrapper_4
TRACE::2026-04-26.19:04:24::SCWPlatform::Found the Hw Db part of the input DSA
TRACE::2026-04-26.19:04:24::SCWMssOS::Doing hw sync for the mss in domain: standalone_domain
TRACE::2026-04-26.19:04:24::SCWPlatform::Trying to open the hw design at C:/Users/suren/Documents/ECE_520/Final_Project/Sandbox/signal_detect_vitis/signal_detect_platform/hw/signal_detect_bd_wrapper.xsa
TRACE::2026-04-26.19:04:24::SCWPlatform::DSA given C:/Users/suren/Documents/ECE_520/Final_Project/Sandbox/signal_detect_vitis/signal_detect_platform/hw/signal_detect_bd_wrapper.xsa
TRACE::2026-04-26.19:04:24::SCWPlatform::DSA absoulate path C:/Users/suren/Documents/ECE_520/Final_Project/Sandbox/signal_detect_vitis/signal_detect_platform/hw/signal_detect_bd_wrapper.xsa
TRACE::2026-04-26.19:04:24::SCWPlatform::DSA directory C:/Users/suren/Documents/ECE_520/Final_Project/Sandbox/signal_detect_vitis/signal_detect_platform/hw
TRACE::2026-04-26.19:04:24::SCWPlatform:: Platform Path C:/Users/suren/Documents/ECE_520/Final_Project/Sandbox/signal_detect_vitis/signal_detect_platform/hw/signal_detect_bd_wrapper.xsa
TRACE::2026-04-26.19:04:24::SCWPlatform:: Unique name xilinx:zybo-z7-10::0.0
TRACE::2026-04-26.19:04:24::SCWPlatform::Trying to set the existing hwdb with name signal_detect_bd_wrapper_1
TRACE::2026-04-26.19:04:24::SCWPlatform::Opened existing hwdb signal_detect_bd_wrapper_1
TRACE::2026-04-26.19:04:24::SCWPlatform::Found the Hw Db part of the input DSA
TRACE::2026-04-26.19:04:24::SCWPlatform::Trying to open the hw design at C:/Users/suren/Documents/ECE_520/Final_Project/Sandbox/signal_detect_vitis/signal_detect_platform/hw/signal_detect_bd_wrapper.xsa
TRACE::2026-04-26.19:04:24::SCWPlatform::DSA given C:/Users/suren/Documents/ECE_520/Final_Project/Sandbox/signal_detect_vitis/signal_detect_platform/hw/signal_detect_bd_wrapper.xsa
TRACE::2026-04-26.19:04:24::SCWPlatform::DSA absoulate path C:/Users/suren/Documents/ECE_520/Final_Project/Sandbox/signal_detect_vitis/signal_detect_platform/hw/signal_detect_bd_wrapper.xsa
TRACE::2026-04-26.19:04:24::SCWPlatform::DSA directory C:/Users/suren/Documents/ECE_520/Final_Project/Sandbox/signal_detect_vitis/signal_detect_platform/hw
TRACE::2026-04-26.19:04:24::SCWPlatform:: Platform Path C:/Users/suren/Documents/ECE_520/Final_Project/Sandbox/signal_detect_vitis/signal_detect_platform/hw/signal_detect_bd_wrapper.xsa
TRACE::2026-04-26.19:04:24::SCWPlatform:: Unique name xilinx:zybo-z7-10::0.0
TRACE::2026-04-26.19:04:24::SCWPlatform::Trying to set the existing hwdb with name signal_detect_bd_wrapper_1
TRACE::2026-04-26.19:04:24::SCWPlatform::Opened existing hwdb signal_detect_bd_wrapper_1
TRACE::2026-04-26.19:04:24::SCWPlatform::Found the Hw Db part of the input DSA
TRACE::2026-04-26.19:04:24::SCWMssOS::Checking the sw design at  C:/Users/suren/Documents/ECE_520/Final_Project/Sandbox/signal_detect_vitis/signal_detect_platform/ps7_cortexa9_0/standalone_domain/bsp/system.mss
TRACE::2026-04-26.19:04:24::SCWMssOS::DEBUG:  swdes dump  C:/Users/suren/Documents/ECE_520/Final_Project/Sandbox/signal_detect_vitis/signal_detect_platform/ps7_cortexa9_0/standalone_domain/bsp/system.mss|system_0||
C:/Users/suren/Documents/ECE_520/Final_Project/Sandbox/signal_detect_vitis/signal_detect_platform/zynq_fsbl/zynq_fsbl_bsp/system.mss|system||

TRACE::2026-04-26.19:04:24::SCWMssOS::Sw design exists and opened at  C:/Users/suren/Documents/ECE_520/Final_Project/Sandbox/signal_detect_vitis/signal_detect_platform/ps7_cortexa9_0/standalone_domain/bsp/system.mss
TRACE::2026-04-26.19:04:24::SCWPlatform::Trying to open the hw design at C:/Users/suren/Documents/ECE_520/Final_Project/Sandbox/signal_detect_vitis/signal_detect_platform/tempdsa/signal_detect_bd_wrapper.xsa
TRACE::2026-04-26.19:04:24::SCWPlatform::DSA given C:/Users/suren/Documents/ECE_520/Final_Project/Sandbox/signal_detect_vitis/signal_detect_platform/tempdsa/signal_detect_bd_wrapper.xsa
TRACE::2026-04-26.19:04:24::SCWPlatform::DSA absoulate path C:/Users/suren/Documents/ECE_520/Final_Project/Sandbox/signal_detect_vitis/signal_detect_platform/tempdsa/signal_detect_bd_wrapper.xsa
TRACE::2026-04-26.19:04:24::SCWPlatform::DSA directory C:/Users/suren/Documents/ECE_520/Final_Project/Sandbox/signal_detect_vitis/signal_detect_platform/tempdsa
TRACE::2026-04-26.19:04:24::SCWPlatform:: Platform Path C:/Users/suren/Documents/ECE_520/Final_Project/Sandbox/signal_detect_vitis/signal_detect_platform/tempdsa/signal_detect_bd_wrapper.xsa
TRACE::2026-04-26.19:04:24::SCWPlatform:: Unique name xilinx:zybo-z7-10::0.0
TRACE::2026-04-26.19:04:24::SCWPlatform::update - Opened existing hwdb signal_detect_bd_wrapper_4
TRACE::2026-04-26.19:04:24::SCWPlatform::Found the Hw Db part of the input DSA
TRACE::2026-04-26.19:04:24::SCWMssOS::Saving the mss changes C:/Users/suren/Documents/ECE_520/Final_Project/Sandbox/signal_detect_vitis/signal_detect_platform/zynq_fsbl/zynq_fsbl_bsp/system.mss
TRACE::2026-04-26.19:04:24::SCWMssOS::Found a swdesign opened with the mssfile.
TRACE::2026-04-26.19:04:24::SCWMssOS::Completed writemss as part of save.
TRACE::2026-04-26.19:04:24::SCWMssOS::Commit changes completed.
TRACE::2026-04-26.19:04:25::SCWMssOS::Completed hw sync for the mss in domain: zynq_fsbl
TRACE::2026-04-26.19:04:25::SCWMssOS::Removing the swdes entry for  C:/Users/suren/Documents/ECE_520/Final_Project/Sandbox/signal_detect_vitis/signal_detect_platform/zynq_fsbl/zynq_fsbl_bsp/system.mss
TRACE::2026-04-26.19:04:25::SCWMssOS::Saving the mss changes C:/Users/suren/Documents/ECE_520/Final_Project/Sandbox/signal_detect_vitis/signal_detect_platform/ps7_cortexa9_0/standalone_domain/bsp/system.mss
TRACE::2026-04-26.19:04:25::SCWMssOS::Found a swdesign opened with the mssfile.
TRACE::2026-04-26.19:04:25::SCWMssOS::Completed writemss as part of save.
TRACE::2026-04-26.19:04:25::SCWMssOS::Commit changes completed.
TRACE::2026-04-26.19:04:25::SCWMssOS::Completed hw sync for the mss in domain: standalone_domain
TRACE::2026-04-26.19:04:25::SCWMssOS::Removing the swdes entry for  C:/Users/suren/Documents/ECE_520/Final_Project/Sandbox/signal_detect_vitis/signal_detect_platform/ps7_cortexa9_0/standalone_domain/bsp/system.mss
TRACE::2026-04-26.19:04:25::SCWPlatform::Trying to open the hw design at C:/Users/suren/Documents/ECE_520/Final_Project/Sandbox/signal_detect_vitis/signal_detect_platform/hw/signal_detect_bd_wrapper.xsa
TRACE::2026-04-26.19:04:25::SCWPlatform::DSA given C:/Users/suren/Documents/ECE_520/Final_Project/Sandbox/signal_detect_vitis/signal_detect_platform/hw/signal_detect_bd_wrapper.xsa
TRACE::2026-04-26.19:04:25::SCWPlatform::DSA absoulate path C:/Users/suren/Documents/ECE_520/Final_Project/Sandbox/signal_detect_vitis/signal_detect_platform/hw/signal_detect_bd_wrapper.xsa
TRACE::2026-04-26.19:04:25::SCWPlatform::DSA directory C:/Users/suren/Documents/ECE_520/Final_Project/Sandbox/signal_detect_vitis/signal_detect_platform/hw
TRACE::2026-04-26.19:04:25::SCWPlatform:: Platform Path C:/Users/suren/Documents/ECE_520/Final_Project/Sandbox/signal_detect_vitis/signal_detect_platform/hw/signal_detect_bd_wrapper.xsa
TRACE::2026-04-26.19:04:25::SCWPlatform:: Unique name xilinx:zybo-z7-10::0.0
TRACE::2026-04-26.19:04:25::SCWPlatform::Do not have an existing db opened. 
TRACE::2026-04-26.19:04:26::SCWPlatform::Opened new HwDB with name signal_detect_bd_wrapper_5
TRACE::2026-04-26.19:04:26::SCWMssOS::Saving the mss changes C:/Users/suren/Documents/ECE_520/Final_Project/Sandbox/signal_detect_vitis/signal_detect_platform/zynq_fsbl/zynq_fsbl_bsp/system.mss
TRACE::2026-04-26.19:04:26::SCWMssOS::Adding the swdes entry, mss present, able to open swdb C:/Users/suren/Documents/ECE_520/Final_Project/Sandbox/signal_detect_vitis/signal_detect_platform/zynq_fsbl/zynq_fsbl_bsp/system.mss with des name system
TRACE::2026-04-26.19:04:26::SCWMssOS::Writing the mss file completed C:/Users/suren/Documents/ECE_520/Final_Project/Sandbox/signal_detect_vitis/signal_detect_platform/zynq_fsbl/zynq_fsbl_bsp/system.mss
TRACE::2026-04-26.19:04:26::SCWMssOS::Commit changes completed.
TRACE::2026-04-26.19:04:26::SCWMssOS::Saving the mss changes C:/Users/suren/Documents/ECE_520/Final_Project/Sandbox/signal_detect_vitis/signal_detect_platform/ps7_cortexa9_0/standalone_domain/bsp/system.mss
TRACE::2026-04-26.19:04:26::SCWMssOS::Adding the swdes entry, mss present, able to open swdb C:/Users/suren/Documents/ECE_520/Final_Project/Sandbox/signal_detect_vitis/signal_detect_platform/ps7_cortexa9_0/standalone_domain/bsp/system.mss with des name system_0
TRACE::2026-04-26.19:04:26::SCWMssOS::Writing the mss file completed C:/Users/suren/Documents/ECE_520/Final_Project/Sandbox/signal_detect_vitis/signal_detect_platform/ps7_cortexa9_0/standalone_domain/bsp/system.mss
TRACE::2026-04-26.19:04:26::SCWMssOS::Commit changes completed.
TRACE::2026-04-26.19:04:26::SCWPlatform::Trying to open the hw design at C:/Users/suren/Documents/ECE_520/Final_Project/Sandbox/signal_detect_vitis/signal_detect_platform/hw/signal_detect_bd_wrapper.xsa
TRACE::2026-04-26.19:04:26::SCWPlatform::DSA given C:/Users/suren/Documents/ECE_520/Final_Project/Sandbox/signal_detect_vitis/signal_detect_platform/hw/signal_detect_bd_wrapper.xsa
TRACE::2026-04-26.19:04:26::SCWPlatform::DSA absoulate path C:/Users/suren/Documents/ECE_520/Final_Project/Sandbox/signal_detect_vitis/signal_detect_platform/hw/signal_detect_bd_wrapper.xsa
TRACE::2026-04-26.19:04:26::SCWPlatform::DSA directory C:/Users/suren/Documents/ECE_520/Final_Project/Sandbox/signal_detect_vitis/signal_detect_platform/hw
TRACE::2026-04-26.19:04:26::SCWPlatform:: Platform Path C:/Users/suren/Documents/ECE_520/Final_Project/Sandbox/signal_detect_vitis/signal_detect_platform/hw/signal_detect_bd_wrapper.xsa
TRACE::2026-04-26.19:04:26::SCWPlatform:: Unique name xilinx:zybo-z7-10::0.0
TRACE::2026-04-26.19:04:26::SCWPlatform::Trying to set the existing hwdb with name signal_detect_bd_wrapper_5
TRACE::2026-04-26.19:04:26::SCWPlatform::Opened existing hwdb signal_detect_bd_wrapper_5
TRACE::2026-04-26.19:04:26::SCWPlatform::Found the Hw Db part of the input DSA
TRACE::2026-04-26.19:04:26::SCWMssOS::Checking the sw design at  C:/Users/suren/Documents/ECE_520/Final_Project/Sandbox/signal_detect_vitis/signal_detect_platform/zynq_fsbl/zynq_fsbl_bsp/system.mss
TRACE::2026-04-26.19:04:26::SCWMssOS::DEBUG:  swdes dump  C:/Users/suren/Documents/ECE_520/Final_Project/Sandbox/signal_detect_vitis/signal_detect_platform/ps7_cortexa9_0/standalone_domain/bsp/system.mss|system_0||
C:/Users/suren/Documents/ECE_520/Final_Project/Sandbox/signal_detect_vitis/signal_detect_platform/zynq_fsbl/zynq_fsbl_bsp/system.mss|system||

TRACE::2026-04-26.19:04:26::SCWMssOS::Sw design exists and opened at  C:/Users/suren/Documents/ECE_520/Final_Project/Sandbox/signal_detect_vitis/signal_detect_platform/zynq_fsbl/zynq_fsbl_bsp/system.mss
TRACE::2026-04-26.19:04:26::SCWPlatform::Trying to open the hw design at C:/Users/suren/Documents/ECE_520/Final_Project/Sandbox/signal_detect_vitis/signal_detect_platform/hw/signal_detect_bd_wrapper.xsa
TRACE::2026-04-26.19:04:26::SCWPlatform::DSA given C:/Users/suren/Documents/ECE_520/Final_Project/Sandbox/signal_detect_vitis/signal_detect_platform/hw/signal_detect_bd_wrapper.xsa
TRACE::2026-04-26.19:04:26::SCWPlatform::DSA absoulate path C:/Users/suren/Documents/ECE_520/Final_Project/Sandbox/signal_detect_vitis/signal_detect_platform/hw/signal_detect_bd_wrapper.xsa
TRACE::2026-04-26.19:04:26::SCWPlatform::DSA directory C:/Users/suren/Documents/ECE_520/Final_Project/Sandbox/signal_detect_vitis/signal_detect_platform/hw
TRACE::2026-04-26.19:04:26::SCWPlatform:: Platform Path C:/Users/suren/Documents/ECE_520/Final_Project/Sandbox/signal_detect_vitis/signal_detect_platform/hw/signal_detect_bd_wrapper.xsa
TRACE::2026-04-26.19:04:26::SCWPlatform:: Unique name xilinx:zybo-z7-10::0.0
TRACE::2026-04-26.19:04:26::SCWPlatform::Trying to set the existing hwdb with name signal_detect_bd_wrapper_5
TRACE::2026-04-26.19:04:26::SCWPlatform::Opened existing hwdb signal_detect_bd_wrapper_5
TRACE::2026-04-26.19:04:26::SCWPlatform::Found the Hw Db part of the input DSA
TRACE::2026-04-26.19:04:26::SCWMssOS::Checking the sw design at  C:/Users/suren/Documents/ECE_520/Final_Project/Sandbox/signal_detect_vitis/signal_detect_platform/ps7_cortexa9_0/standalone_domain/bsp/system.mss
TRACE::2026-04-26.19:04:26::SCWMssOS::DEBUG:  swdes dump  C:/Users/suren/Documents/ECE_520/Final_Project/Sandbox/signal_detect_vitis/signal_detect_platform/ps7_cortexa9_0/standalone_domain/bsp/system.mss|system_0||
C:/Users/suren/Documents/ECE_520/Final_Project/Sandbox/signal_detect_vitis/signal_detect_platform/zynq_fsbl/zynq_fsbl_bsp/system.mss|system||

TRACE::2026-04-26.19:04:26::SCWMssOS::Sw design exists and opened at  C:/Users/suren/Documents/ECE_520/Final_Project/Sandbox/signal_detect_vitis/signal_detect_platform/ps7_cortexa9_0/standalone_domain/bsp/system.mss
TRACE::2026-04-26.19:04:26::SCWWriter::formatted JSON is {
	"platformName":	"signal_detect_platform",
	"sprVersion":	"2.0",
	"mode":	"gui",
	"dsaType":	"Fixed",
	"platformDesc":	"signal_detect_platform",
	"platHandOff":	"C:/Users/suren/Documents/ECE_520/Final_Project/Sandbox/signal_detect_sb/signal_detect_bd_wrapper.xsa",
	"platIntHandOff":	"<platformDir>/hw/signal_detect_bd_wrapper.xsa",
	"deviceType":	"zynq",
	"platIsPrebuiltAutogen":	"false",
	"platIsNoBootBsp":	"false",
	"hasFsblMakeHasChanges":	"false",
	"hasPmufwMakeHasChanges":	"false",
	"fsblExtraCompilerFlags":	"-MMD -MP       -mcpu=cortex-a9 -mfpu=vfpv3 -mfloat-abi=hard ",
	"platPreBuiltFlag":	false,
	"platformSamplesDir":	"",
	"platActiveSys":	"signal_detect_platform",
	"systems":	[{
			"systemName":	"signal_detect_platform",
			"systemDesc":	"signal_detect_platform",
			"sysIsBootAutoGen":	"true",
			"systemDispName":	"signal_detect_platform",
			"sysActiveDom":	"standalone_domain",
			"sysDefaultDom":	"standalone_domain",
			"domains":	[{
					"domainName":	"zynq_fsbl",
					"domainDispName":	"zynq_fsbl",
					"domainDesc":	"FSBL Application BSP - Auto Generated.",
					"processors":	"ps7_cortexa9_0",
					"os":	"standalone",
					"sdxOs":	"standalone",
					"debugEnable":	"",
					"domRuntimes":	["cpp"],
					"swRepo":	"",
					"mssOsVer":	"8.1",
					"mssFile":	"",
					"md5Digest":	"24e81f5df4a1b28986eb4269e22351fe1",
					"compatibleApp":	"zynq_fsbl",
					"domType":	"bootDomain",
					"arch":	"32-bit",
					"appSettings":	{
						"appCompilerFlags":	"",
						"appLinkerFlags":	""
					},
					"addedLibs":	["xilffs:5.0", "xilrsa:1.6"],
					"libOptions":	{
						"libsContainingOptions":	[]
					},
					"prebuiltLibs":	{
						"prebuiltIncPath":	[],
						"prebuiltLibPath":	[]
					},
					"isolation":	{
					}
				}, {
					"domainName":	"standalone_domain",
					"domainDispName":	"standalone on ps7_cortexa9_0",
					"domainDesc":	"standalone_domain",
					"processors":	"ps7_cortexa9_0",
					"os":	"standalone",
					"sdxOs":	"standalone",
					"qemuArgs":	"<platformDir>/resources/signal_detect_platform/standalone_domain/qemu_args.txt",
					"qemuData":	"<platformDir>/resources/signal_detect_platform/standalone_domain/qemu",
					"debugEnable":	"False",
					"domRuntimes":	["cpp"],
					"swRepo":	"",
					"mssOsVer":	"8.1",
					"mssFile":	"",
					"md5Digest":	"9d9647dd92d7d30efd40c762a4ad20961",
					"compatibleApp":	"",
					"domType":	"mssDomain",
					"appSettings":	{
						"appCompilerFlags":	"",
						"appLinkerFlags":	""
					},
					"addedLibs":	[],
					"libOptions":	{
						"libsContainingOptions":	[]
					},
					"prebuiltLibs":	{
						"prebuiltIncPath":	[],
						"prebuiltLibPath":	[]
					},
					"isolation":	{
					}
				}]
		}]
}
TRACE::2026-04-26.19:04:27::SCWPlatform::Clearing the existing platform
TRACE::2026-04-26.19:04:27::SCWSystem::Clearing the existing sysconfig
TRACE::2026-04-26.19:04:27::SCWBDomain::clearing the fsbl build
TRACE::2026-04-26.19:04:27::SCWMssOS::Removing the swdes entry for  C:/Users/suren/Documents/ECE_520/Final_Project/Sandbox/signal_detect_vitis/signal_detect_platform/zynq_fsbl/zynq_fsbl_bsp/system.mss
TRACE::2026-04-26.19:04:27::SCWMssOS::Removing the swdes entry for  C:/Users/suren/Documents/ECE_520/Final_Project/Sandbox/signal_detect_vitis/signal_detect_platform/ps7_cortexa9_0/standalone_domain/bsp/system.mss
TRACE::2026-04-26.19:04:27::SCWSystem::Clearing the domains completed.
TRACE::2026-04-26.19:04:27::SCWPlatform::Clearing the opened hw db.
TRACE::2026-04-26.19:04:27::SCWPlatform::DSA given C:/Users/suren/Documents/ECE_520/Final_Project/Sandbox/signal_detect_vitis/signal_detect_platform/hw/signal_detect_bd_wrapper.xsa
TRACE::2026-04-26.19:04:27::SCWPlatform::DSA absoulate path C:/Users/suren/Documents/ECE_520/Final_Project/Sandbox/signal_detect_vitis/signal_detect_platform/hw/signal_detect_bd_wrapper.xsa
TRACE::2026-04-26.19:04:27::SCWPlatform:: Platform location is C:/Users/suren/Documents/ECE_520/Final_Project/Sandbox/signal_detect_vitis/signal_detect_platform/hw
TRACE::2026-04-26.19:04:27::SCWPlatform:: Platform Path C:/Users/suren/Documents/ECE_520/Final_Project/Sandbox/signal_detect_vitis/signal_detect_platform/hw/signal_detect_bd_wrapper.xsa
TRACE::2026-04-26.19:04:27::SCWPlatform:: Unique name xilinx:zybo-z7-10::0.0
TRACE::2026-04-26.19:04:27::SCWPlatform::Removing the HwDB with name C:/Users/suren/Documents/ECE_520/Final_Project/Sandbox/signal_detect_vitis/signal_detect_platform/hw/signal_detect_bd_wrapper.xsa
TRACE::2026-04-26.19:04:27::SCWPlatform::Trying to open the hw design at C:/Users/suren/Documents/ECE_520/Final_Project/Sandbox/signal_detect_vitis/signal_detect_platform/hw/signal_detect_bd_wrapper.xsa
TRACE::2026-04-26.19:04:27::SCWPlatform::DSA given C:/Users/suren/Documents/ECE_520/Final_Project/Sandbox/signal_detect_vitis/signal_detect_platform/hw/signal_detect_bd_wrapper.xsa
TRACE::2026-04-26.19:04:27::SCWPlatform::DSA absoulate path C:/Users/suren/Documents/ECE_520/Final_Project/Sandbox/signal_detect_vitis/signal_detect_platform/hw/signal_detect_bd_wrapper.xsa
TRACE::2026-04-26.19:04:27::SCWPlatform::DSA directory C:/Users/suren/Documents/ECE_520/Final_Project/Sandbox/signal_detect_vitis/signal_detect_platform/hw
TRACE::2026-04-26.19:04:27::SCWPlatform:: Platform Path C:/Users/suren/Documents/ECE_520/Final_Project/Sandbox/signal_detect_vitis/signal_detect_platform/hw/signal_detect_bd_wrapper.xsa
TRACE::2026-04-26.19:04:27::SCWPlatform:: Unique name xilinx:zybo-z7-10::0.0
TRACE::2026-04-26.19:04:27::SCWPlatform::Do not have an existing db opened. 
TRACE::2026-04-26.19:04:28::SCWPlatform::Opened new HwDB with name signal_detect_bd_wrapper_6
TRACE::2026-04-26.19:04:28::SCWReader::Active system found as  signal_detect_platform
TRACE::2026-04-26.19:04:28::SCWReader::Handling sysconfig signal_detect_platform
TRACE::2026-04-26.19:04:28::SCWDomain::checking for install qemu data   : 
TRACE::2026-04-26.19:04:28::SCWDomain:: Using the QEMU Data from install at  : C:/Xilinx/Vitis/2023.1/data/emulation/platforms/zynq/sw/a9_standalone/qemu/
TRACE::2026-04-26.19:04:28::SCWDomain:: Using the QEMU args  from install at  : C:/Xilinx/Vitis/2023.1/data/emulation/platforms/zynq/sw/a9_standalone/qemu/qemu_args.txt
TRACE::2026-04-26.19:04:28::SCWPlatform::Trying to open the hw design at C:/Users/suren/Documents/ECE_520/Final_Project/Sandbox/signal_detect_vitis/signal_detect_platform/hw/signal_detect_bd_wrapper.xsa
TRACE::2026-04-26.19:04:28::SCWPlatform::DSA given C:/Users/suren/Documents/ECE_520/Final_Project/Sandbox/signal_detect_vitis/signal_detect_platform/hw/signal_detect_bd_wrapper.xsa
TRACE::2026-04-26.19:04:28::SCWPlatform::DSA absoulate path C:/Users/suren/Documents/ECE_520/Final_Project/Sandbox/signal_detect_vitis/signal_detect_platform/hw/signal_detect_bd_wrapper.xsa
TRACE::2026-04-26.19:04:28::SCWPlatform::DSA directory C:/Users/suren/Documents/ECE_520/Final_Project/Sandbox/signal_detect_vitis/signal_detect_platform/hw
TRACE::2026-04-26.19:04:28::SCWPlatform:: Platform Path C:/Users/suren/Documents/ECE_520/Final_Project/Sandbox/signal_detect_vitis/signal_detect_platform/hw/signal_detect_bd_wrapper.xsa
TRACE::2026-04-26.19:04:28::SCWPlatform:: Unique name xilinx:zybo-z7-10::0.0
TRACE::2026-04-26.19:04:28::SCWPlatform::Trying to set the existing hwdb with name signal_detect_bd_wrapper_6
TRACE::2026-04-26.19:04:28::SCWPlatform::Opened existing hwdb signal_detect_bd_wrapper_6
TRACE::2026-04-26.19:04:28::SCWPlatform::Found the Hw Db part of the input DSA
TRACE::2026-04-26.19:04:28::SCWPlatform::Trying to open the hw design at C:/Users/suren/Documents/ECE_520/Final_Project/Sandbox/signal_detect_vitis/signal_detect_platform/hw/signal_detect_bd_wrapper.xsa
TRACE::2026-04-26.19:04:28::SCWPlatform::DSA given C:/Users/suren/Documents/ECE_520/Final_Project/Sandbox/signal_detect_vitis/signal_detect_platform/hw/signal_detect_bd_wrapper.xsa
TRACE::2026-04-26.19:04:28::SCWPlatform::DSA absoulate path C:/Users/suren/Documents/ECE_520/Final_Project/Sandbox/signal_detect_vitis/signal_detect_platform/hw/signal_detect_bd_wrapper.xsa
TRACE::2026-04-26.19:04:28::SCWPlatform::DSA directory C:/Users/suren/Documents/ECE_520/Final_Project/Sandbox/signal_detect_vitis/signal_detect_platform/hw
TRACE::2026-04-26.19:04:28::SCWPlatform:: Platform Path C:/Users/suren/Documents/ECE_520/Final_Project/Sandbox/signal_detect_vitis/signal_detect_platform/hw/signal_detect_bd_wrapper.xsa
TRACE::2026-04-26.19:04:28::SCWPlatform:: Unique name xilinx:zybo-z7-10::0.0
TRACE::2026-04-26.19:04:28::SCWPlatform::Trying to set the existing hwdb with name signal_detect_bd_wrapper_6
TRACE::2026-04-26.19:04:28::SCWPlatform::Opened existing hwdb signal_detect_bd_wrapper_6
TRACE::2026-04-26.19:04:28::SCWPlatform::Found the Hw Db part of the input DSA
TRACE::2026-04-26.19:04:28::SCWPlatform::Trying to open the hw design at C:/Users/suren/Documents/ECE_520/Final_Project/Sandbox/signal_detect_vitis/signal_detect_platform/hw/signal_detect_bd_wrapper.xsa
TRACE::2026-04-26.19:04:28::SCWPlatform::DSA given C:/Users/suren/Documents/ECE_520/Final_Project/Sandbox/signal_detect_vitis/signal_detect_platform/hw/signal_detect_bd_wrapper.xsa
TRACE::2026-04-26.19:04:28::SCWPlatform::DSA absoulate path C:/Users/suren/Documents/ECE_520/Final_Project/Sandbox/signal_detect_vitis/signal_detect_platform/hw/signal_detect_bd_wrapper.xsa
TRACE::2026-04-26.19:04:28::SCWPlatform::DSA directory C:/Users/suren/Documents/ECE_520/Final_Project/Sandbox/signal_detect_vitis/signal_detect_platform/hw
TRACE::2026-04-26.19:04:28::SCWPlatform:: Platform Path C:/Users/suren/Documents/ECE_520/Final_Project/Sandbox/signal_detect_vitis/signal_detect_platform/hw/signal_detect_bd_wrapper.xsa
TRACE::2026-04-26.19:04:28::SCWPlatform:: Unique name xilinx:zybo-z7-10::0.0
TRACE::2026-04-26.19:04:28::SCWPlatform::Trying to set the existing hwdb with name signal_detect_bd_wrapper_6
TRACE::2026-04-26.19:04:28::SCWPlatform::Opened existing hwdb signal_detect_bd_wrapper_6
TRACE::2026-04-26.19:04:28::SCWPlatform::Found the Hw Db part of the input DSA
TRACE::2026-04-26.19:04:28::SCWReader::Boot application domain added for zynq_fsbl
TRACE::2026-04-26.19:04:28::SCWPlatform::Trying to open the hw design at C:/Users/suren/Documents/ECE_520/Final_Project/Sandbox/signal_detect_vitis/signal_detect_platform/hw/signal_detect_bd_wrapper.xsa
TRACE::2026-04-26.19:04:28::SCWPlatform::DSA given C:/Users/suren/Documents/ECE_520/Final_Project/Sandbox/signal_detect_vitis/signal_detect_platform/hw/signal_detect_bd_wrapper.xsa
TRACE::2026-04-26.19:04:28::SCWPlatform::DSA absoulate path C:/Users/suren/Documents/ECE_520/Final_Project/Sandbox/signal_detect_vitis/signal_detect_platform/hw/signal_detect_bd_wrapper.xsa
TRACE::2026-04-26.19:04:28::SCWPlatform::DSA directory C:/Users/suren/Documents/ECE_520/Final_Project/Sandbox/signal_detect_vitis/signal_detect_platform/hw
TRACE::2026-04-26.19:04:28::SCWPlatform:: Platform Path C:/Users/suren/Documents/ECE_520/Final_Project/Sandbox/signal_detect_vitis/signal_detect_platform/hw/signal_detect_bd_wrapper.xsa
TRACE::2026-04-26.19:04:28::SCWPlatform:: Unique name xilinx:zybo-z7-10::0.0
TRACE::2026-04-26.19:04:28::SCWPlatform::Trying to set the existing hwdb with name signal_detect_bd_wrapper_6
TRACE::2026-04-26.19:04:28::SCWPlatform::Opened existing hwdb signal_detect_bd_wrapper_6
TRACE::2026-04-26.19:04:28::SCWPlatform::Found the Hw Db part of the input DSA
TRACE::2026-04-26.19:04:28::SCWMssOS::Checking the sw design at  C:/Users/suren/Documents/ECE_520/Final_Project/Sandbox/signal_detect_vitis/signal_detect_platform/zynq_fsbl/zynq_fsbl_bsp/system.mss
TRACE::2026-04-26.19:04:28::SCWMssOS::DEBUG:  swdes dump  
TRACE::2026-04-26.19:04:28::SCWMssOS::No sw design opened at  C:/Users/suren/Documents/ECE_520/Final_Project/Sandbox/signal_detect_vitis/signal_detect_platform/zynq_fsbl/zynq_fsbl_bsp/system.mss
TRACE::2026-04-26.19:04:28::SCWMssOS::mss exists loading the mss file  C:/Users/suren/Documents/ECE_520/Final_Project/Sandbox/signal_detect_vitis/signal_detect_platform/zynq_fsbl/zynq_fsbl_bsp/system.mss
TRACE::2026-04-26.19:04:28::SCWMssOS::Opened the sw design from mss  C:/Users/suren/Documents/ECE_520/Final_Project/Sandbox/signal_detect_vitis/signal_detect_platform/zynq_fsbl/zynq_fsbl_bsp/system.mss
TRACE::2026-04-26.19:04:28::SCWMssOS::Adding the swdes entry C:/Users/suren/Documents/ECE_520/Final_Project/Sandbox/signal_detect_vitis/signal_detect_platform/zynq_fsbl/zynq_fsbl_bsp/system.mss with des name system
TRACE::2026-04-26.19:04:28::SCWMssOS::updating the scw layer about changes
TRACE::2026-04-26.19:04:28::SCWMssOS::Opened the sw design.  C:/Users/suren/Documents/ECE_520/Final_Project/Sandbox/signal_detect_vitis/signal_detect_platform/zynq_fsbl/zynq_fsbl_bsp/system.mss
TRACE::2026-04-26.19:04:28::SCWPlatform::Trying to open the hw design at C:/Users/suren/Documents/ECE_520/Final_Project/Sandbox/signal_detect_vitis/signal_detect_platform/hw/signal_detect_bd_wrapper.xsa
TRACE::2026-04-26.19:04:28::SCWPlatform::DSA given C:/Users/suren/Documents/ECE_520/Final_Project/Sandbox/signal_detect_vitis/signal_detect_platform/hw/signal_detect_bd_wrapper.xsa
TRACE::2026-04-26.19:04:28::SCWPlatform::DSA absoulate path C:/Users/suren/Documents/ECE_520/Final_Project/Sandbox/signal_detect_vitis/signal_detect_platform/hw/signal_detect_bd_wrapper.xsa
TRACE::2026-04-26.19:04:28::SCWPlatform::DSA directory C:/Users/suren/Documents/ECE_520/Final_Project/Sandbox/signal_detect_vitis/signal_detect_platform/hw
TRACE::2026-04-26.19:04:28::SCWPlatform:: Platform Path C:/Users/suren/Documents/ECE_520/Final_Project/Sandbox/signal_detect_vitis/signal_detect_platform/hw/signal_detect_bd_wrapper.xsa
TRACE::2026-04-26.19:04:28::SCWPlatform:: Unique name xilinx:zybo-z7-10::0.0
TRACE::2026-04-26.19:04:28::SCWPlatform::Trying to set the existing hwdb with name signal_detect_bd_wrapper_6
TRACE::2026-04-26.19:04:28::SCWPlatform::Opened existing hwdb signal_detect_bd_wrapper_6
TRACE::2026-04-26.19:04:28::SCWPlatform::Found the Hw Db part of the input DSA
TRACE::2026-04-26.19:04:28::SCWMssOS::Checking the sw design at  C:/Users/suren/Documents/ECE_520/Final_Project/Sandbox/signal_detect_vitis/signal_detect_platform/zynq_fsbl/zynq_fsbl_bsp/system.mss
TRACE::2026-04-26.19:04:28::SCWMssOS::DEBUG:  swdes dump  C:/Users/suren/Documents/ECE_520/Final_Project/Sandbox/signal_detect_vitis/signal_detect_platform/zynq_fsbl/zynq_fsbl_bsp/system.mss|system||

TRACE::2026-04-26.19:04:28::SCWMssOS::Sw design exists and opened at  C:/Users/suren/Documents/ECE_520/Final_Project/Sandbox/signal_detect_vitis/signal_detect_platform/zynq_fsbl/zynq_fsbl_bsp/system.mss
TRACE::2026-04-26.19:04:28::SCWMssOS:: library already available in sw design:  xilffs:5.0
TRACE::2026-04-26.19:04:28::SCWPlatform::Trying to open the hw design at C:/Users/suren/Documents/ECE_520/Final_Project/Sandbox/signal_detect_vitis/signal_detect_platform/hw/signal_detect_bd_wrapper.xsa
TRACE::2026-04-26.19:04:28::SCWPlatform::DSA given C:/Users/suren/Documents/ECE_520/Final_Project/Sandbox/signal_detect_vitis/signal_detect_platform/hw/signal_detect_bd_wrapper.xsa
TRACE::2026-04-26.19:04:28::SCWPlatform::DSA absoulate path C:/Users/suren/Documents/ECE_520/Final_Project/Sandbox/signal_detect_vitis/signal_detect_platform/hw/signal_detect_bd_wrapper.xsa
TRACE::2026-04-26.19:04:28::SCWPlatform::DSA directory C:/Users/suren/Documents/ECE_520/Final_Project/Sandbox/signal_detect_vitis/signal_detect_platform/hw
TRACE::2026-04-26.19:04:28::SCWPlatform:: Platform Path C:/Users/suren/Documents/ECE_520/Final_Project/Sandbox/signal_detect_vitis/signal_detect_platform/hw/signal_detect_bd_wrapper.xsa
TRACE::2026-04-26.19:04:28::SCWPlatform:: Unique name xilinx:zybo-z7-10::0.0
TRACE::2026-04-26.19:04:28::SCWPlatform::Trying to set the existing hwdb with name signal_detect_bd_wrapper_6
TRACE::2026-04-26.19:04:28::SCWPlatform::Opened existing hwdb signal_detect_bd_wrapper_6
TRACE::2026-04-26.19:04:28::SCWPlatform::Found the Hw Db part of the input DSA
TRACE::2026-04-26.19:04:28::SCWMssOS::Checking the sw design at  C:/Users/suren/Documents/ECE_520/Final_Project/Sandbox/signal_detect_vitis/signal_detect_platform/zynq_fsbl/zynq_fsbl_bsp/system.mss
TRACE::2026-04-26.19:04:28::SCWMssOS::DEBUG:  swdes dump  C:/Users/suren/Documents/ECE_520/Final_Project/Sandbox/signal_detect_vitis/signal_detect_platform/zynq_fsbl/zynq_fsbl_bsp/system.mss|system||

TRACE::2026-04-26.19:04:28::SCWMssOS::Sw design exists and opened at  C:/Users/suren/Documents/ECE_520/Final_Project/Sandbox/signal_detect_vitis/signal_detect_platform/zynq_fsbl/zynq_fsbl_bsp/system.mss
TRACE::2026-04-26.19:04:28::SCWMssOS:: library already available in sw design:  xilrsa:1.6
TRACE::2026-04-26.19:04:28::SCWMssOS::Saving the mss changes C:/Users/suren/Documents/ECE_520/Final_Project/Sandbox/signal_detect_vitis/signal_detect_platform/zynq_fsbl/zynq_fsbl_bsp/system.mss
TRACE::2026-04-26.19:04:28::SCWMssOS::Found a swdesign opened with the mssfile.
TRACE::2026-04-26.19:04:28::SCWMssOS::Completed writemss as part of save.
TRACE::2026-04-26.19:04:28::SCWMssOS::Commit changes completed.
TRACE::2026-04-26.19:04:28::SCWReader::Adding prebuilt librarypaths as   
TRACE::2026-04-26.19:04:28::SCWReader::Adding prebuilt incpaths  as   
TRACE::2026-04-26.19:04:28::SCWPlatform::Trying to open the hw design at C:/Users/suren/Documents/ECE_520/Final_Project/Sandbox/signal_detect_vitis/signal_detect_platform/hw/signal_detect_bd_wrapper.xsa
TRACE::2026-04-26.19:04:28::SCWPlatform::DSA given C:/Users/suren/Documents/ECE_520/Final_Project/Sandbox/signal_detect_vitis/signal_detect_platform/hw/signal_detect_bd_wrapper.xsa
TRACE::2026-04-26.19:04:28::SCWPlatform::DSA absoulate path C:/Users/suren/Documents/ECE_520/Final_Project/Sandbox/signal_detect_vitis/signal_detect_platform/hw/signal_detect_bd_wrapper.xsa
TRACE::2026-04-26.19:04:28::SCWPlatform::DSA directory C:/Users/suren/Documents/ECE_520/Final_Project/Sandbox/signal_detect_vitis/signal_detect_platform/hw
TRACE::2026-04-26.19:04:28::SCWPlatform:: Platform Path C:/Users/suren/Documents/ECE_520/Final_Project/Sandbox/signal_detect_vitis/signal_detect_platform/hw/signal_detect_bd_wrapper.xsa
TRACE::2026-04-26.19:04:28::SCWPlatform:: Unique name xilinx:zybo-z7-10::0.0
TRACE::2026-04-26.19:04:28::SCWPlatform::Trying to set the existing hwdb with name signal_detect_bd_wrapper_6
TRACE::2026-04-26.19:04:28::SCWPlatform::Opened existing hwdb signal_detect_bd_wrapper_6
TRACE::2026-04-26.19:04:28::SCWPlatform::Found the Hw Db part of the input DSA
TRACE::2026-04-26.19:04:28::SCWMssOS::Checking the sw design at  C:/Users/suren/Documents/ECE_520/Final_Project/Sandbox/signal_detect_vitis/signal_detect_platform/zynq_fsbl/zynq_fsbl_bsp/system.mss
TRACE::2026-04-26.19:04:28::SCWMssOS::DEBUG:  swdes dump  C:/Users/suren/Documents/ECE_520/Final_Project/Sandbox/signal_detect_vitis/signal_detect_platform/zynq_fsbl/zynq_fsbl_bsp/system.mss|system||

TRACE::2026-04-26.19:04:28::SCWMssOS::Sw design exists and opened at  C:/Users/suren/Documents/ECE_520/Final_Project/Sandbox/signal_detect_vitis/signal_detect_platform/zynq_fsbl/zynq_fsbl_bsp/system.mss
TRACE::2026-04-26.19:04:28::SCWReader::No isolation master present  
TRACE::2026-04-26.19:04:28::SCWDomain::checking for install qemu data   : 
TRACE::2026-04-26.19:04:28::SCWDomain:: Using the QEMU Data from install at  : C:/Xilinx/Vitis/2023.1/data/emulation/platforms/zynq/sw/a9_standalone/qemu/
TRACE::2026-04-26.19:04:28::SCWDomain:: Using the QEMU args  from install at  : C:/Xilinx/Vitis/2023.1/data/emulation/platforms/zynq/sw/a9_standalone/qemu/qemu_args.txt
TRACE::2026-04-26.19:04:28::SCWPlatform::Trying to open the hw design at C:/Users/suren/Documents/ECE_520/Final_Project/Sandbox/signal_detect_vitis/signal_detect_platform/hw/signal_detect_bd_wrapper.xsa
TRACE::2026-04-26.19:04:28::SCWPlatform::DSA given C:/Users/suren/Documents/ECE_520/Final_Project/Sandbox/signal_detect_vitis/signal_detect_platform/hw/signal_detect_bd_wrapper.xsa
TRACE::2026-04-26.19:04:28::SCWPlatform::DSA absoulate path C:/Users/suren/Documents/ECE_520/Final_Project/Sandbox/signal_detect_vitis/signal_detect_platform/hw/signal_detect_bd_wrapper.xsa
TRACE::2026-04-26.19:04:28::SCWPlatform::DSA directory C:/Users/suren/Documents/ECE_520/Final_Project/Sandbox/signal_detect_vitis/signal_detect_platform/hw
TRACE::2026-04-26.19:04:28::SCWPlatform:: Platform Path C:/Users/suren/Documents/ECE_520/Final_Project/Sandbox/signal_detect_vitis/signal_detect_platform/hw/signal_detect_bd_wrapper.xsa
TRACE::2026-04-26.19:04:28::SCWPlatform:: Unique name xilinx:zybo-z7-10::0.0
TRACE::2026-04-26.19:04:28::SCWPlatform::Trying to set the existing hwdb with name signal_detect_bd_wrapper_6
TRACE::2026-04-26.19:04:28::SCWPlatform::Opened existing hwdb signal_detect_bd_wrapper_6
TRACE::2026-04-26.19:04:28::SCWPlatform::Found the Hw Db part of the input DSA
TRACE::2026-04-26.19:04:28::SCWPlatform::Trying to open the hw design at C:/Users/suren/Documents/ECE_520/Final_Project/Sandbox/signal_detect_vitis/signal_detect_platform/hw/signal_detect_bd_wrapper.xsa
TRACE::2026-04-26.19:04:28::SCWPlatform::DSA given C:/Users/suren/Documents/ECE_520/Final_Project/Sandbox/signal_detect_vitis/signal_detect_platform/hw/signal_detect_bd_wrapper.xsa
TRACE::2026-04-26.19:04:28::SCWPlatform::DSA absoulate path C:/Users/suren/Documents/ECE_520/Final_Project/Sandbox/signal_detect_vitis/signal_detect_platform/hw/signal_detect_bd_wrapper.xsa
TRACE::2026-04-26.19:04:28::SCWPlatform::DSA directory C:/Users/suren/Documents/ECE_520/Final_Project/Sandbox/signal_detect_vitis/signal_detect_platform/hw
TRACE::2026-04-26.19:04:28::SCWPlatform:: Platform Path C:/Users/suren/Documents/ECE_520/Final_Project/Sandbox/signal_detect_vitis/signal_detect_platform/hw/signal_detect_bd_wrapper.xsa
TRACE::2026-04-26.19:04:28::SCWPlatform:: Unique name xilinx:zybo-z7-10::0.0
TRACE::2026-04-26.19:04:28::SCWPlatform::Trying to set the existing hwdb with name signal_detect_bd_wrapper_6
TRACE::2026-04-26.19:04:28::SCWPlatform::Opened existing hwdb signal_detect_bd_wrapper_6
TRACE::2026-04-26.19:04:28::SCWPlatform::Found the Hw Db part of the input DSA
TRACE::2026-04-26.19:04:28::SCWPlatform::Trying to open the hw design at C:/Users/suren/Documents/ECE_520/Final_Project/Sandbox/signal_detect_vitis/signal_detect_platform/hw/signal_detect_bd_wrapper.xsa
TRACE::2026-04-26.19:04:28::SCWPlatform::DSA given C:/Users/suren/Documents/ECE_520/Final_Project/Sandbox/signal_detect_vitis/signal_detect_platform/hw/signal_detect_bd_wrapper.xsa
TRACE::2026-04-26.19:04:28::SCWPlatform::DSA absoulate path C:/Users/suren/Documents/ECE_520/Final_Project/Sandbox/signal_detect_vitis/signal_detect_platform/hw/signal_detect_bd_wrapper.xsa
TRACE::2026-04-26.19:04:28::SCWPlatform::DSA directory C:/Users/suren/Documents/ECE_520/Final_Project/Sandbox/signal_detect_vitis/signal_detect_platform/hw
TRACE::2026-04-26.19:04:28::SCWPlatform:: Platform Path C:/Users/suren/Documents/ECE_520/Final_Project/Sandbox/signal_detect_vitis/signal_detect_platform/hw/signal_detect_bd_wrapper.xsa
TRACE::2026-04-26.19:04:28::SCWPlatform:: Unique name xilinx:zybo-z7-10::0.0
TRACE::2026-04-26.19:04:28::SCWPlatform::Trying to set the existing hwdb with name signal_detect_bd_wrapper_6
TRACE::2026-04-26.19:04:28::SCWPlatform::Opened existing hwdb signal_detect_bd_wrapper_6
TRACE::2026-04-26.19:04:28::SCWPlatform::Found the Hw Db part of the input DSA
TRACE::2026-04-26.19:04:28::SCWMssOS::Checking the sw design at  C:/Users/suren/Documents/ECE_520/Final_Project/Sandbox/signal_detect_vitis/signal_detect_platform/ps7_cortexa9_0/standalone_domain/bsp/system.mss
TRACE::2026-04-26.19:04:28::SCWMssOS::DEBUG:  swdes dump  C:/Users/suren/Documents/ECE_520/Final_Project/Sandbox/signal_detect_vitis/signal_detect_platform/zynq_fsbl/zynq_fsbl_bsp/system.mss|system||

TRACE::2026-04-26.19:04:28::SCWMssOS::No sw design opened at  C:/Users/suren/Documents/ECE_520/Final_Project/Sandbox/signal_detect_vitis/signal_detect_platform/ps7_cortexa9_0/standalone_domain/bsp/system.mss
TRACE::2026-04-26.19:04:28::SCWMssOS::mss exists loading the mss file  C:/Users/suren/Documents/ECE_520/Final_Project/Sandbox/signal_detect_vitis/signal_detect_platform/ps7_cortexa9_0/standalone_domain/bsp/system.mss
TRACE::2026-04-26.19:04:28::SCWMssOS::Opened the sw design from mss  C:/Users/suren/Documents/ECE_520/Final_Project/Sandbox/signal_detect_vitis/signal_detect_platform/ps7_cortexa9_0/standalone_domain/bsp/system.mss
TRACE::2026-04-26.19:04:28::SCWMssOS::Adding the swdes entry C:/Users/suren/Documents/ECE_520/Final_Project/Sandbox/signal_detect_vitis/signal_detect_platform/ps7_cortexa9_0/standalone_domain/bsp/system.mss with des name system_0
TRACE::2026-04-26.19:04:28::SCWMssOS::updating the scw layer about changes
TRACE::2026-04-26.19:04:28::SCWMssOS::Opened the sw design.  C:/Users/suren/Documents/ECE_520/Final_Project/Sandbox/signal_detect_vitis/signal_detect_platform/ps7_cortexa9_0/standalone_domain/bsp/system.mss
TRACE::2026-04-26.19:04:28::SCWMssOS::Saving the mss changes C:/Users/suren/Documents/ECE_520/Final_Project/Sandbox/signal_detect_vitis/signal_detect_platform/ps7_cortexa9_0/standalone_domain/bsp/system.mss
TRACE::2026-04-26.19:04:28::SCWMssOS::Found a swdesign opened with the mssfile.
TRACE::2026-04-26.19:04:28::SCWMssOS::Completed writemss as part of save.
TRACE::2026-04-26.19:04:28::SCWMssOS::Commit changes completed.
TRACE::2026-04-26.19:04:28::SCWReader::Adding prebuilt librarypaths as   
TRACE::2026-04-26.19:04:28::SCWReader::Adding prebuilt incpaths  as   
TRACE::2026-04-26.19:04:28::SCWPlatform::Trying to open the hw design at C:/Users/suren/Documents/ECE_520/Final_Project/Sandbox/signal_detect_vitis/signal_detect_platform/hw/signal_detect_bd_wrapper.xsa
TRACE::2026-04-26.19:04:28::SCWPlatform::DSA given C:/Users/suren/Documents/ECE_520/Final_Project/Sandbox/signal_detect_vitis/signal_detect_platform/hw/signal_detect_bd_wrapper.xsa
TRACE::2026-04-26.19:04:28::SCWPlatform::DSA absoulate path C:/Users/suren/Documents/ECE_520/Final_Project/Sandbox/signal_detect_vitis/signal_detect_platform/hw/signal_detect_bd_wrapper.xsa
TRACE::2026-04-26.19:04:28::SCWPlatform::DSA directory C:/Users/suren/Documents/ECE_520/Final_Project/Sandbox/signal_detect_vitis/signal_detect_platform/hw
TRACE::2026-04-26.19:04:28::SCWPlatform:: Platform Path C:/Users/suren/Documents/ECE_520/Final_Project/Sandbox/signal_detect_vitis/signal_detect_platform/hw/signal_detect_bd_wrapper.xsa
TRACE::2026-04-26.19:04:28::SCWPlatform:: Unique name xilinx:zybo-z7-10::0.0
TRACE::2026-04-26.19:04:28::SCWPlatform::Trying to set the existing hwdb with name signal_detect_bd_wrapper_6
TRACE::2026-04-26.19:04:28::SCWPlatform::Opened existing hwdb signal_detect_bd_wrapper_6
TRACE::2026-04-26.19:04:28::SCWPlatform::Found the Hw Db part of the input DSA
TRACE::2026-04-26.19:04:28::SCWMssOS::Checking the sw design at  C:/Users/suren/Documents/ECE_520/Final_Project/Sandbox/signal_detect_vitis/signal_detect_platform/ps7_cortexa9_0/standalone_domain/bsp/system.mss
TRACE::2026-04-26.19:04:28::SCWMssOS::DEBUG:  swdes dump  C:/Users/suren/Documents/ECE_520/Final_Project/Sandbox/signal_detect_vitis/signal_detect_platform/ps7_cortexa9_0/standalone_domain/bsp/system.mss|system_0||
C:/Users/suren/Documents/ECE_520/Final_Project/Sandbox/signal_detect_vitis/signal_detect_platform/zynq_fsbl/zynq_fsbl_bsp/system.mss|system||

TRACE::2026-04-26.19:04:28::SCWMssOS::Sw design exists and opened at  C:/Users/suren/Documents/ECE_520/Final_Project/Sandbox/signal_detect_vitis/signal_detect_platform/ps7_cortexa9_0/standalone_domain/bsp/system.mss
TRACE::2026-04-26.19:04:28::SCWReader::No isolation master present  
LOG::2026-04-26.19:04:43::SCWPlatform::Started generating the artifacts platform signal_detect_platform
TRACE::2026-04-26.19:04:43::SCWPlatform::Sanity checking of platform is completed
LOG::2026-04-26.19:04:43::SCWPlatform::Started generating the artifacts for system configuration signal_detect_platform
LOG::2026-04-26.19:04:43::SCWSystem::Checking the domain zynq_fsbl
LOG::2026-04-26.19:04:43::SCWSystem::Doing application build for :  zynq_fsbl
TRACE::2026-04-26.19:04:43::SCWBDomain::Not a forced makefile updation, No changes are present. 
TRACE::2026-04-26.19:04:43::SCWDomain::Skipping the build for domain :  zynq_fsbl
LOG::2026-04-26.19:04:43::SCWSystem::Checking the domain standalone_domain
LOG::2026-04-26.19:04:43::SCWSystem::Not a boot domain 
LOG::2026-04-26.19:04:43::SCWSystem::Started Processing the domain standalone_domain
TRACE::2026-04-26.19:04:43::SCWDomain::Generating domain artifcats
TRACE::2026-04-26.19:04:43::SCWMssOS::Generating standalone artifcats
TRACE::2026-04-26.19:04:43::SCWMssOS::Copying the qemu file from  C:/Users/suren/Documents/ECE_520/Final_Project/Sandbox/signal_detect_vitis/signal_detect_platform/resources/signal_detect_platform/standalone_domain/qemu_args.txt To C:/Users/suren/Documents/ECE_520/Final_Project/Sandbox/signal_detect_vitis/signal_detect_platform/export/signal_detect_platform/sw/signal_detect_platform/qemu/
TRACE::2026-04-26.19:04:43::SCWMssOS::Copying the qemu file from  C:/Users/suren/Documents/ECE_520/Final_Project/Sandbox/signal_detect_vitis/signal_detect_platform/resources/signal_detect_platform/standalone_domain/qemu_args.txt To C:/Users/suren/Documents/ECE_520/Final_Project/Sandbox/signal_detect_vitis/signal_detect_platform/export/signal_detect_platform/sw/signal_detect_platform/standalone_domain/qemu/
TRACE::2026-04-26.19:04:43::SCWMssOS:: Copying the user libraries. 
TRACE::2026-04-26.19:04:43::SCWPlatform::Trying to open the hw design at C:/Users/suren/Documents/ECE_520/Final_Project/Sandbox/signal_detect_vitis/signal_detect_platform/hw/signal_detect_bd_wrapper.xsa
TRACE::2026-04-26.19:04:43::SCWPlatform::DSA given C:/Users/suren/Documents/ECE_520/Final_Project/Sandbox/signal_detect_vitis/signal_detect_platform/hw/signal_detect_bd_wrapper.xsa
TRACE::2026-04-26.19:04:43::SCWPlatform::DSA absoulate path C:/Users/suren/Documents/ECE_520/Final_Project/Sandbox/signal_detect_vitis/signal_detect_platform/hw/signal_detect_bd_wrapper.xsa
TRACE::2026-04-26.19:04:43::SCWPlatform::DSA directory C:/Users/suren/Documents/ECE_520/Final_Project/Sandbox/signal_detect_vitis/signal_detect_platform/hw
TRACE::2026-04-26.19:04:43::SCWPlatform:: Platform Path C:/Users/suren/Documents/ECE_520/Final_Project/Sandbox/signal_detect_vitis/signal_detect_platform/hw/signal_detect_bd_wrapper.xsa
TRACE::2026-04-26.19:04:43::SCWPlatform:: Unique name xilinx:zybo-z7-10::0.0
TRACE::2026-04-26.19:04:43::SCWPlatform::Trying to set the existing hwdb with name signal_detect_bd_wrapper_6
TRACE::2026-04-26.19:04:43::SCWPlatform::Could not get the HWDB from existing dbname
TRACE::2026-04-26.19:04:43::SCWPlatform::Do not have an existing db opened. Attempting to open the hwDb. 
TRACE::2026-04-26.19:04:43::SCWPlatform::Opened new HwDB with name signal_detect_bd_wrapper_7
TRACE::2026-04-26.19:04:43::SCWMssOS::Checking the sw design at  C:/Users/suren/Documents/ECE_520/Final_Project/Sandbox/signal_detect_vitis/signal_detect_platform/ps7_cortexa9_0/standalone_domain/bsp/system.mss
TRACE::2026-04-26.19:04:43::SCWMssOS::DEBUG:  swdes dump  C:/Users/suren/Documents/ECE_520/Final_Project/Sandbox/signal_detect_vitis/signal_detect_platform/ps7_cortexa9_0/standalone_domain/bsp/system.mss|system_0||
C:/Users/suren/Documents/ECE_520/Final_Project/Sandbox/signal_detect_vitis/signal_detect_platform/zynq_fsbl/zynq_fsbl_bsp/system.mss|system||

TRACE::2026-04-26.19:04:43::SCWMssOS::Sw design exists and opened at  C:/Users/suren/Documents/ECE_520/Final_Project/Sandbox/signal_detect_vitis/signal_detect_platform/ps7_cortexa9_0/standalone_domain/bsp/system.mss
TRACE::2026-04-26.19:04:43::SCWMssOS::Completed writing the mss file at C:/Users/suren/Documents/ECE_520/Final_Project/Sandbox/signal_detect_vitis/signal_detect_platform/ps7_cortexa9_0/standalone_domain/bsp
TRACE::2026-04-26.19:04:43::SCWMssOS::Mss edits present, copying mssfile into export location C:/Users/suren/Documents/ECE_520/Final_Project/Sandbox/signal_detect_vitis/signal_detect_platform/ps7_cortexa9_0/standalone_domain/bsp/system.mss
TRACE::2026-04-26.19:04:43::SCWMssOS::bsp generated is stale removing and regenerating. 
TRACE::2026-04-26.19:04:45::SCWMssOS::doing bsp build ... 
TRACE::2026-04-26.19:04:45::SCWMssOS::System Command Ran  C: & cd  C:/Users/suren/Documents/ECE_520/Final_Project/Sandbox/signal_detect_vitis/signal_detect_platform/ps7_cortexa9_0/standalone_domain/bsp & make 
TRACE::2026-04-26.19:04:45::SCWMssOS::make --no-print-directory seq_libs

TRACE::2026-04-26.19:04:45::SCWMssOS::'Finished building libraries sequentially.'

TRACE::2026-04-26.19:04:45::SCWMssOS::make -j 6 --no-print-directory par_libs

TRACE::2026-04-26.19:04:45::SCWMssOS::"Running Make include in ps7_cortexa9_0/libsrc/coresightps_dcc_v1_8/src"

TRACE::2026-04-26.19:04:45::SCWMssOS::make -C ps7_cortexa9_0/libsrc/coresightps_dcc_v1_8/src -s include  "SHELL=CMD" "COMPILER=arm-none-eabi-gcc" "ASSEMBLER=arm-none
TRACE::2026-04-26.19:04:45::SCWMssOS::-eabi-as" "ARCHIVER=arm-none-eabi-ar" "COMPILER_FLAGS=  -O2 -c" "EXTRA_COMPILER_FLAGS=-mcpu=cortex-a9 -mfpu=vfpv3 -mfloat-abi=h
TRACE::2026-04-26.19:04:45::SCWMssOS::ard -nostartfiles -g -Wall -Wextra -fno-tree-loop-distribute-patterns"

TRACE::2026-04-26.19:04:45::SCWMssOS::"Running Make include in ps7_cortexa9_0/libsrc/cpu_cortexa9_v2_11/src"

TRACE::2026-04-26.19:04:45::SCWMssOS::make -C ps7_cortexa9_0/libsrc/cpu_cortexa9_v2_11/src -s include  "SHELL=CMD" "COMPILER=arm-none-eabi-gcc" "ASSEMBLER=arm-none-e
TRACE::2026-04-26.19:04:45::SCWMssOS::abi-as" "ARCHIVER=arm-none-eabi-ar" "COMPILER_FLAGS=  -O2 -c" "EXTRA_COMPILER_FLAGS=-mcpu=cortex-a9 -mfpu=vfpv3 -mfloat-abi=har
TRACE::2026-04-26.19:04:45::SCWMssOS::d -nostartfiles -g -Wall -Wextra -fno-tree-loop-distribute-patterns"

TRACE::2026-04-26.19:04:45::SCWMssOS::"Running Make include in ps7_cortexa9_0/libsrc/ddrps_v1_2/src"

TRACE::2026-04-26.19:04:45::SCWMssOS::make -C ps7_cortexa9_0/libsrc/ddrps_v1_2/src -s include  "SHELL=CMD" "COMPILER=arm-none-eabi-gcc" "ASSEMBLER=arm-none-eabi-as" 
TRACE::2026-04-26.19:04:45::SCWMssOS::"ARCHIVER=arm-none-eabi-ar" "COMPILER_FLAGS=  -O2 -c" "EXTRA_COMPILER_FLAGS=-mcpu=cortex-a9 -mfpu=vfpv3 -mfloat-abi=hard -nosta
TRACE::2026-04-26.19:04:45::SCWMssOS::rtfiles -g -Wall -Wextra -fno-tree-loop-distribute-patterns"

TRACE::2026-04-26.19:04:45::SCWMssOS::"Running Make include in ps7_cortexa9_0/libsrc/devcfg_v3_7/src"

TRACE::2026-04-26.19:04:45::SCWMssOS::make -C ps7_cortexa9_0/libsrc/devcfg_v3_7/src -s include  "SHELL=CMD" "COMPILER=arm-none-eabi-gcc" "ASSEMBLER=arm-none-eabi-as"
TRACE::2026-04-26.19:04:45::SCWMssOS:: "ARCHIVER=arm-none-eabi-ar" "COMPILER_FLAGS=  -O2 -c" "EXTRA_COMPILER_FLAGS=-mcpu=cortex-a9 -mfpu=vfpv3 -mfloat-abi=hard -nost
TRACE::2026-04-26.19:04:45::SCWMssOS::artfiles -g -Wall -Wextra -fno-tree-loop-distribute-patterns"

TRACE::2026-04-26.19:04:45::SCWMssOS::"Running Make include in ps7_cortexa9_0/libsrc/dmaps_v2_8/src"

TRACE::2026-04-26.19:04:45::SCWMssOS::make -C ps7_cortexa9_0/libsrc/dmaps_v2_8/src -s include  "SHELL=CMD" "COMPILER=arm-none-eabi-gcc" "ASSEMBLER=arm-none-eabi-as" 
TRACE::2026-04-26.19:04:45::SCWMssOS::"ARCHIVER=arm-none-eabi-ar" "COMPILER_FLAGS=  -O2 -c" "EXTRA_COMPILER_FLAGS=-mcpu=cortex-a9 -mfpu=vfpv3 -mfloat-abi=hard -nosta
TRACE::2026-04-26.19:04:45::SCWMssOS::rtfiles -g -Wall -Wextra -fno-tree-loop-distribute-patterns"

TRACE::2026-04-26.19:04:45::SCWMssOS::"Running Make include in ps7_cortexa9_0/libsrc/emacps_v3_18/src"

TRACE::2026-04-26.19:04:45::SCWMssOS::make -C ps7_cortexa9_0/libsrc/emacps_v3_18/src -s include  "SHELL=CMD" "COMPILER=arm-none-eabi-gcc" "ASSEMBLER=arm-none-eabi-as
TRACE::2026-04-26.19:04:45::SCWMssOS::" "ARCHIVER=arm-none-eabi-ar" "COMPILER_FLAGS=  -O2 -c" "EXTRA_COMPILER_FLAGS=-mcpu=cortex-a9 -mfpu=vfpv3 -mfloat-abi=hard -nos
TRACE::2026-04-26.19:04:45::SCWMssOS::tartfiles -g -Wall -Wextra -fno-tree-loop-distribute-patterns"

TRACE::2026-04-26.19:04:45::SCWMssOS::"Running Make include in ps7_cortexa9_0/libsrc/gpiops_v3_11/src"

TRACE::2026-04-26.19:04:45::SCWMssOS::make -C ps7_cortexa9_0/libsrc/gpiops_v3_11/src -s include  "SHELL=CMD" "COMPILER=arm-none-eabi-gcc" "ASSEMBLER=arm-none-eabi-as
TRACE::2026-04-26.19:04:45::SCWMssOS::" "ARCHIVER=arm-none-eabi-ar" "COMPILER_FLAGS=  -O2 -c" "EXTRA_COMPILER_FLAGS=-mcpu=cortex-a9 -mfpu=vfpv3 -mfloat-abi=hard -nos
TRACE::2026-04-26.19:04:45::SCWMssOS::tartfiles -g -Wall -Wextra -fno-tree-loop-distribute-patterns"

TRACE::2026-04-26.19:04:45::SCWMssOS::"Running Make include in ps7_cortexa9_0/libsrc/gpio_v4_9/src"

TRACE::2026-04-26.19:04:45::SCWMssOS::make -C ps7_cortexa9_0/libsrc/gpio_v4_9/src -s include  "SHELL=CMD" "COMPILER=arm-none-eabi-gcc" "ASSEMBLER=arm-none-eabi-as" "
TRACE::2026-04-26.19:04:45::SCWMssOS::ARCHIVER=arm-none-eabi-ar" "COMPILER_FLAGS=  -O2 -c" "EXTRA_COMPILER_FLAGS=-mcpu=cortex-a9 -mfpu=vfpv3 -mfloat-abi=hard -nostar
TRACE::2026-04-26.19:04:45::SCWMssOS::tfiles -g -Wall -Wextra -fno-tree-loop-distribute-patterns"

TRACE::2026-04-26.19:04:45::SCWMssOS::"Running Make include in ps7_cortexa9_0/libsrc/qspips_v3_10/src"

TRACE::2026-04-26.19:04:45::SCWMssOS::make -C ps7_cortexa9_0/libsrc/qspips_v3_10/src -s include  "SHELL=CMD" "COMPILER=arm-none-eabi-gcc" "ASSEMBLER=arm-none-eabi-as
TRACE::2026-04-26.19:04:45::SCWMssOS::" "ARCHIVER=arm-none-eabi-ar" "COMPILER_FLAGS=  -O2 -c" "EXTRA_COMPILER_FLAGS=-mcpu=cortex-a9 -mfpu=vfpv3 -mfloat-abi=hard -nos
TRACE::2026-04-26.19:04:45::SCWMssOS::tartfiles -g -Wall -Wextra -fno-tree-loop-distribute-patterns"

TRACE::2026-04-26.19:04:45::SCWMssOS::"Running Make include in ps7_cortexa9_0/libsrc/scugic_v5_1/src"

TRACE::2026-04-26.19:04:45::SCWMssOS::make -C ps7_cortexa9_0/libsrc/scugic_v5_1/src -s include  "SHELL=CMD" "COMPILER=arm-none-eabi-gcc" "ASSEMBLER=arm-none-eabi-as"
TRACE::2026-04-26.19:04:45::SCWMssOS:: "ARCHIVER=arm-none-eabi-ar" "COMPILER_FLAGS=  -O2 -c" "EXTRA_COMPILER_FLAGS=-mcpu=cortex-a9 -mfpu=vfpv3 -mfloat-abi=hard -nost
TRACE::2026-04-26.19:04:45::SCWMssOS::artfiles -g -Wall -Wextra -fno-tree-loop-distribute-patterns"

TRACE::2026-04-26.19:04:45::SCWMssOS::"Running Make include in ps7_cortexa9_0/libsrc/scutimer_v2_4/src"

TRACE::2026-04-26.19:04:45::SCWMssOS::make -C ps7_cortexa9_0/libsrc/scutimer_v2_4/src -s include  "SHELL=CMD" "COMPILER=arm-none-eabi-gcc" "ASSEMBLER=arm-none-eabi-a
TRACE::2026-04-26.19:04:45::SCWMssOS::s" "ARCHIVER=arm-none-eabi-ar" "COMPILER_FLAGS=  -O2 -c" "EXTRA_COMPILER_FLAGS=-mcpu=cortex-a9 -mfpu=vfpv3 -mfloat-abi=hard -no
TRACE::2026-04-26.19:04:45::SCWMssOS::startfiles -g -Wall -Wextra -fno-tree-loop-distribute-patterns"

TRACE::2026-04-26.19:04:45::SCWMssOS::"Running Make include in ps7_cortexa9_0/libsrc/scuwdt_v2_4/src"

TRACE::2026-04-26.19:04:45::SCWMssOS::make -C ps7_cortexa9_0/libsrc/scuwdt_v2_4/src -s include  "SHELL=CMD" "COMPILER=arm-none-eabi-gcc" "ASSEMBLER=arm-none-eabi-as"
TRACE::2026-04-26.19:04:45::SCWMssOS:: "ARCHIVER=arm-none-eabi-ar" "COMPILER_FLAGS=  -O2 -c" "EXTRA_COMPILER_FLAGS=-mcpu=cortex-a9 -mfpu=vfpv3 -mfloat-abi=hard -nost
TRACE::2026-04-26.19:04:45::SCWMssOS::artfiles -g -Wall -Wextra -fno-tree-loop-distribute-patterns"

TRACE::2026-04-26.19:04:45::SCWMssOS::"Running Make include in ps7_cortexa9_0/libsrc/sdps_v4_1/src"

TRACE::2026-04-26.19:04:45::SCWMssOS::make -C ps7_cortexa9_0/libsrc/sdps_v4_1/src -s include  "SHELL=CMD" "COMPILER=arm-none-eabi-gcc" "ASSEMBLER=arm-none-eabi-as" "
TRACE::2026-04-26.19:04:45::SCWMssOS::ARCHIVER=arm-none-eabi-ar" "COMPILER_FLAGS=  -O2 -c" "EXTRA_COMPILER_FLAGS=-mcpu=cortex-a9 -mfpu=vfpv3 -mfloat-abi=hard -nostar
TRACE::2026-04-26.19:04:45::SCWMssOS::tfiles -g -Wall -Wextra -fno-tree-loop-distribute-patterns"

TRACE::2026-04-26.19:04:45::SCWMssOS::"Running Make include in ps7_cortexa9_0/libsrc/standalone_v8_1/src"

TRACE::2026-04-26.19:04:46::SCWMssOS::make -C ps7_cortexa9_0/libsrc/standalone_v8_1/src -s include  "SHELL=CMD" "COMPILER=arm-none-eabi-gcc" "ASSEMBLER=arm-none-eabi
TRACE::2026-04-26.19:04:46::SCWMssOS::-as" "ARCHIVER=arm-none-eabi-ar" "COMPILER_FLAGS=  -O2 -c" "EXTRA_COMPILER_FLAGS=-mcpu=cortex-a9 -mfpu=vfpv3 -mfloat-abi=hard -
TRACE::2026-04-26.19:04:46::SCWMssOS::nostartfiles -g -Wall -Wextra -fno-tree-loop-distribute-patterns"

TRACE::2026-04-26.19:04:46::SCWMssOS::"Running Make include in ps7_cortexa9_0/libsrc/uartps_v3_12/src"

TRACE::2026-04-26.19:04:46::SCWMssOS::make -C ps7_cortexa9_0/libsrc/uartps_v3_12/src -s include  "SHELL=CMD" "COMPILER=arm-none-eabi-gcc" "ASSEMBLER=arm-none-eabi-as
TRACE::2026-04-26.19:04:46::SCWMssOS::" "ARCHIVER=arm-none-eabi-ar" "COMPILER_FLAGS=  -O2 -c" "EXTRA_COMPILER_FLAGS=-mcpu=cortex-a9 -mfpu=vfpv3 -mfloat-abi=hard -nos
TRACE::2026-04-26.19:04:46::SCWMssOS::tartfiles -g -Wall -Wextra -fno-tree-loop-distribute-patterns"

TRACE::2026-04-26.19:04:46::SCWMssOS::"Running Make include in ps7_cortexa9_0/libsrc/usbps_v2_7/src"

TRACE::2026-04-26.19:04:46::SCWMssOS::make -C ps7_cortexa9_0/libsrc/usbps_v2_7/src -s include  "SHELL=CMD" "COMPILER=arm-none-eabi-gcc" "ASSEMBLER=arm-none-eabi-as" 
TRACE::2026-04-26.19:04:46::SCWMssOS::"ARCHIVER=arm-none-eabi-ar" "COMPILER_FLAGS=  -O2 -c" "EXTRA_COMPILER_FLAGS=-mcpu=cortex-a9 -mfpu=vfpv3 -mfloat-abi=hard -nosta
TRACE::2026-04-26.19:04:46::SCWMssOS::rtfiles -g -Wall -Wextra -fno-tree-loop-distribute-patterns"

TRACE::2026-04-26.19:04:46::SCWMssOS::"Running Make include in ps7_cortexa9_0/libsrc/xadcps_v2_6/src"

TRACE::2026-04-26.19:04:46::SCWMssOS::make -C ps7_cortexa9_0/libsrc/xadcps_v2_6/src -s include  "SHELL=CMD" "COMPILER=arm-none-eabi-gcc" "ASSEMBLER=arm-none-eabi-as"
TRACE::2026-04-26.19:04:46::SCWMssOS:: "ARCHIVER=arm-none-eabi-ar" "COMPILER_FLAGS=  -O2 -c" "EXTRA_COMPILER_FLAGS=-mcpu=cortex-a9 -mfpu=vfpv3 -mfloat-abi=hard -nost
TRACE::2026-04-26.19:04:46::SCWMssOS::artfiles -g -Wall -Wextra -fno-tree-loop-distribute-patterns"

TRACE::2026-04-26.19:04:46::SCWMssOS::"Running Make libs in ps7_cortexa9_0/libsrc/coresightps_dcc_v1_8/src"

TRACE::2026-04-26.19:04:46::SCWMssOS::make -C ps7_cortexa9_0/libsrc/coresightps_dcc_v1_8/src -s libs  "SHELL=CMD" "COMPILER=arm-none-eabi-gcc" "ASSEMBLER=arm-none-ea
TRACE::2026-04-26.19:04:46::SCWMssOS::bi-as" "ARCHIVER=arm-none-eabi-ar" "COMPILER_FLAGS=  -O2 -c" "EXTRA_COMPILER_FLAGS=-mcpu=cortex-a9 -mfpu=vfpv3 -mfloat-abi=hard
TRACE::2026-04-26.19:04:46::SCWMssOS:: -nostartfiles -g -Wall -Wextra -fno-tree-loop-distribute-patterns"

TRACE::2026-04-26.19:04:46::SCWMssOS::"Running Make libs in ps7_cortexa9_0/libsrc/cpu_cortexa9_v2_11/src"

TRACE::2026-04-26.19:04:46::SCWMssOS::make -C ps7_cortexa9_0/libsrc/cpu_cortexa9_v2_11/src -s libs  "SHELL=CMD" "COMPILER=arm-none-eabi-gcc" "ASSEMBLER=arm-none-eabi
TRACE::2026-04-26.19:04:46::SCWMssOS::-as" "ARCHIVER=arm-none-eabi-ar" "COMPILER_FLAGS=  -O2 -c" "EXTRA_COMPILER_FLAGS=-mcpu=cortex-a9 -mfpu=vfpv3 -mfloat-abi=hard -
TRACE::2026-04-26.19:04:46::SCWMssOS::nostartfiles -g -Wall -Wextra -fno-tree-loop-distribute-patterns"

TRACE::2026-04-26.19:04:46::SCWMssOS::"Running Make libs in ps7_cortexa9_0/libsrc/ddrps_v1_2/src"

TRACE::2026-04-26.19:04:46::SCWMssOS::make -C ps7_cortexa9_0/libsrc/ddrps_v1_2/src -s libs  "SHELL=CMD" "COMPILER=arm-none-eabi-gcc" "ASSEMBLER=arm-none-eabi-as" "AR
TRACE::2026-04-26.19:04:46::SCWMssOS::CHIVER=arm-none-eabi-ar" "COMPILER_FLAGS=  -O2 -c" "EXTRA_COMPILER_FLAGS=-mcpu=cortex-a9 -mfpu=vfpv3 -mfloat-abi=hard -nostartf
TRACE::2026-04-26.19:04:46::SCWMssOS::iles -g -Wall -Wextra -fno-tree-loop-distribute-patterns"

TRACE::2026-04-26.19:04:46::SCWMssOS::"Running Make libs in ps7_cortexa9_0/libsrc/devcfg_v3_7/src"

TRACE::2026-04-26.19:04:46::SCWMssOS::make -C ps7_cortexa9_0/libsrc/devcfg_v3_7/src -s libs  "SHELL=CMD" "COMPILER=arm-none-eabi-gcc" "ASSEMBLER=arm-none-eabi-as" "A
TRACE::2026-04-26.19:04:46::SCWMssOS::RCHIVER=arm-none-eabi-ar" "COMPILER_FLAGS=  -O2 -c" "EXTRA_COMPILER_FLAGS=-mcpu=cortex-a9 -mfpu=vfpv3 -mfloat-abi=hard -nostart
TRACE::2026-04-26.19:04:46::SCWMssOS::files -g -Wall -Wextra -fno-tree-loop-distribute-patterns"

TRACE::2026-04-26.19:04:46::SCWMssOS::"Running Make libs in ps7_cortexa9_0/libsrc/dmaps_v2_8/src"

TRACE::2026-04-26.19:04:46::SCWMssOS::make -C ps7_cortexa9_0/libsrc/dmaps_v2_8/src -s libs  "SHELL=CMD" "COMPILER=arm-none-eabi-gcc" "ASSEMBLER=arm-none-eabi-as" "AR
TRACE::2026-04-26.19:04:46::SCWMssOS::CHIVER=arm-none-eabi-ar" "COMPILER_FLAGS=  -O2 -c" "EXTRA_COMPILER_FLAGS=-mcpu=cortex-a9 -mfpu=vfpv3 -mfloat-abi=hard -nostartf
TRACE::2026-04-26.19:04:46::SCWMssOS::iles -g -Wall -Wextra -fno-tree-loop-distribute-patterns"

TRACE::2026-04-26.19:04:46::SCWMssOS::"Running Make libs in ps7_cortexa9_0/libsrc/emacps_v3_18/src"

TRACE::2026-04-26.19:04:46::SCWMssOS::make -C ps7_cortexa9_0/libsrc/emacps_v3_18/src -s libs  "SHELL=CMD" "COMPILER=arm-none-eabi-gcc" "ASSEMBLER=arm-none-eabi-as" "
TRACE::2026-04-26.19:04:46::SCWMssOS::ARCHIVER=arm-none-eabi-ar" "COMPILER_FLAGS=  -O2 -c" "EXTRA_COMPILER_FLAGS=-mcpu=cortex-a9 -mfpu=vfpv3 -mfloat-abi=hard -nostar
TRACE::2026-04-26.19:04:46::SCWMssOS::tfiles -g -Wall -Wextra -fno-tree-loop-distribute-patterns"

TRACE::2026-04-26.19:04:46::SCWMssOS::"Running Make libs in ps7_cortexa9_0/libsrc/gpiops_v3_11/src"

TRACE::2026-04-26.19:04:46::SCWMssOS::make -C ps7_cortexa9_0/libsrc/gpiops_v3_11/src -s libs  "SHELL=CMD" "COMPILER=arm-none-eabi-gcc" "ASSEMBLER=arm-none-eabi-as" "
TRACE::2026-04-26.19:04:46::SCWMssOS::ARCHIVER=arm-none-eabi-ar" "COMPILER_FLAGS=  -O2 -c" "EXTRA_COMPILER_FLAGS=-mcpu=cortex-a9 -mfpu=vfpv3 -mfloat-abi=hard -nostar
TRACE::2026-04-26.19:04:46::SCWMssOS::tfiles -g -Wall -Wextra -fno-tree-loop-distribute-patterns"

TRACE::2026-04-26.19:04:47::SCWMssOS::"Running Make libs in ps7_cortexa9_0/libsrc/gpio_v4_9/src"

TRACE::2026-04-26.19:04:47::SCWMssOS::make -C ps7_cortexa9_0/libsrc/gpio_v4_9/src -s libs  "SHELL=CMD" "COMPILER=arm-none-eabi-gcc" "ASSEMBLER=arm-none-eabi-as" "ARC
TRACE::2026-04-26.19:04:47::SCWMssOS::HIVER=arm-none-eabi-ar" "COMPILER_FLAGS=  -O2 -c" "EXTRA_COMPILER_FLAGS=-mcpu=cortex-a9 -mfpu=vfpv3 -mfloat-abi=hard -nostartfi
TRACE::2026-04-26.19:04:47::SCWMssOS::les -g -Wall -Wextra -fno-tree-loop-distribute-patterns"

TRACE::2026-04-26.19:04:47::SCWMssOS::"Running Make libs in ps7_cortexa9_0/libsrc/qspips_v3_10/src"

TRACE::2026-04-26.19:04:47::SCWMssOS::make -C ps7_cortexa9_0/libsrc/qspips_v3_10/src -s libs  "SHELL=CMD" "COMPILER=arm-none-eabi-gcc" "ASSEMBLER=arm-none-eabi-as" "
TRACE::2026-04-26.19:04:47::SCWMssOS::ARCHIVER=arm-none-eabi-ar" "COMPILER_FLAGS=  -O2 -c" "EXTRA_COMPILER_FLAGS=-mcpu=cortex-a9 -mfpu=vfpv3 -mfloat-abi=hard -nostar
TRACE::2026-04-26.19:04:47::SCWMssOS::tfiles -g -Wall -Wextra -fno-tree-loop-distribute-patterns"

TRACE::2026-04-26.19:04:47::SCWMssOS::"Running Make libs in ps7_cortexa9_0/libsrc/scugic_v5_1/src"

TRACE::2026-04-26.19:04:47::SCWMssOS::make -C ps7_cortexa9_0/libsrc/scugic_v5_1/src -s libs  "SHELL=CMD" "COMPILER=arm-none-eabi-gcc" "ASSEMBLER=arm-none-eabi-as" "A
TRACE::2026-04-26.19:04:47::SCWMssOS::RCHIVER=arm-none-eabi-ar" "COMPILER_FLAGS=  -O2 -c" "EXTRA_COMPILER_FLAGS=-mcpu=cortex-a9 -mfpu=vfpv3 -mfloat-abi=hard -nostart
TRACE::2026-04-26.19:04:47::SCWMssOS::files -g -Wall -Wextra -fno-tree-loop-distribute-patterns"

TRACE::2026-04-26.19:04:47::SCWMssOS::"Running Make libs in ps7_cortexa9_0/libsrc/scutimer_v2_4/src"

TRACE::2026-04-26.19:04:47::SCWMssOS::make -C ps7_cortexa9_0/libsrc/scutimer_v2_4/src -s libs  "SHELL=CMD" "COMPILER=arm-none-eabi-gcc" "ASSEMBLER=arm-none-eabi-as" 
TRACE::2026-04-26.19:04:47::SCWMssOS::"ARCHIVER=arm-none-eabi-ar" "COMPILER_FLAGS=  -O2 -c" "EXTRA_COMPILER_FLAGS=-mcpu=cortex-a9 -mfpu=vfpv3 -mfloat-abi=hard -nosta
TRACE::2026-04-26.19:04:47::SCWMssOS::rtfiles -g -Wall -Wextra -fno-tree-loop-distribute-patterns"

TRACE::2026-04-26.19:04:47::SCWMssOS::"Running Make libs in ps7_cortexa9_0/libsrc/scuwdt_v2_4/src"

TRACE::2026-04-26.19:04:47::SCWMssOS::make -C ps7_cortexa9_0/libsrc/scuwdt_v2_4/src -s libs  "SHELL=CMD" "COMPILER=arm-none-eabi-gcc" "ASSEMBLER=arm-none-eabi-as" "A
TRACE::2026-04-26.19:04:47::SCWMssOS::RCHIVER=arm-none-eabi-ar" "COMPILER_FLAGS=  -O2 -c" "EXTRA_COMPILER_FLAGS=-mcpu=cortex-a9 -mfpu=vfpv3 -mfloat-abi=hard -nostart
TRACE::2026-04-26.19:04:47::SCWMssOS::files -g -Wall -Wextra -fno-tree-loop-distribute-patterns"

TRACE::2026-04-26.19:04:47::SCWMssOS::"Running Make libs in ps7_cortexa9_0/libsrc/sdps_v4_1/src"

TRACE::2026-04-26.19:04:47::SCWMssOS::make -C ps7_cortexa9_0/libsrc/sdps_v4_1/src -s libs  "SHELL=CMD" "COMPILER=arm-none-eabi-gcc" "ASSEMBLER=arm-none-eabi-as" "ARC
TRACE::2026-04-26.19:04:47::SCWMssOS::HIVER=arm-none-eabi-ar" "COMPILER_FLAGS=  -O2 -c" "EXTRA_COMPILER_FLAGS=-mcpu=cortex-a9 -mfpu=vfpv3 -mfloat-abi=hard -nostartfi
TRACE::2026-04-26.19:04:47::SCWMssOS::les -g -Wall -Wextra -fno-tree-loop-distribute-patterns"

TRACE::2026-04-26.19:04:48::SCWMssOS::"Running Make libs in ps7_cortexa9_0/libsrc/standalone_v8_1/src"

TRACE::2026-04-26.19:04:48::SCWMssOS::make -C ps7_cortexa9_0/libsrc/standalone_v8_1/src -s libs  "SHELL=CMD" "COMPILER=arm-none-eabi-gcc" "ASSEMBLER=arm-none-eabi-as
TRACE::2026-04-26.19:04:48::SCWMssOS::" "ARCHIVER=arm-none-eabi-ar" "COMPILER_FLAGS=  -O2 -c" "EXTRA_COMPILER_FLAGS=-mcpu=cortex-a9 -mfpu=vfpv3 -mfloat-abi=hard -nos
TRACE::2026-04-26.19:04:48::SCWMssOS::tartfiles -g -Wall -Wextra -fno-tree-loop-distribute-patterns"

TRACE::2026-04-26.19:04:48::SCWMssOS::"Running Make libs in ps7_cortexa9_0/libsrc/uartps_v3_12/src"

TRACE::2026-04-26.19:04:48::SCWMssOS::make -C ps7_cortexa9_0/libsrc/uartps_v3_12/src -s libs  "SHELL=CMD" "COMPILER=arm-none-eabi-gcc" "ASSEMBLER=arm-none-eabi-as" "
TRACE::2026-04-26.19:04:48::SCWMssOS::ARCHIVER=arm-none-eabi-ar" "COMPILER_FLAGS=  -O2 -c" "EXTRA_COMPILER_FLAGS=-mcpu=cortex-a9 -mfpu=vfpv3 -mfloat-abi=hard -nostar
TRACE::2026-04-26.19:04:48::SCWMssOS::tfiles -g -Wall -Wextra -fno-tree-loop-distribute-patterns"

TRACE::2026-04-26.19:04:48::SCWMssOS::"Running Make libs in ps7_cortexa9_0/libsrc/usbps_v2_7/src"

TRACE::2026-04-26.19:04:48::SCWMssOS::make -C ps7_cortexa9_0/libsrc/usbps_v2_7/src -s libs  "SHELL=CMD" "COMPILER=arm-none-eabi-gcc" "ASSEMBLER=arm-none-eabi-as" "AR
TRACE::2026-04-26.19:04:48::SCWMssOS::CHIVER=arm-none-eabi-ar" "COMPILER_FLAGS=  -O2 -c" "EXTRA_COMPILER_FLAGS=-mcpu=cortex-a9 -mfpu=vfpv3 -mfloat-abi=hard -nostartf
TRACE::2026-04-26.19:04:48::SCWMssOS::iles -g -Wall -Wextra -fno-tree-loop-distribute-patterns"

TRACE::2026-04-26.19:04:48::SCWMssOS::"Running Make libs in ps7_cortexa9_0/libsrc/xadcps_v2_6/src"

TRACE::2026-04-26.19:04:48::SCWMssOS::make -C ps7_cortexa9_0/libsrc/xadcps_v2_6/src -s libs  "SHELL=CMD" "COMPILER=arm-none-eabi-gcc" "ASSEMBLER=arm-none-eabi-as" "A
TRACE::2026-04-26.19:04:48::SCWMssOS::RCHIVER=arm-none-eabi-ar" "COMPILER_FLAGS=  -O2 -c" "EXTRA_COMPILER_FLAGS=-mcpu=cortex-a9 -mfpu=vfpv3 -mfloat-abi=hard -nostart
TRACE::2026-04-26.19:04:48::SCWMssOS::files -g -Wall -Wextra -fno-tree-loop-distribute-patterns"

TRACE::2026-04-26.19:04:49::SCWMssOS::'Finished building libraries parallelly.'

TRACE::2026-04-26.19:04:49::SCWMssOS::make --no-print-directory archive

TRACE::2026-04-26.19:04:49::SCWMssOS::arm-none-eabi-ar -r  ps7_cortexa9_0/lib/libxil.a ps7_cortexa9_0/lib/_exit.o ps7_cortexa9_0/lib/_open.o ps7_cortexa9_0/lib/_sbrk
TRACE::2026-04-26.19:04:49::SCWMssOS::.o ps7_cortexa9_0/lib/abort.o ps7_cortexa9_0/lib/asm_vectors.o ps7_cortexa9_0/lib/boot.o ps7_cortexa9_0/lib/close.o ps7_cortexa
TRACE::2026-04-26.19:04:49::SCWMssOS::9_0/lib/cpputest_time.o ps7_cortexa9_0/lib/cpu_init.o ps7_cortexa9_0/lib/errno.o ps7_cortexa9_0/lib/fcntl.o ps7_cortexa9_0/lib/
TRACE::2026-04-26.19:04:49::SCWMssOS::fstat.o ps7_cortexa9_0/lib/getentropy.o ps7_cortexa9_0/lib/getpid.o ps7_cortexa9_0/lib/inbyte.o ps7_cortexa9_0/lib/isatty.o ps7
TRACE::2026-04-26.19:04:49::SCWMssOS::_cortexa9_0/lib/kill.o ps7_cortexa9_0/lib/lseek.o ps7_cortexa9_0/lib/open.o ps7_cortexa9_0/lib/outbyte.o ps7_cortexa9_0/lib/pri
TRACE::2026-04-26.19:04:49::SCWMssOS::nt.o ps7_cortexa9_0/lib/putnum.o ps7_cortexa9_0/lib/read.o ps7_cortexa9_0/lib/sbrk.o ps7_cortexa9_0/lib/sleep.o ps7_cortexa9_0/
TRACE::2026-04-26.19:04:49::SCWMssOS::lib/time.o ps7_cortexa9_0/lib/translation_table.o ps7_cortexa9_0/lib/unlink.o ps7_cortexa9_0/lib/usleep.o ps7_cortexa9_0/lib/ve
TRACE::2026-04-26.19:04:49::SCWMssOS::ctors.o ps7_cortexa9_0/lib/write.o ps7_cortexa9_0/lib/xadcps.o ps7_cortexa9_0/lib/xadcps_g.o ps7_cortexa9_0/lib/xadcps_intr.o p
TRACE::2026-04-26.19:04:49::SCWMssOS::s7_cortexa9_0/lib/xadcps_selftest.o ps7_cortexa9_0/lib/xadcps_sinit.o ps7_cortexa9_0/lib/xcoresightpsdcc.o ps7_cortexa9_0/lib/x
TRACE::2026-04-26.19:04:49::SCWMssOS::devcfg.o ps7_cortexa9_0/lib/xdevcfg_g.o ps7_cortexa9_0/lib/xdevcfg_hw.o ps7_cortexa9_0/lib/xdevcfg_intr.o ps7_cortexa9_0/lib/xd
TRACE::2026-04-26.19:04:49::SCWMssOS::evcfg_selftest.o ps7_cortexa9_0/lib/xdevcfg_sinit.o ps7_cortexa9_0/lib/xdmaps.o ps7_cortexa9_0/lib/xdmaps_g.o ps7_cortexa9_0/li
TRACE::2026-04-26.19:04:49::SCWMssOS::b/xdmaps_hw.o ps7_cortexa9_0/lib/xdmaps_selftest.o ps7_cortexa9_0/lib/xdmaps_sinit.o ps7_cortexa9_0/lib/xemacps.o ps7_cortexa9_
TRACE::2026-04-26.19:04:49::SCWMssOS::0/lib/xemacps_bdring.o ps7_cortexa9_0/lib/xemacps_control.o ps7_cortexa9_0/lib/xemacps_g.o ps7_cortexa9_0/lib/xemacps_hw.o ps7_
TRACE::2026-04-26.19:04:49::SCWMssOS::cortexa9_0/lib/xemacps_intr.o ps7_cortexa9_0/lib/xemacps_sinit.o ps7_cortexa9_0/lib/xgpio.o ps7_cortexa9_0/lib/xgpio_extra.o ps
TRACE::2026-04-26.19:04:49::SCWMssOS::7_cortexa9_0/lib/xgpio_g.o ps7_cortexa9_0/lib/xgpio_intr.o ps7_cortexa9_0/lib/xgpio_selftest.o ps7_cortexa9_0/lib/xgpio_sinit.o
TRACE::2026-04-26.19:04:49::SCWMssOS:: ps7_cortexa9_0/lib/xgpiops.o ps7_cortexa9_0/lib/xgpiops_g.o ps7_cortexa9_0/lib/xgpiops_hw.o ps7_cortexa9_0/lib/xgpiops_intr.o 
TRACE::2026-04-26.19:04:49::SCWMssOS::ps7_cortexa9_0/lib/xgpiops_selftest.o ps7_cortexa9_0/lib/xgpiops_sinit.o ps7_cortexa9_0/lib/xil-crt0.o ps7_cortexa9_0/lib/xil_a
TRACE::2026-04-26.19:04:49::SCWMssOS::ssert.o ps7_cortexa9_0/lib/xil_cache.o ps7_cortexa9_0/lib/xil_clocking.o ps7_cortexa9_0/lib/xil_exception.o ps7_cortexa9_0/lib/
TRACE::2026-04-26.19:04:49::SCWMssOS::xil_mem.o ps7_cortexa9_0/lib/xil_misc_psreset_api.o ps7_cortexa9_0/lib/xil_mmu.o ps7_cortexa9_0/lib/xil_printf.o ps7_cortexa9_0
TRACE::2026-04-26.19:04:49::SCWMssOS::/lib/xil_sleepcommon.o ps7_cortexa9_0/lib/xil_sleeptimer.o ps7_cortexa9_0/lib/xil_spinlock.o ps7_cortexa9_0/lib/xil_testcache.o
TRACE::2026-04-26.19:04:49::SCWMssOS:: ps7_cortexa9_0/lib/xil_testio.o ps7_cortexa9_0/lib/xil_testmem.o ps7_cortexa9_0/lib/xil_util.o ps7_cortexa9_0/lib/xinterrupt_w
TRACE::2026-04-26.19:04:49::SCWMssOS::rap.o ps7_cortexa9_0/lib/xl2cc_counter.o ps7_cortexa9_0/lib/xplatform_info.o ps7_cortexa9_0/lib/xpm_counter.o ps7_cortexa9_0/li
TRACE::2026-04-26.19:04:49::SCWMssOS::b/xqspips.o ps7_cortexa9_0/lib/xqspips_g.o ps7_cortexa9_0/lib/xqspips_hw.o ps7_cortexa9_0/lib/xqspips_options.o ps7_cortexa9_0/
TRACE::2026-04-26.19:04:49::SCWMssOS::lib/xqspips_selftest.o ps7_cortexa9_0/lib/xqspips_sinit.o ps7_cortexa9_0/lib/xscugic.o ps7_cortexa9_0/lib/xscugic_g.o ps7_corte
TRACE::2026-04-26.19:04:49::SCWMssOS::xa9_0/lib/xscugic_hw.o ps7_cortexa9_0/lib/xscugic_intr.o ps7_cortexa9_0/lib/xscugic_selftest.o ps7_cortexa9_0/lib/xscugic_sinit
TRACE::2026-04-26.19:04:49::SCWMssOS::.o ps7_cortexa9_0/lib/xscutimer.o ps7_cortexa9_0/lib/xscutimer_g.o ps7_cortexa9_0/lib/xscutimer_selftest.o ps7_cortexa9_0/lib/x
TRACE::2026-04-26.19:04:49::SCWMssOS::scutimer_sinit.o ps7_cortexa9_0/lib/xscuwdt.o ps7_cortexa9_0/lib/xscuwdt_g.o ps7_cortexa9_0/lib/xscuwdt_selftest.o ps7_cortexa9
TRACE::2026-04-26.19:04:49::SCWMssOS::_0/lib/xscuwdt_sinit.o ps7_cortexa9_0/lib/xsdps.o ps7_cortexa9_0/lib/xsdps_card.o ps7_cortexa9_0/lib/xsdps_g.o ps7_cortexa9_0/l
TRACE::2026-04-26.19:04:49::SCWMssOS::ib/xsdps_host.o ps7_cortexa9_0/lib/xsdps_options.o ps7_cortexa9_0/lib/xsdps_sinit.o ps7_cortexa9_0/lib/xtime_l.o ps7_cortexa9_0
TRACE::2026-04-26.19:04:49::SCWMssOS::/lib/xuartps.o ps7_cortexa9_0/lib/xuartps_g.o ps7_cortexa9_0/lib/xuartps_hw.o ps7_cortexa9_0/lib/xuartps_intr.o ps7_cortexa9_0/
TRACE::2026-04-26.19:04:49::SCWMssOS::lib/xuartps_options.o ps7_cortexa9_0/lib/xuartps_selftest.o ps7_cortexa9_0/lib/xuartps_sinit.o ps7_cortexa9_0/lib/xusbps.o ps7_
TRACE::2026-04-26.19:04:49::SCWMssOS::cortexa9_0/lib/xusbps_endpoint.o ps7_cortexa9_0/lib/xusbps_g.o ps7_cortexa9_0/lib/xusbps_hw.o ps7_cortexa9_0/lib/xusbps_intr.o 
TRACE::2026-04-26.19:04:49::SCWMssOS::ps7_cortexa9_0/lib/xusbps_sinit.o

TRACE::2026-04-26.19:04:50::SCWMssOS::'Finished building libraries'

TRACE::2026-04-26.19:04:50::SCWMssOS:: Checking if to create the Supporting Applications
TRACE::2026-04-26.19:04:50::SCWMssOS:: No Linux domain exists, trying to generate FSBL 
LOG::2026-04-26.19:04:50::SCWSystem::Completed Processing the domain standalone_domain
LOG::2026-04-26.19:04:50::SCWSystem::Completed Processing the sysconfig signal_detect_platform
LOG::2026-04-26.19:04:50::SCWPlatform::Completed generating the artifacts for system configuration signal_detect_platform
TRACE::2026-04-26.19:04:50::SCWPlatform::Started preparing the platform 
TRACE::2026-04-26.19:04:50::SCWSystem::Writing the bif file for system config signal_detect_platform
TRACE::2026-04-26.19:04:50::SCWSystem::dir created 
TRACE::2026-04-26.19:04:50::SCWSystem::Writing the bif 
TRACE::2026-04-26.19:04:50::SCWPlatform::Started writing the spfm file 
TRACE::2026-04-26.19:04:50::SCWPlatform::Started writing the xpfm file 
TRACE::2026-04-26.19:04:50::SCWPlatform::Completed generating the platform
TRACE::2026-04-26.19:04:50::SCWMssOS::Saving the mss changes C:/Users/suren/Documents/ECE_520/Final_Project/Sandbox/signal_detect_vitis/signal_detect_platform/zynq_fsbl/zynq_fsbl_bsp/system.mss
TRACE::2026-04-26.19:04:50::SCWMssOS::Found a swdesign opened with the mssfile.
TRACE::2026-04-26.19:04:50::SCWMssOS::Completed writemss as part of save.
TRACE::2026-04-26.19:04:50::SCWMssOS::Commit changes completed.
TRACE::2026-04-26.19:04:50::SCWMssOS::Saving the mss changes C:/Users/suren/Documents/ECE_520/Final_Project/Sandbox/signal_detect_vitis/signal_detect_platform/ps7_cortexa9_0/standalone_domain/bsp/system.mss
TRACE::2026-04-26.19:04:50::SCWMssOS::Adding the swdes entry, mss present, able to open swdb C:/Users/suren/Documents/ECE_520/Final_Project/Sandbox/signal_detect_vitis/signal_detect_platform/ps7_cortexa9_0/standalone_domain/bsp/system.mss with des name system_0
TRACE::2026-04-26.19:04:50::SCWMssOS::Writing the mss file completed C:/Users/suren/Documents/ECE_520/Final_Project/Sandbox/signal_detect_vitis/signal_detect_platform/ps7_cortexa9_0/standalone_domain/bsp/system.mss
TRACE::2026-04-26.19:04:50::SCWMssOS::Commit changes completed.
TRACE::2026-04-26.19:04:50::SCWPlatform::Trying to open the hw design at C:/Users/suren/Documents/ECE_520/Final_Project/Sandbox/signal_detect_vitis/signal_detect_platform/hw/signal_detect_bd_wrapper.xsa
TRACE::2026-04-26.19:04:50::SCWPlatform::DSA given C:/Users/suren/Documents/ECE_520/Final_Project/Sandbox/signal_detect_vitis/signal_detect_platform/hw/signal_detect_bd_wrapper.xsa
TRACE::2026-04-26.19:04:50::SCWPlatform::DSA absoulate path C:/Users/suren/Documents/ECE_520/Final_Project/Sandbox/signal_detect_vitis/signal_detect_platform/hw/signal_detect_bd_wrapper.xsa
TRACE::2026-04-26.19:04:50::SCWPlatform::DSA directory C:/Users/suren/Documents/ECE_520/Final_Project/Sandbox/signal_detect_vitis/signal_detect_platform/hw
TRACE::2026-04-26.19:04:50::SCWPlatform:: Platform Path C:/Users/suren/Documents/ECE_520/Final_Project/Sandbox/signal_detect_vitis/signal_detect_platform/hw/signal_detect_bd_wrapper.xsa
TRACE::2026-04-26.19:04:50::SCWPlatform:: Unique name xilinx:zybo-z7-10::0.0
TRACE::2026-04-26.19:04:50::SCWPlatform::Trying to set the existing hwdb with name signal_detect_bd_wrapper_7
TRACE::2026-04-26.19:04:50::SCWPlatform::Opened existing hwdb signal_detect_bd_wrapper_7
TRACE::2026-04-26.19:04:50::SCWPlatform::Found the Hw Db part of the input DSA
TRACE::2026-04-26.19:04:50::SCWMssOS::Checking the sw design at  C:/Users/suren/Documents/ECE_520/Final_Project/Sandbox/signal_detect_vitis/signal_detect_platform/zynq_fsbl/zynq_fsbl_bsp/system.mss
TRACE::2026-04-26.19:04:50::SCWMssOS::DEBUG:  swdes dump  C:/Users/suren/Documents/ECE_520/Final_Project/Sandbox/signal_detect_vitis/signal_detect_platform/ps7_cortexa9_0/standalone_domain/bsp/system.mss|system_0||
C:/Users/suren/Documents/ECE_520/Final_Project/Sandbox/signal_detect_vitis/signal_detect_platform/zynq_fsbl/zynq_fsbl_bsp/system.mss|system||

TRACE::2026-04-26.19:04:50::SCWMssOS::Sw design exists and opened at  C:/Users/suren/Documents/ECE_520/Final_Project/Sandbox/signal_detect_vitis/signal_detect_platform/zynq_fsbl/zynq_fsbl_bsp/system.mss
TRACE::2026-04-26.19:04:50::SCWPlatform::Trying to open the hw design at C:/Users/suren/Documents/ECE_520/Final_Project/Sandbox/signal_detect_vitis/signal_detect_platform/hw/signal_detect_bd_wrapper.xsa
TRACE::2026-04-26.19:04:50::SCWPlatform::DSA given C:/Users/suren/Documents/ECE_520/Final_Project/Sandbox/signal_detect_vitis/signal_detect_platform/hw/signal_detect_bd_wrapper.xsa
TRACE::2026-04-26.19:04:50::SCWPlatform::DSA absoulate path C:/Users/suren/Documents/ECE_520/Final_Project/Sandbox/signal_detect_vitis/signal_detect_platform/hw/signal_detect_bd_wrapper.xsa
TRACE::2026-04-26.19:04:50::SCWPlatform::DSA directory C:/Users/suren/Documents/ECE_520/Final_Project/Sandbox/signal_detect_vitis/signal_detect_platform/hw
TRACE::2026-04-26.19:04:50::SCWPlatform:: Platform Path C:/Users/suren/Documents/ECE_520/Final_Project/Sandbox/signal_detect_vitis/signal_detect_platform/hw/signal_detect_bd_wrapper.xsa
TRACE::2026-04-26.19:04:50::SCWPlatform:: Unique name xilinx:zybo-z7-10::0.0
TRACE::2026-04-26.19:04:50::SCWPlatform::Trying to set the existing hwdb with name signal_detect_bd_wrapper_7
TRACE::2026-04-26.19:04:50::SCWPlatform::Opened existing hwdb signal_detect_bd_wrapper_7
TRACE::2026-04-26.19:04:50::SCWPlatform::Found the Hw Db part of the input DSA
TRACE::2026-04-26.19:04:50::SCWMssOS::Checking the sw design at  C:/Users/suren/Documents/ECE_520/Final_Project/Sandbox/signal_detect_vitis/signal_detect_platform/ps7_cortexa9_0/standalone_domain/bsp/system.mss
TRACE::2026-04-26.19:04:50::SCWMssOS::DEBUG:  swdes dump  C:/Users/suren/Documents/ECE_520/Final_Project/Sandbox/signal_detect_vitis/signal_detect_platform/ps7_cortexa9_0/standalone_domain/bsp/system.mss|system_0||
C:/Users/suren/Documents/ECE_520/Final_Project/Sandbox/signal_detect_vitis/signal_detect_platform/zynq_fsbl/zynq_fsbl_bsp/system.mss|system||

TRACE::2026-04-26.19:04:50::SCWMssOS::Sw design exists and opened at  C:/Users/suren/Documents/ECE_520/Final_Project/Sandbox/signal_detect_vitis/signal_detect_platform/ps7_cortexa9_0/standalone_domain/bsp/system.mss
TRACE::2026-04-26.19:04:50::SCWWriter::formatted JSON is {
	"platformName":	"signal_detect_platform",
	"sprVersion":	"2.0",
	"mode":	"gui",
	"dsaType":	"Fixed",
	"platformDesc":	"signal_detect_platform",
	"platHandOff":	"C:/Users/suren/Documents/ECE_520/Final_Project/Sandbox/signal_detect_sb/signal_detect_bd_wrapper.xsa",
	"platIntHandOff":	"<platformDir>/hw/signal_detect_bd_wrapper.xsa",
	"deviceType":	"zynq",
	"platIsPrebuiltAutogen":	"false",
	"platIsNoBootBsp":	"false",
	"hasFsblMakeHasChanges":	"false",
	"hasPmufwMakeHasChanges":	"false",
	"fsblExtraCompilerFlags":	"-MMD -MP       -mcpu=cortex-a9 -mfpu=vfpv3 -mfloat-abi=hard ",
	"platPreBuiltFlag":	false,
	"platformSamplesDir":	"",
	"platActiveSys":	"signal_detect_platform",
	"systems":	[{
			"systemName":	"signal_detect_platform",
			"systemDesc":	"signal_detect_platform",
			"sysIsBootAutoGen":	"true",
			"systemDispName":	"signal_detect_platform",
			"sysActiveDom":	"standalone_domain",
			"sysDefaultDom":	"standalone_domain",
			"domains":	[{
					"domainName":	"zynq_fsbl",
					"domainDispName":	"zynq_fsbl",
					"domainDesc":	"FSBL Application BSP - Auto Generated.",
					"processors":	"ps7_cortexa9_0",
					"os":	"standalone",
					"sdxOs":	"standalone",
					"debugEnable":	"",
					"domRuntimes":	["cpp"],
					"swRepo":	"",
					"mssOsVer":	"8.1",
					"mssFile":	"",
					"md5Digest":	"24e81f5df4a1b28986eb4269e22351fe1",
					"compatibleApp":	"zynq_fsbl",
					"domType":	"bootDomain",
					"arch":	"32-bit",
					"appSettings":	{
						"appCompilerFlags":	"",
						"appLinkerFlags":	""
					},
					"addedLibs":	["xilffs:5.0", "xilrsa:1.6"],
					"libOptions":	{
						"libsContainingOptions":	[]
					},
					"prebuiltLibs":	{
						"prebuiltIncPath":	[],
						"prebuiltLibPath":	[]
					},
					"isolation":	{
					}
				}, {
					"domainName":	"standalone_domain",
					"domainDispName":	"standalone on ps7_cortexa9_0",
					"domainDesc":	"standalone_domain",
					"processors":	"ps7_cortexa9_0",
					"os":	"standalone",
					"sdxOs":	"standalone",
					"qemuArgs":	"<platformDir>/resources/signal_detect_platform/standalone_domain/qemu_args.txt",
					"qemuData":	"<platformDir>/resources/signal_detect_platform/standalone_domain/qemu",
					"debugEnable":	"False",
					"domRuntimes":	["cpp"],
					"swRepo":	"",
					"mssOsVer":	"8.1",
					"mssFile":	"",
					"md5Digest":	"9d9647dd92d7d30efd40c762a4ad2096",
					"compatibleApp":	"",
					"domType":	"mssDomain",
					"appSettings":	{
						"appCompilerFlags":	"",
						"appLinkerFlags":	""
					},
					"addedLibs":	[],
					"libOptions":	{
						"libsContainingOptions":	[]
					},
					"prebuiltLibs":	{
						"prebuiltIncPath":	[],
						"prebuiltLibPath":	[]
					},
					"isolation":	{
					}
				}]
		}]
}
KEYINFO::2026-04-26.19:04:50::SCWPlatform::updated the xpfm file.
TRACE::2026-04-26.19:04:50::SCWPlatform::Trying to open the hw design at C:/Users/suren/Documents/ECE_520/Final_Project/Sandbox/signal_detect_vitis/signal_detect_platform/hw/signal_detect_bd_wrapper.xsa
TRACE::2026-04-26.19:04:50::SCWPlatform::DSA given C:/Users/suren/Documents/ECE_520/Final_Project/Sandbox/signal_detect_vitis/signal_detect_platform/hw/signal_detect_bd_wrapper.xsa
TRACE::2026-04-26.19:04:50::SCWPlatform::DSA absoulate path C:/Users/suren/Documents/ECE_520/Final_Project/Sandbox/signal_detect_vitis/signal_detect_platform/hw/signal_detect_bd_wrapper.xsa
TRACE::2026-04-26.19:04:50::SCWPlatform::DSA directory C:/Users/suren/Documents/ECE_520/Final_Project/Sandbox/signal_detect_vitis/signal_detect_platform/hw
TRACE::2026-04-26.19:04:50::SCWPlatform:: Platform Path C:/Users/suren/Documents/ECE_520/Final_Project/Sandbox/signal_detect_vitis/signal_detect_platform/hw/signal_detect_bd_wrapper.xsa
TRACE::2026-04-26.19:04:50::SCWPlatform:: Unique name xilinx:zybo-z7-10::0.0
TRACE::2026-04-26.19:04:50::SCWPlatform::Trying to set the existing hwdb with name signal_detect_bd_wrapper_7
TRACE::2026-04-26.19:04:50::SCWPlatform::Opened existing hwdb signal_detect_bd_wrapper_7
TRACE::2026-04-26.19:04:50::SCWPlatform::Found the Hw Db part of the input DSA
TRACE::2026-04-26.19:04:50::SCWMssOS::Checking the sw design at  C:/Users/suren/Documents/ECE_520/Final_Project/Sandbox/signal_detect_vitis/signal_detect_platform/ps7_cortexa9_0/standalone_domain/bsp/system.mss
TRACE::2026-04-26.19:04:50::SCWMssOS::DEBUG:  swdes dump  C:/Users/suren/Documents/ECE_520/Final_Project/Sandbox/signal_detect_vitis/signal_detect_platform/ps7_cortexa9_0/standalone_domain/bsp/system.mss|system_0||
C:/Users/suren/Documents/ECE_520/Final_Project/Sandbox/signal_detect_vitis/signal_detect_platform/zynq_fsbl/zynq_fsbl_bsp/system.mss|system||

TRACE::2026-04-26.19:04:50::SCWMssOS::Sw design exists and opened at  C:/Users/suren/Documents/ECE_520/Final_Project/Sandbox/signal_detect_vitis/signal_detect_platform/ps7_cortexa9_0/standalone_domain/bsp/system.mss
TRACE::2026-04-26.19:20:25::SCWPlatform::DSA given C:/Users/suren/Documents/ECE_520/Final_Project/Sandbox/signal_detect_vitis/signal_detect_platform/tempdsa/signal_detect_bd_wrapper.xsa
TRACE::2026-04-26.19:20:25::SCWPlatform::DSA absoulate path C:/Users/suren/Documents/ECE_520/Final_Project/Sandbox/signal_detect_vitis/signal_detect_platform/tempdsa/signal_detect_bd_wrapper.xsa
TRACE::2026-04-26.19:20:25::SCWPlatform:: Platform location is C:/Users/suren/Documents/ECE_520/Final_Project/Sandbox/signal_detect_vitis/signal_detect_platform/tempdsa
TRACE::2026-04-26.19:20:25::SCWPlatform:: Platform Path C:/Users/suren/Documents/ECE_520/Final_Project/Sandbox/signal_detect_vitis/signal_detect_platform/tempdsa/signal_detect_bd_wrapper.xsa
TRACE::2026-04-26.19:20:25::SCWPlatform:: Unique name xilinx:zybo-z7-10::0.0
TRACE::2026-04-26.19:20:26::SCWPlatform::Found the Hw Db part of the input DSA
TRACE::2026-04-26.19:20:26::SCWMssOS::Doing hw sync for the mss in domain: zynq_fsbl
TRACE::2026-04-26.19:20:26::SCWPlatform::Trying to open the hw design at C:/Users/suren/Documents/ECE_520/Final_Project/Sandbox/signal_detect_vitis/signal_detect_platform/hw/signal_detect_bd_wrapper.xsa
TRACE::2026-04-26.19:20:26::SCWPlatform::DSA given C:/Users/suren/Documents/ECE_520/Final_Project/Sandbox/signal_detect_vitis/signal_detect_platform/hw/signal_detect_bd_wrapper.xsa
TRACE::2026-04-26.19:20:26::SCWPlatform::DSA absoulate path C:/Users/suren/Documents/ECE_520/Final_Project/Sandbox/signal_detect_vitis/signal_detect_platform/hw/signal_detect_bd_wrapper.xsa
TRACE::2026-04-26.19:20:26::SCWPlatform::DSA directory C:/Users/suren/Documents/ECE_520/Final_Project/Sandbox/signal_detect_vitis/signal_detect_platform/hw
TRACE::2026-04-26.19:20:26::SCWPlatform:: Platform Path C:/Users/suren/Documents/ECE_520/Final_Project/Sandbox/signal_detect_vitis/signal_detect_platform/hw/signal_detect_bd_wrapper.xsa
TRACE::2026-04-26.19:20:26::SCWPlatform:: Unique name xilinx:zybo-z7-10::0.0
TRACE::2026-04-26.19:20:26::SCWPlatform::Trying to set the existing hwdb with name signal_detect_bd_wrapper_7
TRACE::2026-04-26.19:20:26::SCWPlatform::Opened existing hwdb signal_detect_bd_wrapper_7
TRACE::2026-04-26.19:20:26::SCWPlatform::Found the Hw Db part of the input DSA
TRACE::2026-04-26.19:20:26::SCWPlatform::Trying to open the hw design at C:/Users/suren/Documents/ECE_520/Final_Project/Sandbox/signal_detect_vitis/signal_detect_platform/hw/signal_detect_bd_wrapper.xsa
TRACE::2026-04-26.19:20:26::SCWPlatform::DSA given C:/Users/suren/Documents/ECE_520/Final_Project/Sandbox/signal_detect_vitis/signal_detect_platform/hw/signal_detect_bd_wrapper.xsa
TRACE::2026-04-26.19:20:26::SCWPlatform::DSA absoulate path C:/Users/suren/Documents/ECE_520/Final_Project/Sandbox/signal_detect_vitis/signal_detect_platform/hw/signal_detect_bd_wrapper.xsa
TRACE::2026-04-26.19:20:26::SCWPlatform::DSA directory C:/Users/suren/Documents/ECE_520/Final_Project/Sandbox/signal_detect_vitis/signal_detect_platform/hw
TRACE::2026-04-26.19:20:26::SCWPlatform:: Platform Path C:/Users/suren/Documents/ECE_520/Final_Project/Sandbox/signal_detect_vitis/signal_detect_platform/hw/signal_detect_bd_wrapper.xsa
TRACE::2026-04-26.19:20:26::SCWPlatform:: Unique name xilinx:zybo-z7-10::0.0
TRACE::2026-04-26.19:20:26::SCWPlatform::Trying to set the existing hwdb with name signal_detect_bd_wrapper_7
TRACE::2026-04-26.19:20:26::SCWPlatform::Opened existing hwdb signal_detect_bd_wrapper_7
TRACE::2026-04-26.19:20:26::SCWPlatform::Found the Hw Db part of the input DSA
TRACE::2026-04-26.19:20:26::SCWMssOS::Checking the sw design at  C:/Users/suren/Documents/ECE_520/Final_Project/Sandbox/signal_detect_vitis/signal_detect_platform/zynq_fsbl/zynq_fsbl_bsp/system.mss
TRACE::2026-04-26.19:20:26::SCWMssOS::DEBUG:  swdes dump  C:/Users/suren/Documents/ECE_520/Final_Project/Sandbox/signal_detect_vitis/signal_detect_platform/ps7_cortexa9_0/standalone_domain/bsp/system.mss|system_0||
C:/Users/suren/Documents/ECE_520/Final_Project/Sandbox/signal_detect_vitis/signal_detect_platform/zynq_fsbl/zynq_fsbl_bsp/system.mss|system||

TRACE::2026-04-26.19:20:26::SCWMssOS::Sw design exists and opened at  C:/Users/suren/Documents/ECE_520/Final_Project/Sandbox/signal_detect_vitis/signal_detect_platform/zynq_fsbl/zynq_fsbl_bsp/system.mss
TRACE::2026-04-26.19:20:26::SCWPlatform::Trying to open the hw design at C:/Users/suren/Documents/ECE_520/Final_Project/Sandbox/signal_detect_vitis/signal_detect_platform/tempdsa/signal_detect_bd_wrapper.xsa
TRACE::2026-04-26.19:20:26::SCWPlatform::DSA given C:/Users/suren/Documents/ECE_520/Final_Project/Sandbox/signal_detect_vitis/signal_detect_platform/tempdsa/signal_detect_bd_wrapper.xsa
TRACE::2026-04-26.19:20:26::SCWPlatform::DSA absoulate path C:/Users/suren/Documents/ECE_520/Final_Project/Sandbox/signal_detect_vitis/signal_detect_platform/tempdsa/signal_detect_bd_wrapper.xsa
TRACE::2026-04-26.19:20:26::SCWPlatform::DSA directory C:/Users/suren/Documents/ECE_520/Final_Project/Sandbox/signal_detect_vitis/signal_detect_platform/tempdsa
TRACE::2026-04-26.19:20:26::SCWPlatform:: Platform Path C:/Users/suren/Documents/ECE_520/Final_Project/Sandbox/signal_detect_vitis/signal_detect_platform/tempdsa/signal_detect_bd_wrapper.xsa
TRACE::2026-04-26.19:20:26::SCWPlatform:: Unique name xilinx:zybo-z7-10::0.0
TRACE::2026-04-26.19:20:26::SCWPlatform::update - Opened existing hwdb signal_detect_bd_wrapper_9
TRACE::2026-04-26.19:20:26::SCWPlatform::Found the Hw Db part of the input DSA
TRACE::2026-04-26.19:20:26::SCWMssOS::Doing hw sync for the mss in domain: standalone_domain
TRACE::2026-04-26.19:20:26::SCWPlatform::Trying to open the hw design at C:/Users/suren/Documents/ECE_520/Final_Project/Sandbox/signal_detect_vitis/signal_detect_platform/hw/signal_detect_bd_wrapper.xsa
TRACE::2026-04-26.19:20:26::SCWPlatform::DSA given C:/Users/suren/Documents/ECE_520/Final_Project/Sandbox/signal_detect_vitis/signal_detect_platform/hw/signal_detect_bd_wrapper.xsa
TRACE::2026-04-26.19:20:26::SCWPlatform::DSA absoulate path C:/Users/suren/Documents/ECE_520/Final_Project/Sandbox/signal_detect_vitis/signal_detect_platform/hw/signal_detect_bd_wrapper.xsa
TRACE::2026-04-26.19:20:26::SCWPlatform::DSA directory C:/Users/suren/Documents/ECE_520/Final_Project/Sandbox/signal_detect_vitis/signal_detect_platform/hw
TRACE::2026-04-26.19:20:26::SCWPlatform:: Platform Path C:/Users/suren/Documents/ECE_520/Final_Project/Sandbox/signal_detect_vitis/signal_detect_platform/hw/signal_detect_bd_wrapper.xsa
TRACE::2026-04-26.19:20:26::SCWPlatform:: Unique name xilinx:zybo-z7-10::0.0
TRACE::2026-04-26.19:20:26::SCWPlatform::Trying to set the existing hwdb with name signal_detect_bd_wrapper_7
TRACE::2026-04-26.19:20:26::SCWPlatform::Opened existing hwdb signal_detect_bd_wrapper_7
TRACE::2026-04-26.19:20:26::SCWPlatform::Found the Hw Db part of the input DSA
TRACE::2026-04-26.19:20:26::SCWPlatform::Trying to open the hw design at C:/Users/suren/Documents/ECE_520/Final_Project/Sandbox/signal_detect_vitis/signal_detect_platform/hw/signal_detect_bd_wrapper.xsa
TRACE::2026-04-26.19:20:26::SCWPlatform::DSA given C:/Users/suren/Documents/ECE_520/Final_Project/Sandbox/signal_detect_vitis/signal_detect_platform/hw/signal_detect_bd_wrapper.xsa
TRACE::2026-04-26.19:20:26::SCWPlatform::DSA absoulate path C:/Users/suren/Documents/ECE_520/Final_Project/Sandbox/signal_detect_vitis/signal_detect_platform/hw/signal_detect_bd_wrapper.xsa
TRACE::2026-04-26.19:20:26::SCWPlatform::DSA directory C:/Users/suren/Documents/ECE_520/Final_Project/Sandbox/signal_detect_vitis/signal_detect_platform/hw
TRACE::2026-04-26.19:20:26::SCWPlatform:: Platform Path C:/Users/suren/Documents/ECE_520/Final_Project/Sandbox/signal_detect_vitis/signal_detect_platform/hw/signal_detect_bd_wrapper.xsa
TRACE::2026-04-26.19:20:26::SCWPlatform:: Unique name xilinx:zybo-z7-10::0.0
TRACE::2026-04-26.19:20:26::SCWPlatform::Trying to set the existing hwdb with name signal_detect_bd_wrapper_7
TRACE::2026-04-26.19:20:26::SCWPlatform::Opened existing hwdb signal_detect_bd_wrapper_7
TRACE::2026-04-26.19:20:26::SCWPlatform::Found the Hw Db part of the input DSA
TRACE::2026-04-26.19:20:26::SCWMssOS::Checking the sw design at  C:/Users/suren/Documents/ECE_520/Final_Project/Sandbox/signal_detect_vitis/signal_detect_platform/ps7_cortexa9_0/standalone_domain/bsp/system.mss
TRACE::2026-04-26.19:20:26::SCWMssOS::DEBUG:  swdes dump  C:/Users/suren/Documents/ECE_520/Final_Project/Sandbox/signal_detect_vitis/signal_detect_platform/ps7_cortexa9_0/standalone_domain/bsp/system.mss|system_0||
C:/Users/suren/Documents/ECE_520/Final_Project/Sandbox/signal_detect_vitis/signal_detect_platform/zynq_fsbl/zynq_fsbl_bsp/system.mss|system||

TRACE::2026-04-26.19:20:26::SCWMssOS::Sw design exists and opened at  C:/Users/suren/Documents/ECE_520/Final_Project/Sandbox/signal_detect_vitis/signal_detect_platform/ps7_cortexa9_0/standalone_domain/bsp/system.mss
TRACE::2026-04-26.19:20:26::SCWPlatform::Trying to open the hw design at C:/Users/suren/Documents/ECE_520/Final_Project/Sandbox/signal_detect_vitis/signal_detect_platform/tempdsa/signal_detect_bd_wrapper.xsa
TRACE::2026-04-26.19:20:26::SCWPlatform::DSA given C:/Users/suren/Documents/ECE_520/Final_Project/Sandbox/signal_detect_vitis/signal_detect_platform/tempdsa/signal_detect_bd_wrapper.xsa
TRACE::2026-04-26.19:20:26::SCWPlatform::DSA absoulate path C:/Users/suren/Documents/ECE_520/Final_Project/Sandbox/signal_detect_vitis/signal_detect_platform/tempdsa/signal_detect_bd_wrapper.xsa
TRACE::2026-04-26.19:20:26::SCWPlatform::DSA directory C:/Users/suren/Documents/ECE_520/Final_Project/Sandbox/signal_detect_vitis/signal_detect_platform/tempdsa
TRACE::2026-04-26.19:20:26::SCWPlatform:: Platform Path C:/Users/suren/Documents/ECE_520/Final_Project/Sandbox/signal_detect_vitis/signal_detect_platform/tempdsa/signal_detect_bd_wrapper.xsa
TRACE::2026-04-26.19:20:26::SCWPlatform:: Unique name xilinx:zybo-z7-10::0.0
TRACE::2026-04-26.19:20:26::SCWPlatform::update - Opened existing hwdb signal_detect_bd_wrapper_9
TRACE::2026-04-26.19:20:26::SCWPlatform::Found the Hw Db part of the input DSA
TRACE::2026-04-26.19:20:26::SCWMssOS::Saving the mss changes C:/Users/suren/Documents/ECE_520/Final_Project/Sandbox/signal_detect_vitis/signal_detect_platform/zynq_fsbl/zynq_fsbl_bsp/system.mss
TRACE::2026-04-26.19:20:26::SCWMssOS::Found a swdesign opened with the mssfile.
TRACE::2026-04-26.19:20:26::SCWMssOS::Completed writemss as part of save.
TRACE::2026-04-26.19:20:26::SCWMssOS::Commit changes completed.
TRACE::2026-04-26.19:20:26::SCWMssOS::Completed hw sync for the mss in domain: zynq_fsbl
TRACE::2026-04-26.19:20:26::SCWMssOS::Removing the swdes entry for  C:/Users/suren/Documents/ECE_520/Final_Project/Sandbox/signal_detect_vitis/signal_detect_platform/zynq_fsbl/zynq_fsbl_bsp/system.mss
TRACE::2026-04-26.19:20:26::SCWMssOS::Saving the mss changes C:/Users/suren/Documents/ECE_520/Final_Project/Sandbox/signal_detect_vitis/signal_detect_platform/ps7_cortexa9_0/standalone_domain/bsp/system.mss
TRACE::2026-04-26.19:20:26::SCWMssOS::Found a swdesign opened with the mssfile.
TRACE::2026-04-26.19:20:26::SCWMssOS::Completed writemss as part of save.
TRACE::2026-04-26.19:20:26::SCWMssOS::Commit changes completed.
TRACE::2026-04-26.19:20:26::SCWMssOS::Completed hw sync for the mss in domain: standalone_domain
TRACE::2026-04-26.19:20:26::SCWMssOS::Removing the swdes entry for  C:/Users/suren/Documents/ECE_520/Final_Project/Sandbox/signal_detect_vitis/signal_detect_platform/ps7_cortexa9_0/standalone_domain/bsp/system.mss
TRACE::2026-04-26.19:20:26::SCWPlatform::Trying to open the hw design at C:/Users/suren/Documents/ECE_520/Final_Project/Sandbox/signal_detect_vitis/signal_detect_platform/hw/signal_detect_bd_wrapper.xsa
TRACE::2026-04-26.19:20:26::SCWPlatform::DSA given C:/Users/suren/Documents/ECE_520/Final_Project/Sandbox/signal_detect_vitis/signal_detect_platform/hw/signal_detect_bd_wrapper.xsa
TRACE::2026-04-26.19:20:26::SCWPlatform::DSA absoulate path C:/Users/suren/Documents/ECE_520/Final_Project/Sandbox/signal_detect_vitis/signal_detect_platform/hw/signal_detect_bd_wrapper.xsa
TRACE::2026-04-26.19:20:26::SCWPlatform::DSA directory C:/Users/suren/Documents/ECE_520/Final_Project/Sandbox/signal_detect_vitis/signal_detect_platform/hw
TRACE::2026-04-26.19:20:26::SCWPlatform:: Platform Path C:/Users/suren/Documents/ECE_520/Final_Project/Sandbox/signal_detect_vitis/signal_detect_platform/hw/signal_detect_bd_wrapper.xsa
TRACE::2026-04-26.19:20:26::SCWPlatform:: Unique name xilinx:zybo-z7-10::0.0
TRACE::2026-04-26.19:20:26::SCWPlatform::Do not have an existing db opened. 
TRACE::2026-04-26.19:20:28::SCWPlatform::Opened new HwDB with name signal_detect_bd_wrapper_10
TRACE::2026-04-26.19:20:28::SCWMssOS::Saving the mss changes C:/Users/suren/Documents/ECE_520/Final_Project/Sandbox/signal_detect_vitis/signal_detect_platform/zynq_fsbl/zynq_fsbl_bsp/system.mss
TRACE::2026-04-26.19:20:28::SCWMssOS::Adding the swdes entry, mss present, able to open swdb C:/Users/suren/Documents/ECE_520/Final_Project/Sandbox/signal_detect_vitis/signal_detect_platform/zynq_fsbl/zynq_fsbl_bsp/system.mss with des name system
TRACE::2026-04-26.19:20:28::SCWMssOS::Writing the mss file completed C:/Users/suren/Documents/ECE_520/Final_Project/Sandbox/signal_detect_vitis/signal_detect_platform/zynq_fsbl/zynq_fsbl_bsp/system.mss
TRACE::2026-04-26.19:20:28::SCWMssOS::Commit changes completed.
TRACE::2026-04-26.19:20:28::SCWMssOS::Saving the mss changes C:/Users/suren/Documents/ECE_520/Final_Project/Sandbox/signal_detect_vitis/signal_detect_platform/ps7_cortexa9_0/standalone_domain/bsp/system.mss
TRACE::2026-04-26.19:20:28::SCWMssOS::Adding the swdes entry, mss present, able to open swdb C:/Users/suren/Documents/ECE_520/Final_Project/Sandbox/signal_detect_vitis/signal_detect_platform/ps7_cortexa9_0/standalone_domain/bsp/system.mss with des name system_0
TRACE::2026-04-26.19:20:28::SCWMssOS::Writing the mss file completed C:/Users/suren/Documents/ECE_520/Final_Project/Sandbox/signal_detect_vitis/signal_detect_platform/ps7_cortexa9_0/standalone_domain/bsp/system.mss
TRACE::2026-04-26.19:20:28::SCWMssOS::Commit changes completed.
TRACE::2026-04-26.19:20:28::SCWPlatform::Trying to open the hw design at C:/Users/suren/Documents/ECE_520/Final_Project/Sandbox/signal_detect_vitis/signal_detect_platform/hw/signal_detect_bd_wrapper.xsa
TRACE::2026-04-26.19:20:28::SCWPlatform::DSA given C:/Users/suren/Documents/ECE_520/Final_Project/Sandbox/signal_detect_vitis/signal_detect_platform/hw/signal_detect_bd_wrapper.xsa
TRACE::2026-04-26.19:20:28::SCWPlatform::DSA absoulate path C:/Users/suren/Documents/ECE_520/Final_Project/Sandbox/signal_detect_vitis/signal_detect_platform/hw/signal_detect_bd_wrapper.xsa
TRACE::2026-04-26.19:20:28::SCWPlatform::DSA directory C:/Users/suren/Documents/ECE_520/Final_Project/Sandbox/signal_detect_vitis/signal_detect_platform/hw
TRACE::2026-04-26.19:20:28::SCWPlatform:: Platform Path C:/Users/suren/Documents/ECE_520/Final_Project/Sandbox/signal_detect_vitis/signal_detect_platform/hw/signal_detect_bd_wrapper.xsa
TRACE::2026-04-26.19:20:28::SCWPlatform:: Unique name xilinx:zybo-z7-10::0.0
TRACE::2026-04-26.19:20:28::SCWPlatform::Trying to set the existing hwdb with name signal_detect_bd_wrapper_10
TRACE::2026-04-26.19:20:28::SCWPlatform::Opened existing hwdb signal_detect_bd_wrapper_10
TRACE::2026-04-26.19:20:28::SCWPlatform::Found the Hw Db part of the input DSA
TRACE::2026-04-26.19:20:28::SCWMssOS::Checking the sw design at  C:/Users/suren/Documents/ECE_520/Final_Project/Sandbox/signal_detect_vitis/signal_detect_platform/zynq_fsbl/zynq_fsbl_bsp/system.mss
TRACE::2026-04-26.19:20:28::SCWMssOS::DEBUG:  swdes dump  C:/Users/suren/Documents/ECE_520/Final_Project/Sandbox/signal_detect_vitis/signal_detect_platform/ps7_cortexa9_0/standalone_domain/bsp/system.mss|system_0||
C:/Users/suren/Documents/ECE_520/Final_Project/Sandbox/signal_detect_vitis/signal_detect_platform/zynq_fsbl/zynq_fsbl_bsp/system.mss|system||

TRACE::2026-04-26.19:20:28::SCWMssOS::Sw design exists and opened at  C:/Users/suren/Documents/ECE_520/Final_Project/Sandbox/signal_detect_vitis/signal_detect_platform/zynq_fsbl/zynq_fsbl_bsp/system.mss
TRACE::2026-04-26.19:20:28::SCWPlatform::Trying to open the hw design at C:/Users/suren/Documents/ECE_520/Final_Project/Sandbox/signal_detect_vitis/signal_detect_platform/hw/signal_detect_bd_wrapper.xsa
TRACE::2026-04-26.19:20:28::SCWPlatform::DSA given C:/Users/suren/Documents/ECE_520/Final_Project/Sandbox/signal_detect_vitis/signal_detect_platform/hw/signal_detect_bd_wrapper.xsa
TRACE::2026-04-26.19:20:28::SCWPlatform::DSA absoulate path C:/Users/suren/Documents/ECE_520/Final_Project/Sandbox/signal_detect_vitis/signal_detect_platform/hw/signal_detect_bd_wrapper.xsa
TRACE::2026-04-26.19:20:28::SCWPlatform::DSA directory C:/Users/suren/Documents/ECE_520/Final_Project/Sandbox/signal_detect_vitis/signal_detect_platform/hw
TRACE::2026-04-26.19:20:28::SCWPlatform:: Platform Path C:/Users/suren/Documents/ECE_520/Final_Project/Sandbox/signal_detect_vitis/signal_detect_platform/hw/signal_detect_bd_wrapper.xsa
TRACE::2026-04-26.19:20:28::SCWPlatform:: Unique name xilinx:zybo-z7-10::0.0
TRACE::2026-04-26.19:20:28::SCWPlatform::Trying to set the existing hwdb with name signal_detect_bd_wrapper_10
TRACE::2026-04-26.19:20:28::SCWPlatform::Opened existing hwdb signal_detect_bd_wrapper_10
TRACE::2026-04-26.19:20:28::SCWPlatform::Found the Hw Db part of the input DSA
TRACE::2026-04-26.19:20:28::SCWMssOS::Checking the sw design at  C:/Users/suren/Documents/ECE_520/Final_Project/Sandbox/signal_detect_vitis/signal_detect_platform/ps7_cortexa9_0/standalone_domain/bsp/system.mss
TRACE::2026-04-26.19:20:28::SCWMssOS::DEBUG:  swdes dump  C:/Users/suren/Documents/ECE_520/Final_Project/Sandbox/signal_detect_vitis/signal_detect_platform/ps7_cortexa9_0/standalone_domain/bsp/system.mss|system_0||
C:/Users/suren/Documents/ECE_520/Final_Project/Sandbox/signal_detect_vitis/signal_detect_platform/zynq_fsbl/zynq_fsbl_bsp/system.mss|system||

TRACE::2026-04-26.19:20:28::SCWMssOS::Sw design exists and opened at  C:/Users/suren/Documents/ECE_520/Final_Project/Sandbox/signal_detect_vitis/signal_detect_platform/ps7_cortexa9_0/standalone_domain/bsp/system.mss
TRACE::2026-04-26.19:20:28::SCWWriter::formatted JSON is {
	"platformName":	"signal_detect_platform",
	"sprVersion":	"2.0",
	"mode":	"gui",
	"dsaType":	"Fixed",
	"platformDesc":	"signal_detect_platform",
	"platHandOff":	"C:/Users/suren/Documents/ECE_520/Final_Project/Sandbox/signal_detect_sb/signal_detect_bd_wrapper.xsa",
	"platIntHandOff":	"<platformDir>/hw/signal_detect_bd_wrapper.xsa",
	"deviceType":	"zynq",
	"platIsPrebuiltAutogen":	"false",
	"platIsNoBootBsp":	"false",
	"hasFsblMakeHasChanges":	"false",
	"hasPmufwMakeHasChanges":	"false",
	"fsblExtraCompilerFlags":	"-MMD -MP       -mcpu=cortex-a9 -mfpu=vfpv3 -mfloat-abi=hard ",
	"platPreBuiltFlag":	false,
	"platformSamplesDir":	"",
	"platActiveSys":	"signal_detect_platform",
	"systems":	[{
			"systemName":	"signal_detect_platform",
			"systemDesc":	"signal_detect_platform",
			"sysIsBootAutoGen":	"true",
			"systemDispName":	"signal_detect_platform",
			"sysActiveDom":	"standalone_domain",
			"sysDefaultDom":	"standalone_domain",
			"domains":	[{
					"domainName":	"zynq_fsbl",
					"domainDispName":	"zynq_fsbl",
					"domainDesc":	"FSBL Application BSP - Auto Generated.",
					"processors":	"ps7_cortexa9_0",
					"os":	"standalone",
					"sdxOs":	"standalone",
					"debugEnable":	"",
					"domRuntimes":	["cpp"],
					"swRepo":	"",
					"mssOsVer":	"8.1",
					"mssFile":	"",
					"md5Digest":	"24e81f5df4a1b28986eb4269e22351fe1",
					"compatibleApp":	"zynq_fsbl",
					"domType":	"bootDomain",
					"arch":	"32-bit",
					"appSettings":	{
						"appCompilerFlags":	"",
						"appLinkerFlags":	""
					},
					"addedLibs":	["xilffs:5.0", "xilrsa:1.6"],
					"libOptions":	{
						"libsContainingOptions":	[]
					},
					"prebuiltLibs":	{
						"prebuiltIncPath":	[],
						"prebuiltLibPath":	[]
					},
					"isolation":	{
					}
				}, {
					"domainName":	"standalone_domain",
					"domainDispName":	"standalone on ps7_cortexa9_0",
					"domainDesc":	"standalone_domain",
					"processors":	"ps7_cortexa9_0",
					"os":	"standalone",
					"sdxOs":	"standalone",
					"qemuArgs":	"<platformDir>/resources/signal_detect_platform/standalone_domain/qemu_args.txt",
					"qemuData":	"<platformDir>/resources/signal_detect_platform/standalone_domain/qemu",
					"debugEnable":	"False",
					"domRuntimes":	["cpp"],
					"swRepo":	"",
					"mssOsVer":	"8.1",
					"mssFile":	"",
					"md5Digest":	"9d9647dd92d7d30efd40c762a4ad20961",
					"compatibleApp":	"",
					"domType":	"mssDomain",
					"appSettings":	{
						"appCompilerFlags":	"",
						"appLinkerFlags":	""
					},
					"addedLibs":	[],
					"libOptions":	{
						"libsContainingOptions":	[]
					},
					"prebuiltLibs":	{
						"prebuiltIncPath":	[],
						"prebuiltLibPath":	[]
					},
					"isolation":	{
					}
				}]
		}]
}
TRACE::2026-04-26.19:20:29::SCWPlatform::Clearing the existing platform
TRACE::2026-04-26.19:20:29::SCWSystem::Clearing the existing sysconfig
TRACE::2026-04-26.19:20:29::SCWBDomain::clearing the fsbl build
TRACE::2026-04-26.19:20:29::SCWMssOS::Removing the swdes entry for  C:/Users/suren/Documents/ECE_520/Final_Project/Sandbox/signal_detect_vitis/signal_detect_platform/zynq_fsbl/zynq_fsbl_bsp/system.mss
TRACE::2026-04-26.19:20:29::SCWMssOS::Removing the swdes entry for  C:/Users/suren/Documents/ECE_520/Final_Project/Sandbox/signal_detect_vitis/signal_detect_platform/ps7_cortexa9_0/standalone_domain/bsp/system.mss
TRACE::2026-04-26.19:20:29::SCWSystem::Clearing the domains completed.
TRACE::2026-04-26.19:20:29::SCWPlatform::Clearing the opened hw db.
TRACE::2026-04-26.19:20:29::SCWPlatform::DSA given C:/Users/suren/Documents/ECE_520/Final_Project/Sandbox/signal_detect_vitis/signal_detect_platform/hw/signal_detect_bd_wrapper.xsa
TRACE::2026-04-26.19:20:29::SCWPlatform::DSA absoulate path C:/Users/suren/Documents/ECE_520/Final_Project/Sandbox/signal_detect_vitis/signal_detect_platform/hw/signal_detect_bd_wrapper.xsa
TRACE::2026-04-26.19:20:29::SCWPlatform:: Platform location is C:/Users/suren/Documents/ECE_520/Final_Project/Sandbox/signal_detect_vitis/signal_detect_platform/hw
TRACE::2026-04-26.19:20:29::SCWPlatform:: Platform Path C:/Users/suren/Documents/ECE_520/Final_Project/Sandbox/signal_detect_vitis/signal_detect_platform/hw/signal_detect_bd_wrapper.xsa
TRACE::2026-04-26.19:20:29::SCWPlatform:: Unique name xilinx:zybo-z7-10::0.0
TRACE::2026-04-26.19:20:29::SCWPlatform::Removing the HwDB with name C:/Users/suren/Documents/ECE_520/Final_Project/Sandbox/signal_detect_vitis/signal_detect_platform/hw/signal_detect_bd_wrapper.xsa
TRACE::2026-04-26.19:20:29::SCWPlatform::Trying to open the hw design at C:/Users/suren/Documents/ECE_520/Final_Project/Sandbox/signal_detect_vitis/signal_detect_platform/hw/signal_detect_bd_wrapper.xsa
TRACE::2026-04-26.19:20:29::SCWPlatform::DSA given C:/Users/suren/Documents/ECE_520/Final_Project/Sandbox/signal_detect_vitis/signal_detect_platform/hw/signal_detect_bd_wrapper.xsa
TRACE::2026-04-26.19:20:29::SCWPlatform::DSA absoulate path C:/Users/suren/Documents/ECE_520/Final_Project/Sandbox/signal_detect_vitis/signal_detect_platform/hw/signal_detect_bd_wrapper.xsa
TRACE::2026-04-26.19:20:29::SCWPlatform::DSA directory C:/Users/suren/Documents/ECE_520/Final_Project/Sandbox/signal_detect_vitis/signal_detect_platform/hw
TRACE::2026-04-26.19:20:29::SCWPlatform:: Platform Path C:/Users/suren/Documents/ECE_520/Final_Project/Sandbox/signal_detect_vitis/signal_detect_platform/hw/signal_detect_bd_wrapper.xsa
TRACE::2026-04-26.19:20:29::SCWPlatform:: Unique name xilinx:zybo-z7-10::0.0
TRACE::2026-04-26.19:20:29::SCWPlatform::Do not have an existing db opened. 
TRACE::2026-04-26.19:20:30::SCWPlatform::Opened new HwDB with name signal_detect_bd_wrapper_11
TRACE::2026-04-26.19:20:30::SCWReader::Active system found as  signal_detect_platform
TRACE::2026-04-26.19:20:30::SCWReader::Handling sysconfig signal_detect_platform
TRACE::2026-04-26.19:20:30::SCWDomain::checking for install qemu data   : 
TRACE::2026-04-26.19:20:30::SCWDomain:: Using the QEMU Data from install at  : C:/Xilinx/Vitis/2023.1/data/emulation/platforms/zynq/sw/a9_standalone/qemu/
TRACE::2026-04-26.19:20:30::SCWDomain:: Using the QEMU args  from install at  : C:/Xilinx/Vitis/2023.1/data/emulation/platforms/zynq/sw/a9_standalone/qemu/qemu_args.txt
TRACE::2026-04-26.19:20:30::SCWPlatform::Trying to open the hw design at C:/Users/suren/Documents/ECE_520/Final_Project/Sandbox/signal_detect_vitis/signal_detect_platform/hw/signal_detect_bd_wrapper.xsa
TRACE::2026-04-26.19:20:30::SCWPlatform::DSA given C:/Users/suren/Documents/ECE_520/Final_Project/Sandbox/signal_detect_vitis/signal_detect_platform/hw/signal_detect_bd_wrapper.xsa
TRACE::2026-04-26.19:20:30::SCWPlatform::DSA absoulate path C:/Users/suren/Documents/ECE_520/Final_Project/Sandbox/signal_detect_vitis/signal_detect_platform/hw/signal_detect_bd_wrapper.xsa
TRACE::2026-04-26.19:20:30::SCWPlatform::DSA directory C:/Users/suren/Documents/ECE_520/Final_Project/Sandbox/signal_detect_vitis/signal_detect_platform/hw
TRACE::2026-04-26.19:20:30::SCWPlatform:: Platform Path C:/Users/suren/Documents/ECE_520/Final_Project/Sandbox/signal_detect_vitis/signal_detect_platform/hw/signal_detect_bd_wrapper.xsa
TRACE::2026-04-26.19:20:30::SCWPlatform:: Unique name xilinx:zybo-z7-10::0.0
TRACE::2026-04-26.19:20:30::SCWPlatform::Trying to set the existing hwdb with name signal_detect_bd_wrapper_11
TRACE::2026-04-26.19:20:30::SCWPlatform::Opened existing hwdb signal_detect_bd_wrapper_11
TRACE::2026-04-26.19:20:30::SCWPlatform::Found the Hw Db part of the input DSA
TRACE::2026-04-26.19:20:30::SCWPlatform::Trying to open the hw design at C:/Users/suren/Documents/ECE_520/Final_Project/Sandbox/signal_detect_vitis/signal_detect_platform/hw/signal_detect_bd_wrapper.xsa
TRACE::2026-04-26.19:20:30::SCWPlatform::DSA given C:/Users/suren/Documents/ECE_520/Final_Project/Sandbox/signal_detect_vitis/signal_detect_platform/hw/signal_detect_bd_wrapper.xsa
TRACE::2026-04-26.19:20:30::SCWPlatform::DSA absoulate path C:/Users/suren/Documents/ECE_520/Final_Project/Sandbox/signal_detect_vitis/signal_detect_platform/hw/signal_detect_bd_wrapper.xsa
TRACE::2026-04-26.19:20:30::SCWPlatform::DSA directory C:/Users/suren/Documents/ECE_520/Final_Project/Sandbox/signal_detect_vitis/signal_detect_platform/hw
TRACE::2026-04-26.19:20:30::SCWPlatform:: Platform Path C:/Users/suren/Documents/ECE_520/Final_Project/Sandbox/signal_detect_vitis/signal_detect_platform/hw/signal_detect_bd_wrapper.xsa
TRACE::2026-04-26.19:20:30::SCWPlatform:: Unique name xilinx:zybo-z7-10::0.0
TRACE::2026-04-26.19:20:30::SCWPlatform::Trying to set the existing hwdb with name signal_detect_bd_wrapper_11
TRACE::2026-04-26.19:20:30::SCWPlatform::Opened existing hwdb signal_detect_bd_wrapper_11
TRACE::2026-04-26.19:20:30::SCWPlatform::Found the Hw Db part of the input DSA
TRACE::2026-04-26.19:20:30::SCWPlatform::Trying to open the hw design at C:/Users/suren/Documents/ECE_520/Final_Project/Sandbox/signal_detect_vitis/signal_detect_platform/hw/signal_detect_bd_wrapper.xsa
TRACE::2026-04-26.19:20:30::SCWPlatform::DSA given C:/Users/suren/Documents/ECE_520/Final_Project/Sandbox/signal_detect_vitis/signal_detect_platform/hw/signal_detect_bd_wrapper.xsa
TRACE::2026-04-26.19:20:30::SCWPlatform::DSA absoulate path C:/Users/suren/Documents/ECE_520/Final_Project/Sandbox/signal_detect_vitis/signal_detect_platform/hw/signal_detect_bd_wrapper.xsa
TRACE::2026-04-26.19:20:30::SCWPlatform::DSA directory C:/Users/suren/Documents/ECE_520/Final_Project/Sandbox/signal_detect_vitis/signal_detect_platform/hw
TRACE::2026-04-26.19:20:30::SCWPlatform:: Platform Path C:/Users/suren/Documents/ECE_520/Final_Project/Sandbox/signal_detect_vitis/signal_detect_platform/hw/signal_detect_bd_wrapper.xsa
TRACE::2026-04-26.19:20:30::SCWPlatform:: Unique name xilinx:zybo-z7-10::0.0
TRACE::2026-04-26.19:20:30::SCWPlatform::Trying to set the existing hwdb with name signal_detect_bd_wrapper_11
TRACE::2026-04-26.19:20:30::SCWPlatform::Opened existing hwdb signal_detect_bd_wrapper_11
TRACE::2026-04-26.19:20:30::SCWPlatform::Found the Hw Db part of the input DSA
TRACE::2026-04-26.19:20:30::SCWReader::Boot application domain added for zynq_fsbl
TRACE::2026-04-26.19:20:30::SCWPlatform::Trying to open the hw design at C:/Users/suren/Documents/ECE_520/Final_Project/Sandbox/signal_detect_vitis/signal_detect_platform/hw/signal_detect_bd_wrapper.xsa
TRACE::2026-04-26.19:20:30::SCWPlatform::DSA given C:/Users/suren/Documents/ECE_520/Final_Project/Sandbox/signal_detect_vitis/signal_detect_platform/hw/signal_detect_bd_wrapper.xsa
TRACE::2026-04-26.19:20:30::SCWPlatform::DSA absoulate path C:/Users/suren/Documents/ECE_520/Final_Project/Sandbox/signal_detect_vitis/signal_detect_platform/hw/signal_detect_bd_wrapper.xsa
TRACE::2026-04-26.19:20:30::SCWPlatform::DSA directory C:/Users/suren/Documents/ECE_520/Final_Project/Sandbox/signal_detect_vitis/signal_detect_platform/hw
TRACE::2026-04-26.19:20:30::SCWPlatform:: Platform Path C:/Users/suren/Documents/ECE_520/Final_Project/Sandbox/signal_detect_vitis/signal_detect_platform/hw/signal_detect_bd_wrapper.xsa
TRACE::2026-04-26.19:20:30::SCWPlatform:: Unique name xilinx:zybo-z7-10::0.0
TRACE::2026-04-26.19:20:30::SCWPlatform::Trying to set the existing hwdb with name signal_detect_bd_wrapper_11
TRACE::2026-04-26.19:20:30::SCWPlatform::Opened existing hwdb signal_detect_bd_wrapper_11
TRACE::2026-04-26.19:20:30::SCWPlatform::Found the Hw Db part of the input DSA
TRACE::2026-04-26.19:20:30::SCWMssOS::Checking the sw design at  C:/Users/suren/Documents/ECE_520/Final_Project/Sandbox/signal_detect_vitis/signal_detect_platform/zynq_fsbl/zynq_fsbl_bsp/system.mss
TRACE::2026-04-26.19:20:30::SCWMssOS::DEBUG:  swdes dump  
TRACE::2026-04-26.19:20:30::SCWMssOS::No sw design opened at  C:/Users/suren/Documents/ECE_520/Final_Project/Sandbox/signal_detect_vitis/signal_detect_platform/zynq_fsbl/zynq_fsbl_bsp/system.mss
TRACE::2026-04-26.19:20:30::SCWMssOS::mss exists loading the mss file  C:/Users/suren/Documents/ECE_520/Final_Project/Sandbox/signal_detect_vitis/signal_detect_platform/zynq_fsbl/zynq_fsbl_bsp/system.mss
TRACE::2026-04-26.19:20:30::SCWMssOS::Opened the sw design from mss  C:/Users/suren/Documents/ECE_520/Final_Project/Sandbox/signal_detect_vitis/signal_detect_platform/zynq_fsbl/zynq_fsbl_bsp/system.mss
TRACE::2026-04-26.19:20:30::SCWMssOS::Adding the swdes entry C:/Users/suren/Documents/ECE_520/Final_Project/Sandbox/signal_detect_vitis/signal_detect_platform/zynq_fsbl/zynq_fsbl_bsp/system.mss with des name system
TRACE::2026-04-26.19:20:30::SCWMssOS::updating the scw layer about changes
TRACE::2026-04-26.19:20:30::SCWMssOS::Opened the sw design.  C:/Users/suren/Documents/ECE_520/Final_Project/Sandbox/signal_detect_vitis/signal_detect_platform/zynq_fsbl/zynq_fsbl_bsp/system.mss
TRACE::2026-04-26.19:20:30::SCWPlatform::Trying to open the hw design at C:/Users/suren/Documents/ECE_520/Final_Project/Sandbox/signal_detect_vitis/signal_detect_platform/hw/signal_detect_bd_wrapper.xsa
TRACE::2026-04-26.19:20:30::SCWPlatform::DSA given C:/Users/suren/Documents/ECE_520/Final_Project/Sandbox/signal_detect_vitis/signal_detect_platform/hw/signal_detect_bd_wrapper.xsa
TRACE::2026-04-26.19:20:30::SCWPlatform::DSA absoulate path C:/Users/suren/Documents/ECE_520/Final_Project/Sandbox/signal_detect_vitis/signal_detect_platform/hw/signal_detect_bd_wrapper.xsa
TRACE::2026-04-26.19:20:30::SCWPlatform::DSA directory C:/Users/suren/Documents/ECE_520/Final_Project/Sandbox/signal_detect_vitis/signal_detect_platform/hw
TRACE::2026-04-26.19:20:30::SCWPlatform:: Platform Path C:/Users/suren/Documents/ECE_520/Final_Project/Sandbox/signal_detect_vitis/signal_detect_platform/hw/signal_detect_bd_wrapper.xsa
TRACE::2026-04-26.19:20:30::SCWPlatform:: Unique name xilinx:zybo-z7-10::0.0
TRACE::2026-04-26.19:20:30::SCWPlatform::Trying to set the existing hwdb with name signal_detect_bd_wrapper_11
TRACE::2026-04-26.19:20:30::SCWPlatform::Opened existing hwdb signal_detect_bd_wrapper_11
TRACE::2026-04-26.19:20:30::SCWPlatform::Found the Hw Db part of the input DSA
TRACE::2026-04-26.19:20:30::SCWMssOS::Checking the sw design at  C:/Users/suren/Documents/ECE_520/Final_Project/Sandbox/signal_detect_vitis/signal_detect_platform/zynq_fsbl/zynq_fsbl_bsp/system.mss
TRACE::2026-04-26.19:20:30::SCWMssOS::DEBUG:  swdes dump  C:/Users/suren/Documents/ECE_520/Final_Project/Sandbox/signal_detect_vitis/signal_detect_platform/zynq_fsbl/zynq_fsbl_bsp/system.mss|system||

TRACE::2026-04-26.19:20:30::SCWMssOS::Sw design exists and opened at  C:/Users/suren/Documents/ECE_520/Final_Project/Sandbox/signal_detect_vitis/signal_detect_platform/zynq_fsbl/zynq_fsbl_bsp/system.mss
TRACE::2026-04-26.19:20:30::SCWMssOS:: library already available in sw design:  xilffs:5.0
TRACE::2026-04-26.19:20:30::SCWPlatform::Trying to open the hw design at C:/Users/suren/Documents/ECE_520/Final_Project/Sandbox/signal_detect_vitis/signal_detect_platform/hw/signal_detect_bd_wrapper.xsa
TRACE::2026-04-26.19:20:30::SCWPlatform::DSA given C:/Users/suren/Documents/ECE_520/Final_Project/Sandbox/signal_detect_vitis/signal_detect_platform/hw/signal_detect_bd_wrapper.xsa
TRACE::2026-04-26.19:20:30::SCWPlatform::DSA absoulate path C:/Users/suren/Documents/ECE_520/Final_Project/Sandbox/signal_detect_vitis/signal_detect_platform/hw/signal_detect_bd_wrapper.xsa
TRACE::2026-04-26.19:20:30::SCWPlatform::DSA directory C:/Users/suren/Documents/ECE_520/Final_Project/Sandbox/signal_detect_vitis/signal_detect_platform/hw
TRACE::2026-04-26.19:20:30::SCWPlatform:: Platform Path C:/Users/suren/Documents/ECE_520/Final_Project/Sandbox/signal_detect_vitis/signal_detect_platform/hw/signal_detect_bd_wrapper.xsa
TRACE::2026-04-26.19:20:30::SCWPlatform:: Unique name xilinx:zybo-z7-10::0.0
TRACE::2026-04-26.19:20:30::SCWPlatform::Trying to set the existing hwdb with name signal_detect_bd_wrapper_11
TRACE::2026-04-26.19:20:30::SCWPlatform::Opened existing hwdb signal_detect_bd_wrapper_11
TRACE::2026-04-26.19:20:30::SCWPlatform::Found the Hw Db part of the input DSA
TRACE::2026-04-26.19:20:30::SCWMssOS::Checking the sw design at  C:/Users/suren/Documents/ECE_520/Final_Project/Sandbox/signal_detect_vitis/signal_detect_platform/zynq_fsbl/zynq_fsbl_bsp/system.mss
TRACE::2026-04-26.19:20:30::SCWMssOS::DEBUG:  swdes dump  C:/Users/suren/Documents/ECE_520/Final_Project/Sandbox/signal_detect_vitis/signal_detect_platform/zynq_fsbl/zynq_fsbl_bsp/system.mss|system||

TRACE::2026-04-26.19:20:30::SCWMssOS::Sw design exists and opened at  C:/Users/suren/Documents/ECE_520/Final_Project/Sandbox/signal_detect_vitis/signal_detect_platform/zynq_fsbl/zynq_fsbl_bsp/system.mss
TRACE::2026-04-26.19:20:30::SCWMssOS:: library already available in sw design:  xilrsa:1.6
TRACE::2026-04-26.19:20:30::SCWMssOS::Saving the mss changes C:/Users/suren/Documents/ECE_520/Final_Project/Sandbox/signal_detect_vitis/signal_detect_platform/zynq_fsbl/zynq_fsbl_bsp/system.mss
TRACE::2026-04-26.19:20:30::SCWMssOS::Found a swdesign opened with the mssfile.
TRACE::2026-04-26.19:20:30::SCWMssOS::Completed writemss as part of save.
TRACE::2026-04-26.19:20:30::SCWMssOS::Commit changes completed.
TRACE::2026-04-26.19:20:30::SCWReader::Adding prebuilt librarypaths as   
TRACE::2026-04-26.19:20:30::SCWReader::Adding prebuilt incpaths  as   
TRACE::2026-04-26.19:20:30::SCWPlatform::Trying to open the hw design at C:/Users/suren/Documents/ECE_520/Final_Project/Sandbox/signal_detect_vitis/signal_detect_platform/hw/signal_detect_bd_wrapper.xsa
TRACE::2026-04-26.19:20:30::SCWPlatform::DSA given C:/Users/suren/Documents/ECE_520/Final_Project/Sandbox/signal_detect_vitis/signal_detect_platform/hw/signal_detect_bd_wrapper.xsa
TRACE::2026-04-26.19:20:30::SCWPlatform::DSA absoulate path C:/Users/suren/Documents/ECE_520/Final_Project/Sandbox/signal_detect_vitis/signal_detect_platform/hw/signal_detect_bd_wrapper.xsa
TRACE::2026-04-26.19:20:30::SCWPlatform::DSA directory C:/Users/suren/Documents/ECE_520/Final_Project/Sandbox/signal_detect_vitis/signal_detect_platform/hw
TRACE::2026-04-26.19:20:30::SCWPlatform:: Platform Path C:/Users/suren/Documents/ECE_520/Final_Project/Sandbox/signal_detect_vitis/signal_detect_platform/hw/signal_detect_bd_wrapper.xsa
TRACE::2026-04-26.19:20:30::SCWPlatform:: Unique name xilinx:zybo-z7-10::0.0
TRACE::2026-04-26.19:20:30::SCWPlatform::Trying to set the existing hwdb with name signal_detect_bd_wrapper_11
TRACE::2026-04-26.19:20:30::SCWPlatform::Opened existing hwdb signal_detect_bd_wrapper_11
TRACE::2026-04-26.19:20:30::SCWPlatform::Found the Hw Db part of the input DSA
TRACE::2026-04-26.19:20:30::SCWMssOS::Checking the sw design at  C:/Users/suren/Documents/ECE_520/Final_Project/Sandbox/signal_detect_vitis/signal_detect_platform/zynq_fsbl/zynq_fsbl_bsp/system.mss
TRACE::2026-04-26.19:20:30::SCWMssOS::DEBUG:  swdes dump  C:/Users/suren/Documents/ECE_520/Final_Project/Sandbox/signal_detect_vitis/signal_detect_platform/zynq_fsbl/zynq_fsbl_bsp/system.mss|system||

TRACE::2026-04-26.19:20:30::SCWMssOS::Sw design exists and opened at  C:/Users/suren/Documents/ECE_520/Final_Project/Sandbox/signal_detect_vitis/signal_detect_platform/zynq_fsbl/zynq_fsbl_bsp/system.mss
TRACE::2026-04-26.19:20:30::SCWReader::No isolation master present  
TRACE::2026-04-26.19:20:30::SCWDomain::checking for install qemu data   : 
TRACE::2026-04-26.19:20:30::SCWDomain:: Using the QEMU Data from install at  : C:/Xilinx/Vitis/2023.1/data/emulation/platforms/zynq/sw/a9_standalone/qemu/
TRACE::2026-04-26.19:20:30::SCWDomain:: Using the QEMU args  from install at  : C:/Xilinx/Vitis/2023.1/data/emulation/platforms/zynq/sw/a9_standalone/qemu/qemu_args.txt
TRACE::2026-04-26.19:20:30::SCWPlatform::Trying to open the hw design at C:/Users/suren/Documents/ECE_520/Final_Project/Sandbox/signal_detect_vitis/signal_detect_platform/hw/signal_detect_bd_wrapper.xsa
TRACE::2026-04-26.19:20:30::SCWPlatform::DSA given C:/Users/suren/Documents/ECE_520/Final_Project/Sandbox/signal_detect_vitis/signal_detect_platform/hw/signal_detect_bd_wrapper.xsa
TRACE::2026-04-26.19:20:30::SCWPlatform::DSA absoulate path C:/Users/suren/Documents/ECE_520/Final_Project/Sandbox/signal_detect_vitis/signal_detect_platform/hw/signal_detect_bd_wrapper.xsa
TRACE::2026-04-26.19:20:30::SCWPlatform::DSA directory C:/Users/suren/Documents/ECE_520/Final_Project/Sandbox/signal_detect_vitis/signal_detect_platform/hw
TRACE::2026-04-26.19:20:30::SCWPlatform:: Platform Path C:/Users/suren/Documents/ECE_520/Final_Project/Sandbox/signal_detect_vitis/signal_detect_platform/hw/signal_detect_bd_wrapper.xsa
TRACE::2026-04-26.19:20:30::SCWPlatform:: Unique name xilinx:zybo-z7-10::0.0
TRACE::2026-04-26.19:20:30::SCWPlatform::Trying to set the existing hwdb with name signal_detect_bd_wrapper_11
TRACE::2026-04-26.19:20:30::SCWPlatform::Opened existing hwdb signal_detect_bd_wrapper_11
TRACE::2026-04-26.19:20:30::SCWPlatform::Found the Hw Db part of the input DSA
TRACE::2026-04-26.19:20:30::SCWPlatform::Trying to open the hw design at C:/Users/suren/Documents/ECE_520/Final_Project/Sandbox/signal_detect_vitis/signal_detect_platform/hw/signal_detect_bd_wrapper.xsa
TRACE::2026-04-26.19:20:30::SCWPlatform::DSA given C:/Users/suren/Documents/ECE_520/Final_Project/Sandbox/signal_detect_vitis/signal_detect_platform/hw/signal_detect_bd_wrapper.xsa
TRACE::2026-04-26.19:20:30::SCWPlatform::DSA absoulate path C:/Users/suren/Documents/ECE_520/Final_Project/Sandbox/signal_detect_vitis/signal_detect_platform/hw/signal_detect_bd_wrapper.xsa
TRACE::2026-04-26.19:20:30::SCWPlatform::DSA directory C:/Users/suren/Documents/ECE_520/Final_Project/Sandbox/signal_detect_vitis/signal_detect_platform/hw
TRACE::2026-04-26.19:20:30::SCWPlatform:: Platform Path C:/Users/suren/Documents/ECE_520/Final_Project/Sandbox/signal_detect_vitis/signal_detect_platform/hw/signal_detect_bd_wrapper.xsa
TRACE::2026-04-26.19:20:30::SCWPlatform:: Unique name xilinx:zybo-z7-10::0.0
TRACE::2026-04-26.19:20:30::SCWPlatform::Trying to set the existing hwdb with name signal_detect_bd_wrapper_11
TRACE::2026-04-26.19:20:30::SCWPlatform::Opened existing hwdb signal_detect_bd_wrapper_11
TRACE::2026-04-26.19:20:30::SCWPlatform::Found the Hw Db part of the input DSA
TRACE::2026-04-26.19:20:30::SCWPlatform::Trying to open the hw design at C:/Users/suren/Documents/ECE_520/Final_Project/Sandbox/signal_detect_vitis/signal_detect_platform/hw/signal_detect_bd_wrapper.xsa
TRACE::2026-04-26.19:20:30::SCWPlatform::DSA given C:/Users/suren/Documents/ECE_520/Final_Project/Sandbox/signal_detect_vitis/signal_detect_platform/hw/signal_detect_bd_wrapper.xsa
TRACE::2026-04-26.19:20:30::SCWPlatform::DSA absoulate path C:/Users/suren/Documents/ECE_520/Final_Project/Sandbox/signal_detect_vitis/signal_detect_platform/hw/signal_detect_bd_wrapper.xsa
TRACE::2026-04-26.19:20:30::SCWPlatform::DSA directory C:/Users/suren/Documents/ECE_520/Final_Project/Sandbox/signal_detect_vitis/signal_detect_platform/hw
TRACE::2026-04-26.19:20:30::SCWPlatform:: Platform Path C:/Users/suren/Documents/ECE_520/Final_Project/Sandbox/signal_detect_vitis/signal_detect_platform/hw/signal_detect_bd_wrapper.xsa
TRACE::2026-04-26.19:20:30::SCWPlatform:: Unique name xilinx:zybo-z7-10::0.0
TRACE::2026-04-26.19:20:30::SCWPlatform::Trying to set the existing hwdb with name signal_detect_bd_wrapper_11
TRACE::2026-04-26.19:20:30::SCWPlatform::Opened existing hwdb signal_detect_bd_wrapper_11
TRACE::2026-04-26.19:20:30::SCWPlatform::Found the Hw Db part of the input DSA
TRACE::2026-04-26.19:20:30::SCWMssOS::Checking the sw design at  C:/Users/suren/Documents/ECE_520/Final_Project/Sandbox/signal_detect_vitis/signal_detect_platform/ps7_cortexa9_0/standalone_domain/bsp/system.mss
TRACE::2026-04-26.19:20:30::SCWMssOS::DEBUG:  swdes dump  C:/Users/suren/Documents/ECE_520/Final_Project/Sandbox/signal_detect_vitis/signal_detect_platform/zynq_fsbl/zynq_fsbl_bsp/system.mss|system||

TRACE::2026-04-26.19:20:30::SCWMssOS::No sw design opened at  C:/Users/suren/Documents/ECE_520/Final_Project/Sandbox/signal_detect_vitis/signal_detect_platform/ps7_cortexa9_0/standalone_domain/bsp/system.mss
TRACE::2026-04-26.19:20:30::SCWMssOS::mss exists loading the mss file  C:/Users/suren/Documents/ECE_520/Final_Project/Sandbox/signal_detect_vitis/signal_detect_platform/ps7_cortexa9_0/standalone_domain/bsp/system.mss
TRACE::2026-04-26.19:20:30::SCWMssOS::Opened the sw design from mss  C:/Users/suren/Documents/ECE_520/Final_Project/Sandbox/signal_detect_vitis/signal_detect_platform/ps7_cortexa9_0/standalone_domain/bsp/system.mss
TRACE::2026-04-26.19:20:30::SCWMssOS::Adding the swdes entry C:/Users/suren/Documents/ECE_520/Final_Project/Sandbox/signal_detect_vitis/signal_detect_platform/ps7_cortexa9_0/standalone_domain/bsp/system.mss with des name system_0
TRACE::2026-04-26.19:20:30::SCWMssOS::updating the scw layer about changes
TRACE::2026-04-26.19:20:30::SCWMssOS::Opened the sw design.  C:/Users/suren/Documents/ECE_520/Final_Project/Sandbox/signal_detect_vitis/signal_detect_platform/ps7_cortexa9_0/standalone_domain/bsp/system.mss
TRACE::2026-04-26.19:20:30::SCWMssOS::Saving the mss changes C:/Users/suren/Documents/ECE_520/Final_Project/Sandbox/signal_detect_vitis/signal_detect_platform/ps7_cortexa9_0/standalone_domain/bsp/system.mss
TRACE::2026-04-26.19:20:30::SCWMssOS::Found a swdesign opened with the mssfile.
TRACE::2026-04-26.19:20:30::SCWMssOS::Completed writemss as part of save.
TRACE::2026-04-26.19:20:30::SCWMssOS::Commit changes completed.
TRACE::2026-04-26.19:20:30::SCWReader::Adding prebuilt librarypaths as   
TRACE::2026-04-26.19:20:30::SCWReader::Adding prebuilt incpaths  as   
TRACE::2026-04-26.19:20:30::SCWPlatform::Trying to open the hw design at C:/Users/suren/Documents/ECE_520/Final_Project/Sandbox/signal_detect_vitis/signal_detect_platform/hw/signal_detect_bd_wrapper.xsa
TRACE::2026-04-26.19:20:30::SCWPlatform::DSA given C:/Users/suren/Documents/ECE_520/Final_Project/Sandbox/signal_detect_vitis/signal_detect_platform/hw/signal_detect_bd_wrapper.xsa
TRACE::2026-04-26.19:20:30::SCWPlatform::DSA absoulate path C:/Users/suren/Documents/ECE_520/Final_Project/Sandbox/signal_detect_vitis/signal_detect_platform/hw/signal_detect_bd_wrapper.xsa
TRACE::2026-04-26.19:20:30::SCWPlatform::DSA directory C:/Users/suren/Documents/ECE_520/Final_Project/Sandbox/signal_detect_vitis/signal_detect_platform/hw
TRACE::2026-04-26.19:20:30::SCWPlatform:: Platform Path C:/Users/suren/Documents/ECE_520/Final_Project/Sandbox/signal_detect_vitis/signal_detect_platform/hw/signal_detect_bd_wrapper.xsa
TRACE::2026-04-26.19:20:30::SCWPlatform:: Unique name xilinx:zybo-z7-10::0.0
TRACE::2026-04-26.19:20:30::SCWPlatform::Trying to set the existing hwdb with name signal_detect_bd_wrapper_11
TRACE::2026-04-26.19:20:30::SCWPlatform::Opened existing hwdb signal_detect_bd_wrapper_11
TRACE::2026-04-26.19:20:30::SCWPlatform::Found the Hw Db part of the input DSA
TRACE::2026-04-26.19:20:30::SCWMssOS::Checking the sw design at  C:/Users/suren/Documents/ECE_520/Final_Project/Sandbox/signal_detect_vitis/signal_detect_platform/ps7_cortexa9_0/standalone_domain/bsp/system.mss
TRACE::2026-04-26.19:20:30::SCWMssOS::DEBUG:  swdes dump  C:/Users/suren/Documents/ECE_520/Final_Project/Sandbox/signal_detect_vitis/signal_detect_platform/ps7_cortexa9_0/standalone_domain/bsp/system.mss|system_0||
C:/Users/suren/Documents/ECE_520/Final_Project/Sandbox/signal_detect_vitis/signal_detect_platform/zynq_fsbl/zynq_fsbl_bsp/system.mss|system||

TRACE::2026-04-26.19:20:30::SCWMssOS::Sw design exists and opened at  C:/Users/suren/Documents/ECE_520/Final_Project/Sandbox/signal_detect_vitis/signal_detect_platform/ps7_cortexa9_0/standalone_domain/bsp/system.mss
TRACE::2026-04-26.19:20:30::SCWReader::No isolation master present  
LOG::2026-04-26.19:21:06::SCWPlatform::Started generating the artifacts platform signal_detect_platform
TRACE::2026-04-26.19:21:06::SCWPlatform::Sanity checking of platform is completed
LOG::2026-04-26.19:21:06::SCWPlatform::Started generating the artifacts for system configuration signal_detect_platform
LOG::2026-04-26.19:21:06::SCWSystem::Checking the domain zynq_fsbl
LOG::2026-04-26.19:21:06::SCWSystem::Doing application build for :  zynq_fsbl
TRACE::2026-04-26.19:21:06::SCWBDomain::Not a forced makefile updation, No changes are present. 
TRACE::2026-04-26.19:21:06::SCWDomain::Skipping the build for domain :  zynq_fsbl
LOG::2026-04-26.19:21:06::SCWSystem::Checking the domain standalone_domain
LOG::2026-04-26.19:21:06::SCWSystem::Not a boot domain 
LOG::2026-04-26.19:21:06::SCWSystem::Started Processing the domain standalone_domain
TRACE::2026-04-26.19:21:06::SCWDomain::Generating domain artifcats
TRACE::2026-04-26.19:21:06::SCWMssOS::Generating standalone artifcats
TRACE::2026-04-26.19:21:06::SCWMssOS::Copying the qemu file from  C:/Users/suren/Documents/ECE_520/Final_Project/Sandbox/signal_detect_vitis/signal_detect_platform/resources/signal_detect_platform/standalone_domain/qemu_args.txt To C:/Users/suren/Documents/ECE_520/Final_Project/Sandbox/signal_detect_vitis/signal_detect_platform/export/signal_detect_platform/sw/signal_detect_platform/qemu/
TRACE::2026-04-26.19:21:06::SCWMssOS::Copying the qemu file from  C:/Users/suren/Documents/ECE_520/Final_Project/Sandbox/signal_detect_vitis/signal_detect_platform/resources/signal_detect_platform/standalone_domain/qemu_args.txt To C:/Users/suren/Documents/ECE_520/Final_Project/Sandbox/signal_detect_vitis/signal_detect_platform/export/signal_detect_platform/sw/signal_detect_platform/standalone_domain/qemu/
TRACE::2026-04-26.19:21:06::SCWMssOS:: Copying the user libraries. 
TRACE::2026-04-26.19:21:06::SCWPlatform::Trying to open the hw design at C:/Users/suren/Documents/ECE_520/Final_Project/Sandbox/signal_detect_vitis/signal_detect_platform/hw/signal_detect_bd_wrapper.xsa
TRACE::2026-04-26.19:21:06::SCWPlatform::DSA given C:/Users/suren/Documents/ECE_520/Final_Project/Sandbox/signal_detect_vitis/signal_detect_platform/hw/signal_detect_bd_wrapper.xsa
TRACE::2026-04-26.19:21:06::SCWPlatform::DSA absoulate path C:/Users/suren/Documents/ECE_520/Final_Project/Sandbox/signal_detect_vitis/signal_detect_platform/hw/signal_detect_bd_wrapper.xsa
TRACE::2026-04-26.19:21:06::SCWPlatform::DSA directory C:/Users/suren/Documents/ECE_520/Final_Project/Sandbox/signal_detect_vitis/signal_detect_platform/hw
TRACE::2026-04-26.19:21:06::SCWPlatform:: Platform Path C:/Users/suren/Documents/ECE_520/Final_Project/Sandbox/signal_detect_vitis/signal_detect_platform/hw/signal_detect_bd_wrapper.xsa
TRACE::2026-04-26.19:21:06::SCWPlatform:: Unique name xilinx:zybo-z7-10::0.0
TRACE::2026-04-26.19:21:06::SCWPlatform::Trying to set the existing hwdb with name signal_detect_bd_wrapper_11
TRACE::2026-04-26.19:21:06::SCWPlatform::Could not get the HWDB from existing dbname
TRACE::2026-04-26.19:21:06::SCWPlatform::Do not have an existing db opened. Attempting to open the hwDb. 
TRACE::2026-04-26.19:21:06::SCWPlatform::Opened new HwDB with name signal_detect_bd_wrapper_12
TRACE::2026-04-26.19:21:06::SCWMssOS::Checking the sw design at  C:/Users/suren/Documents/ECE_520/Final_Project/Sandbox/signal_detect_vitis/signal_detect_platform/ps7_cortexa9_0/standalone_domain/bsp/system.mss
TRACE::2026-04-26.19:21:06::SCWMssOS::DEBUG:  swdes dump  C:/Users/suren/Documents/ECE_520/Final_Project/Sandbox/signal_detect_vitis/signal_detect_platform/ps7_cortexa9_0/standalone_domain/bsp/system.mss|system_0||
C:/Users/suren/Documents/ECE_520/Final_Project/Sandbox/signal_detect_vitis/signal_detect_platform/zynq_fsbl/zynq_fsbl_bsp/system.mss|system||

TRACE::2026-04-26.19:21:06::SCWMssOS::Sw design exists and opened at  C:/Users/suren/Documents/ECE_520/Final_Project/Sandbox/signal_detect_vitis/signal_detect_platform/ps7_cortexa9_0/standalone_domain/bsp/system.mss
TRACE::2026-04-26.19:21:06::SCWMssOS::Completed writing the mss file at C:/Users/suren/Documents/ECE_520/Final_Project/Sandbox/signal_detect_vitis/signal_detect_platform/ps7_cortexa9_0/standalone_domain/bsp
TRACE::2026-04-26.19:21:06::SCWMssOS::Mss edits present, copying mssfile into export location C:/Users/suren/Documents/ECE_520/Final_Project/Sandbox/signal_detect_vitis/signal_detect_platform/ps7_cortexa9_0/standalone_domain/bsp/system.mss
TRACE::2026-04-26.19:21:06::SCWMssOS::bsp generated is stale removing and regenerating. 
TRACE::2026-04-26.19:21:07::SCWMssOS::doing bsp build ... 
TRACE::2026-04-26.19:21:07::SCWMssOS::System Command Ran  C: & cd  C:/Users/suren/Documents/ECE_520/Final_Project/Sandbox/signal_detect_vitis/signal_detect_platform/ps7_cortexa9_0/standalone_domain/bsp & make 
TRACE::2026-04-26.19:21:07::SCWMssOS::make --no-print-directory seq_libs

TRACE::2026-04-26.19:21:07::SCWMssOS::'Finished building libraries sequentially.'

TRACE::2026-04-26.19:21:07::SCWMssOS::make -j 6 --no-print-directory par_libs

TRACE::2026-04-26.19:21:07::SCWMssOS::"Running Make include in ps7_cortexa9_0/libsrc/coresightps_dcc_v1_8/src"

TRACE::2026-04-26.19:21:07::SCWMssOS::make -C ps7_cortexa9_0/libsrc/coresightps_dcc_v1_8/src -s include  "SHELL=CMD" "COMPILER=arm-none-eabi-gcc" "ASSEMBLER=arm-none
TRACE::2026-04-26.19:21:07::SCWMssOS::-eabi-as" "ARCHIVER=arm-none-eabi-ar" "COMPILER_FLAGS=  -O2 -c" "EXTRA_COMPILER_FLAGS=-mcpu=cortex-a9 -mfpu=vfpv3 -mfloat-abi=h
TRACE::2026-04-26.19:21:07::SCWMssOS::ard -nostartfiles -g -Wall -Wextra -fno-tree-loop-distribute-patterns"

TRACE::2026-04-26.19:21:07::SCWMssOS::"Running Make include in ps7_cortexa9_0/libsrc/cpu_cortexa9_v2_11/src"

TRACE::2026-04-26.19:21:07::SCWMssOS::make -C ps7_cortexa9_0/libsrc/cpu_cortexa9_v2_11/src -s include  "SHELL=CMD" "COMPILER=arm-none-eabi-gcc" "ASSEMBLER=arm-none-e
TRACE::2026-04-26.19:21:07::SCWMssOS::abi-as" "ARCHIVER=arm-none-eabi-ar" "COMPILER_FLAGS=  -O2 -c" "EXTRA_COMPILER_FLAGS=-mcpu=cortex-a9 -mfpu=vfpv3 -mfloat-abi=har
TRACE::2026-04-26.19:21:07::SCWMssOS::d -nostartfiles -g -Wall -Wextra -fno-tree-loop-distribute-patterns"

TRACE::2026-04-26.19:21:07::SCWMssOS::"Running Make include in ps7_cortexa9_0/libsrc/ddrps_v1_2/src"

TRACE::2026-04-26.19:21:07::SCWMssOS::make -C ps7_cortexa9_0/libsrc/ddrps_v1_2/src -s include  "SHELL=CMD" "COMPILER=arm-none-eabi-gcc" "ASSEMBLER=arm-none-eabi-as" 
TRACE::2026-04-26.19:21:07::SCWMssOS::"ARCHIVER=arm-none-eabi-ar" "COMPILER_FLAGS=  -O2 -c" "EXTRA_COMPILER_FLAGS=-mcpu=cortex-a9 -mfpu=vfpv3 -mfloat-abi=hard -nosta
TRACE::2026-04-26.19:21:07::SCWMssOS::rtfiles -g -Wall -Wextra -fno-tree-loop-distribute-patterns"

TRACE::2026-04-26.19:21:07::SCWMssOS::"Running Make include in ps7_cortexa9_0/libsrc/devcfg_v3_7/src"

TRACE::2026-04-26.19:21:07::SCWMssOS::make -C ps7_cortexa9_0/libsrc/devcfg_v3_7/src -s include  "SHELL=CMD" "COMPILER=arm-none-eabi-gcc" "ASSEMBLER=arm-none-eabi-as"
TRACE::2026-04-26.19:21:07::SCWMssOS:: "ARCHIVER=arm-none-eabi-ar" "COMPILER_FLAGS=  -O2 -c" "EXTRA_COMPILER_FLAGS=-mcpu=cortex-a9 -mfpu=vfpv3 -mfloat-abi=hard -nost
TRACE::2026-04-26.19:21:07::SCWMssOS::artfiles -g -Wall -Wextra -fno-tree-loop-distribute-patterns"

TRACE::2026-04-26.19:21:07::SCWMssOS::"Running Make include in ps7_cortexa9_0/libsrc/dmaps_v2_8/src"

TRACE::2026-04-26.19:21:07::SCWMssOS::make -C ps7_cortexa9_0/libsrc/dmaps_v2_8/src -s include  "SHELL=CMD" "COMPILER=arm-none-eabi-gcc" "ASSEMBLER=arm-none-eabi-as" 
TRACE::2026-04-26.19:21:07::SCWMssOS::"ARCHIVER=arm-none-eabi-ar" "COMPILER_FLAGS=  -O2 -c" "EXTRA_COMPILER_FLAGS=-mcpu=cortex-a9 -mfpu=vfpv3 -mfloat-abi=hard -nosta
TRACE::2026-04-26.19:21:07::SCWMssOS::rtfiles -g -Wall -Wextra -fno-tree-loop-distribute-patterns"

TRACE::2026-04-26.19:21:07::SCWMssOS::"Running Make include in ps7_cortexa9_0/libsrc/emacps_v3_18/src"

TRACE::2026-04-26.19:21:07::SCWMssOS::make -C ps7_cortexa9_0/libsrc/emacps_v3_18/src -s include  "SHELL=CMD" "COMPILER=arm-none-eabi-gcc" "ASSEMBLER=arm-none-eabi-as
TRACE::2026-04-26.19:21:07::SCWMssOS::" "ARCHIVER=arm-none-eabi-ar" "COMPILER_FLAGS=  -O2 -c" "EXTRA_COMPILER_FLAGS=-mcpu=cortex-a9 -mfpu=vfpv3 -mfloat-abi=hard -nos
TRACE::2026-04-26.19:21:07::SCWMssOS::tartfiles -g -Wall -Wextra -fno-tree-loop-distribute-patterns"

TRACE::2026-04-26.19:21:07::SCWMssOS::"Running Make include in ps7_cortexa9_0/libsrc/gpiops_v3_11/src"

TRACE::2026-04-26.19:21:07::SCWMssOS::make -C ps7_cortexa9_0/libsrc/gpiops_v3_11/src -s include  "SHELL=CMD" "COMPILER=arm-none-eabi-gcc" "ASSEMBLER=arm-none-eabi-as
TRACE::2026-04-26.19:21:07::SCWMssOS::" "ARCHIVER=arm-none-eabi-ar" "COMPILER_FLAGS=  -O2 -c" "EXTRA_COMPILER_FLAGS=-mcpu=cortex-a9 -mfpu=vfpv3 -mfloat-abi=hard -nos
TRACE::2026-04-26.19:21:07::SCWMssOS::tartfiles -g -Wall -Wextra -fno-tree-loop-distribute-patterns"

TRACE::2026-04-26.19:21:07::SCWMssOS::"Running Make include in ps7_cortexa9_0/libsrc/gpio_v4_9/src"

TRACE::2026-04-26.19:21:07::SCWMssOS::make -C ps7_cortexa9_0/libsrc/gpio_v4_9/src -s include  "SHELL=CMD" "COMPILER=arm-none-eabi-gcc" "ASSEMBLER=arm-none-eabi-as" "
TRACE::2026-04-26.19:21:07::SCWMssOS::ARCHIVER=arm-none-eabi-ar" "COMPILER_FLAGS=  -O2 -c" "EXTRA_COMPILER_FLAGS=-mcpu=cortex-a9 -mfpu=vfpv3 -mfloat-abi=hard -nostar
TRACE::2026-04-26.19:21:07::SCWMssOS::tfiles -g -Wall -Wextra -fno-tree-loop-distribute-patterns"

TRACE::2026-04-26.19:21:07::SCWMssOS::"Running Make include in ps7_cortexa9_0/libsrc/qspips_v3_10/src"

TRACE::2026-04-26.19:21:07::SCWMssOS::make -C ps7_cortexa9_0/libsrc/qspips_v3_10/src -s include  "SHELL=CMD" "COMPILER=arm-none-eabi-gcc" "ASSEMBLER=arm-none-eabi-as
TRACE::2026-04-26.19:21:07::SCWMssOS::" "ARCHIVER=arm-none-eabi-ar" "COMPILER_FLAGS=  -O2 -c" "EXTRA_COMPILER_FLAGS=-mcpu=cortex-a9 -mfpu=vfpv3 -mfloat-abi=hard -nos
TRACE::2026-04-26.19:21:07::SCWMssOS::tartfiles -g -Wall -Wextra -fno-tree-loop-distribute-patterns"

TRACE::2026-04-26.19:21:07::SCWMssOS::"Running Make include in ps7_cortexa9_0/libsrc/scugic_v5_1/src"

TRACE::2026-04-26.19:21:07::SCWMssOS::make -C ps7_cortexa9_0/libsrc/scugic_v5_1/src -s include  "SHELL=CMD" "COMPILER=arm-none-eabi-gcc" "ASSEMBLER=arm-none-eabi-as"
TRACE::2026-04-26.19:21:07::SCWMssOS:: "ARCHIVER=arm-none-eabi-ar" "COMPILER_FLAGS=  -O2 -c" "EXTRA_COMPILER_FLAGS=-mcpu=cortex-a9 -mfpu=vfpv3 -mfloat-abi=hard -nost
TRACE::2026-04-26.19:21:07::SCWMssOS::artfiles -g -Wall -Wextra -fno-tree-loop-distribute-patterns"

TRACE::2026-04-26.19:21:07::SCWMssOS::"Running Make include in ps7_cortexa9_0/libsrc/scutimer_v2_4/src"

TRACE::2026-04-26.19:21:07::SCWMssOS::make -C ps7_cortexa9_0/libsrc/scutimer_v2_4/src -s include  "SHELL=CMD" "COMPILER=arm-none-eabi-gcc" "ASSEMBLER=arm-none-eabi-a
TRACE::2026-04-26.19:21:07::SCWMssOS::s" "ARCHIVER=arm-none-eabi-ar" "COMPILER_FLAGS=  -O2 -c" "EXTRA_COMPILER_FLAGS=-mcpu=cortex-a9 -mfpu=vfpv3 -mfloat-abi=hard -no
TRACE::2026-04-26.19:21:07::SCWMssOS::startfiles -g -Wall -Wextra -fno-tree-loop-distribute-patterns"

TRACE::2026-04-26.19:21:07::SCWMssOS::"Running Make include in ps7_cortexa9_0/libsrc/scuwdt_v2_4/src"

TRACE::2026-04-26.19:21:07::SCWMssOS::make -C ps7_cortexa9_0/libsrc/scuwdt_v2_4/src -s include  "SHELL=CMD" "COMPILER=arm-none-eabi-gcc" "ASSEMBLER=arm-none-eabi-as"
TRACE::2026-04-26.19:21:07::SCWMssOS:: "ARCHIVER=arm-none-eabi-ar" "COMPILER_FLAGS=  -O2 -c" "EXTRA_COMPILER_FLAGS=-mcpu=cortex-a9 -mfpu=vfpv3 -mfloat-abi=hard -nost
TRACE::2026-04-26.19:21:07::SCWMssOS::artfiles -g -Wall -Wextra -fno-tree-loop-distribute-patterns"

TRACE::2026-04-26.19:21:07::SCWMssOS::"Running Make include in ps7_cortexa9_0/libsrc/sdps_v4_1/src"

TRACE::2026-04-26.19:21:07::SCWMssOS::make -C ps7_cortexa9_0/libsrc/sdps_v4_1/src -s include  "SHELL=CMD" "COMPILER=arm-none-eabi-gcc" "ASSEMBLER=arm-none-eabi-as" "
TRACE::2026-04-26.19:21:07::SCWMssOS::ARCHIVER=arm-none-eabi-ar" "COMPILER_FLAGS=  -O2 -c" "EXTRA_COMPILER_FLAGS=-mcpu=cortex-a9 -mfpu=vfpv3 -mfloat-abi=hard -nostar
TRACE::2026-04-26.19:21:07::SCWMssOS::tfiles -g -Wall -Wextra -fno-tree-loop-distribute-patterns"

TRACE::2026-04-26.19:21:07::SCWMssOS::"Running Make include in ps7_cortexa9_0/libsrc/standalone_v8_1/src"

TRACE::2026-04-26.19:21:07::SCWMssOS::make -C ps7_cortexa9_0/libsrc/standalone_v8_1/src -s include  "SHELL=CMD" "COMPILER=arm-none-eabi-gcc" "ASSEMBLER=arm-none-eabi
TRACE::2026-04-26.19:21:07::SCWMssOS::-as" "ARCHIVER=arm-none-eabi-ar" "COMPILER_FLAGS=  -O2 -c" "EXTRA_COMPILER_FLAGS=-mcpu=cortex-a9 -mfpu=vfpv3 -mfloat-abi=hard -
TRACE::2026-04-26.19:21:07::SCWMssOS::nostartfiles -g -Wall -Wextra -fno-tree-loop-distribute-patterns"

TRACE::2026-04-26.19:21:07::SCWMssOS::"Running Make include in ps7_cortexa9_0/libsrc/uartps_v3_12/src"

TRACE::2026-04-26.19:21:07::SCWMssOS::make -C ps7_cortexa9_0/libsrc/uartps_v3_12/src -s include  "SHELL=CMD" "COMPILER=arm-none-eabi-gcc" "ASSEMBLER=arm-none-eabi-as
TRACE::2026-04-26.19:21:07::SCWMssOS::" "ARCHIVER=arm-none-eabi-ar" "COMPILER_FLAGS=  -O2 -c" "EXTRA_COMPILER_FLAGS=-mcpu=cortex-a9 -mfpu=vfpv3 -mfloat-abi=hard -nos
TRACE::2026-04-26.19:21:07::SCWMssOS::tartfiles -g -Wall -Wextra -fno-tree-loop-distribute-patterns"

TRACE::2026-04-26.19:21:07::SCWMssOS::"Running Make include in ps7_cortexa9_0/libsrc/usbps_v2_7/src"

TRACE::2026-04-26.19:21:07::SCWMssOS::make -C ps7_cortexa9_0/libsrc/usbps_v2_7/src -s include  "SHELL=CMD" "COMPILER=arm-none-eabi-gcc" "ASSEMBLER=arm-none-eabi-as" 
TRACE::2026-04-26.19:21:07::SCWMssOS::"ARCHIVER=arm-none-eabi-ar" "COMPILER_FLAGS=  -O2 -c" "EXTRA_COMPILER_FLAGS=-mcpu=cortex-a9 -mfpu=vfpv3 -mfloat-abi=hard -nosta
TRACE::2026-04-26.19:21:07::SCWMssOS::rtfiles -g -Wall -Wextra -fno-tree-loop-distribute-patterns"

TRACE::2026-04-26.19:21:07::SCWMssOS::"Running Make include in ps7_cortexa9_0/libsrc/xadcps_v2_6/src"

TRACE::2026-04-26.19:21:07::SCWMssOS::make -C ps7_cortexa9_0/libsrc/xadcps_v2_6/src -s include  "SHELL=CMD" "COMPILER=arm-none-eabi-gcc" "ASSEMBLER=arm-none-eabi-as"
TRACE::2026-04-26.19:21:07::SCWMssOS:: "ARCHIVER=arm-none-eabi-ar" "COMPILER_FLAGS=  -O2 -c" "EXTRA_COMPILER_FLAGS=-mcpu=cortex-a9 -mfpu=vfpv3 -mfloat-abi=hard -nost
TRACE::2026-04-26.19:21:07::SCWMssOS::artfiles -g -Wall -Wextra -fno-tree-loop-distribute-patterns"

TRACE::2026-04-26.19:21:08::SCWMssOS::"Running Make libs in ps7_cortexa9_0/libsrc/coresightps_dcc_v1_8/src"

TRACE::2026-04-26.19:21:08::SCWMssOS::make -C ps7_cortexa9_0/libsrc/coresightps_dcc_v1_8/src -s libs  "SHELL=CMD" "COMPILER=arm-none-eabi-gcc" "ASSEMBLER=arm-none-ea
TRACE::2026-04-26.19:21:08::SCWMssOS::bi-as" "ARCHIVER=arm-none-eabi-ar" "COMPILER_FLAGS=  -O2 -c" "EXTRA_COMPILER_FLAGS=-mcpu=cortex-a9 -mfpu=vfpv3 -mfloat-abi=hard
TRACE::2026-04-26.19:21:08::SCWMssOS:: -nostartfiles -g -Wall -Wextra -fno-tree-loop-distribute-patterns"

TRACE::2026-04-26.19:21:08::SCWMssOS::"Running Make libs in ps7_cortexa9_0/libsrc/cpu_cortexa9_v2_11/src"

TRACE::2026-04-26.19:21:08::SCWMssOS::make -C ps7_cortexa9_0/libsrc/cpu_cortexa9_v2_11/src -s libs  "SHELL=CMD" "COMPILER=arm-none-eabi-gcc" "ASSEMBLER=arm-none-eabi
TRACE::2026-04-26.19:21:08::SCWMssOS::-as" "ARCHIVER=arm-none-eabi-ar" "COMPILER_FLAGS=  -O2 -c" "EXTRA_COMPILER_FLAGS=-mcpu=cortex-a9 -mfpu=vfpv3 -mfloat-abi=hard -
TRACE::2026-04-26.19:21:08::SCWMssOS::nostartfiles -g -Wall -Wextra -fno-tree-loop-distribute-patterns"

TRACE::2026-04-26.19:21:08::SCWMssOS::"Running Make libs in ps7_cortexa9_0/libsrc/ddrps_v1_2/src"

TRACE::2026-04-26.19:21:08::SCWMssOS::make -C ps7_cortexa9_0/libsrc/ddrps_v1_2/src -s libs  "SHELL=CMD" "COMPILER=arm-none-eabi-gcc" "ASSEMBLER=arm-none-eabi-as" "AR
TRACE::2026-04-26.19:21:08::SCWMssOS::CHIVER=arm-none-eabi-ar" "COMPILER_FLAGS=  -O2 -c" "EXTRA_COMPILER_FLAGS=-mcpu=cortex-a9 -mfpu=vfpv3 -mfloat-abi=hard -nostartf
TRACE::2026-04-26.19:21:08::SCWMssOS::iles -g -Wall -Wextra -fno-tree-loop-distribute-patterns"

TRACE::2026-04-26.19:21:08::SCWMssOS::"Running Make libs in ps7_cortexa9_0/libsrc/devcfg_v3_7/src"

TRACE::2026-04-26.19:21:08::SCWMssOS::make -C ps7_cortexa9_0/libsrc/devcfg_v3_7/src -s libs  "SHELL=CMD" "COMPILER=arm-none-eabi-gcc" "ASSEMBLER=arm-none-eabi-as" "A
TRACE::2026-04-26.19:21:08::SCWMssOS::RCHIVER=arm-none-eabi-ar" "COMPILER_FLAGS=  -O2 -c" "EXTRA_COMPILER_FLAGS=-mcpu=cortex-a9 -mfpu=vfpv3 -mfloat-abi=hard -nostart
TRACE::2026-04-26.19:21:08::SCWMssOS::files -g -Wall -Wextra -fno-tree-loop-distribute-patterns"

TRACE::2026-04-26.19:21:08::SCWMssOS::"Running Make libs in ps7_cortexa9_0/libsrc/dmaps_v2_8/src"

TRACE::2026-04-26.19:21:08::SCWMssOS::make -C ps7_cortexa9_0/libsrc/dmaps_v2_8/src -s libs  "SHELL=CMD" "COMPILER=arm-none-eabi-gcc" "ASSEMBLER=arm-none-eabi-as" "AR
TRACE::2026-04-26.19:21:08::SCWMssOS::CHIVER=arm-none-eabi-ar" "COMPILER_FLAGS=  -O2 -c" "EXTRA_COMPILER_FLAGS=-mcpu=cortex-a9 -mfpu=vfpv3 -mfloat-abi=hard -nostartf
TRACE::2026-04-26.19:21:08::SCWMssOS::iles -g -Wall -Wextra -fno-tree-loop-distribute-patterns"

TRACE::2026-04-26.19:21:08::SCWMssOS::"Running Make libs in ps7_cortexa9_0/libsrc/emacps_v3_18/src"

TRACE::2026-04-26.19:21:08::SCWMssOS::make -C ps7_cortexa9_0/libsrc/emacps_v3_18/src -s libs  "SHELL=CMD" "COMPILER=arm-none-eabi-gcc" "ASSEMBLER=arm-none-eabi-as" "
TRACE::2026-04-26.19:21:08::SCWMssOS::ARCHIVER=arm-none-eabi-ar" "COMPILER_FLAGS=  -O2 -c" "EXTRA_COMPILER_FLAGS=-mcpu=cortex-a9 -mfpu=vfpv3 -mfloat-abi=hard -nostar
TRACE::2026-04-26.19:21:08::SCWMssOS::tfiles -g -Wall -Wextra -fno-tree-loop-distribute-patterns"

TRACE::2026-04-26.19:21:08::SCWMssOS::"Running Make libs in ps7_cortexa9_0/libsrc/gpiops_v3_11/src"

TRACE::2026-04-26.19:21:08::SCWMssOS::make -C ps7_cortexa9_0/libsrc/gpiops_v3_11/src -s libs  "SHELL=CMD" "COMPILER=arm-none-eabi-gcc" "ASSEMBLER=arm-none-eabi-as" "
TRACE::2026-04-26.19:21:08::SCWMssOS::ARCHIVER=arm-none-eabi-ar" "COMPILER_FLAGS=  -O2 -c" "EXTRA_COMPILER_FLAGS=-mcpu=cortex-a9 -mfpu=vfpv3 -mfloat-abi=hard -nostar
TRACE::2026-04-26.19:21:08::SCWMssOS::tfiles -g -Wall -Wextra -fno-tree-loop-distribute-patterns"

TRACE::2026-04-26.19:21:08::SCWMssOS::"Running Make libs in ps7_cortexa9_0/libsrc/gpio_v4_9/src"

TRACE::2026-04-26.19:21:08::SCWMssOS::make -C ps7_cortexa9_0/libsrc/gpio_v4_9/src -s libs  "SHELL=CMD" "COMPILER=arm-none-eabi-gcc" "ASSEMBLER=arm-none-eabi-as" "ARC
TRACE::2026-04-26.19:21:08::SCWMssOS::HIVER=arm-none-eabi-ar" "COMPILER_FLAGS=  -O2 -c" "EXTRA_COMPILER_FLAGS=-mcpu=cortex-a9 -mfpu=vfpv3 -mfloat-abi=hard -nostartfi
TRACE::2026-04-26.19:21:08::SCWMssOS::les -g -Wall -Wextra -fno-tree-loop-distribute-patterns"

TRACE::2026-04-26.19:21:08::SCWMssOS::"Running Make libs in ps7_cortexa9_0/libsrc/qspips_v3_10/src"

TRACE::2026-04-26.19:21:08::SCWMssOS::make -C ps7_cortexa9_0/libsrc/qspips_v3_10/src -s libs  "SHELL=CMD" "COMPILER=arm-none-eabi-gcc" "ASSEMBLER=arm-none-eabi-as" "
TRACE::2026-04-26.19:21:08::SCWMssOS::ARCHIVER=arm-none-eabi-ar" "COMPILER_FLAGS=  -O2 -c" "EXTRA_COMPILER_FLAGS=-mcpu=cortex-a9 -mfpu=vfpv3 -mfloat-abi=hard -nostar
TRACE::2026-04-26.19:21:08::SCWMssOS::tfiles -g -Wall -Wextra -fno-tree-loop-distribute-patterns"

TRACE::2026-04-26.19:21:09::SCWMssOS::"Running Make libs in ps7_cortexa9_0/libsrc/scugic_v5_1/src"

TRACE::2026-04-26.19:21:09::SCWMssOS::make -C ps7_cortexa9_0/libsrc/scugic_v5_1/src -s libs  "SHELL=CMD" "COMPILER=arm-none-eabi-gcc" "ASSEMBLER=arm-none-eabi-as" "A
TRACE::2026-04-26.19:21:09::SCWMssOS::RCHIVER=arm-none-eabi-ar" "COMPILER_FLAGS=  -O2 -c" "EXTRA_COMPILER_FLAGS=-mcpu=cortex-a9 -mfpu=vfpv3 -mfloat-abi=hard -nostart
TRACE::2026-04-26.19:21:09::SCWMssOS::files -g -Wall -Wextra -fno-tree-loop-distribute-patterns"

TRACE::2026-04-26.19:21:09::SCWMssOS::"Running Make libs in ps7_cortexa9_0/libsrc/scutimer_v2_4/src"

TRACE::2026-04-26.19:21:09::SCWMssOS::make -C ps7_cortexa9_0/libsrc/scutimer_v2_4/src -s libs  "SHELL=CMD" "COMPILER=arm-none-eabi-gcc" "ASSEMBLER=arm-none-eabi-as" 
TRACE::2026-04-26.19:21:09::SCWMssOS::"ARCHIVER=arm-none-eabi-ar" "COMPILER_FLAGS=  -O2 -c" "EXTRA_COMPILER_FLAGS=-mcpu=cortex-a9 -mfpu=vfpv3 -mfloat-abi=hard -nosta
TRACE::2026-04-26.19:21:09::SCWMssOS::rtfiles -g -Wall -Wextra -fno-tree-loop-distribute-patterns"

TRACE::2026-04-26.19:21:09::SCWMssOS::"Running Make libs in ps7_cortexa9_0/libsrc/scuwdt_v2_4/src"

TRACE::2026-04-26.19:21:09::SCWMssOS::make -C ps7_cortexa9_0/libsrc/scuwdt_v2_4/src -s libs  "SHELL=CMD" "COMPILER=arm-none-eabi-gcc" "ASSEMBLER=arm-none-eabi-as" "A
TRACE::2026-04-26.19:21:09::SCWMssOS::RCHIVER=arm-none-eabi-ar" "COMPILER_FLAGS=  -O2 -c" "EXTRA_COMPILER_FLAGS=-mcpu=cortex-a9 -mfpu=vfpv3 -mfloat-abi=hard -nostart
TRACE::2026-04-26.19:21:09::SCWMssOS::files -g -Wall -Wextra -fno-tree-loop-distribute-patterns"

TRACE::2026-04-26.19:21:09::SCWMssOS::"Running Make libs in ps7_cortexa9_0/libsrc/sdps_v4_1/src"

TRACE::2026-04-26.19:21:09::SCWMssOS::make -C ps7_cortexa9_0/libsrc/sdps_v4_1/src -s libs  "SHELL=CMD" "COMPILER=arm-none-eabi-gcc" "ASSEMBLER=arm-none-eabi-as" "ARC
TRACE::2026-04-26.19:21:09::SCWMssOS::HIVER=arm-none-eabi-ar" "COMPILER_FLAGS=  -O2 -c" "EXTRA_COMPILER_FLAGS=-mcpu=cortex-a9 -mfpu=vfpv3 -mfloat-abi=hard -nostartfi
TRACE::2026-04-26.19:21:09::SCWMssOS::les -g -Wall -Wextra -fno-tree-loop-distribute-patterns"

TRACE::2026-04-26.19:21:09::SCWMssOS::"Running Make libs in ps7_cortexa9_0/libsrc/standalone_v8_1/src"

TRACE::2026-04-26.19:21:09::SCWMssOS::make -C ps7_cortexa9_0/libsrc/standalone_v8_1/src -s libs  "SHELL=CMD" "COMPILER=arm-none-eabi-gcc" "ASSEMBLER=arm-none-eabi-as
TRACE::2026-04-26.19:21:09::SCWMssOS::" "ARCHIVER=arm-none-eabi-ar" "COMPILER_FLAGS=  -O2 -c" "EXTRA_COMPILER_FLAGS=-mcpu=cortex-a9 -mfpu=vfpv3 -mfloat-abi=hard -nos
TRACE::2026-04-26.19:21:09::SCWMssOS::tartfiles -g -Wall -Wextra -fno-tree-loop-distribute-patterns"

TRACE::2026-04-26.19:21:09::SCWMssOS::"Running Make libs in ps7_cortexa9_0/libsrc/uartps_v3_12/src"

TRACE::2026-04-26.19:21:09::SCWMssOS::make -C ps7_cortexa9_0/libsrc/uartps_v3_12/src -s libs  "SHELL=CMD" "COMPILER=arm-none-eabi-gcc" "ASSEMBLER=arm-none-eabi-as" "
TRACE::2026-04-26.19:21:09::SCWMssOS::ARCHIVER=arm-none-eabi-ar" "COMPILER_FLAGS=  -O2 -c" "EXTRA_COMPILER_FLAGS=-mcpu=cortex-a9 -mfpu=vfpv3 -mfloat-abi=hard -nostar
TRACE::2026-04-26.19:21:09::SCWMssOS::tfiles -g -Wall -Wextra -fno-tree-loop-distribute-patterns"

TRACE::2026-04-26.19:21:09::SCWMssOS::"Running Make libs in ps7_cortexa9_0/libsrc/usbps_v2_7/src"

TRACE::2026-04-26.19:21:09::SCWMssOS::make -C ps7_cortexa9_0/libsrc/usbps_v2_7/src -s libs  "SHELL=CMD" "COMPILER=arm-none-eabi-gcc" "ASSEMBLER=arm-none-eabi-as" "AR
TRACE::2026-04-26.19:21:09::SCWMssOS::CHIVER=arm-none-eabi-ar" "COMPILER_FLAGS=  -O2 -c" "EXTRA_COMPILER_FLAGS=-mcpu=cortex-a9 -mfpu=vfpv3 -mfloat-abi=hard -nostartf
TRACE::2026-04-26.19:21:09::SCWMssOS::iles -g -Wall -Wextra -fno-tree-loop-distribute-patterns"

TRACE::2026-04-26.19:21:10::SCWMssOS::"Running Make libs in ps7_cortexa9_0/libsrc/xadcps_v2_6/src"

TRACE::2026-04-26.19:21:10::SCWMssOS::make -C ps7_cortexa9_0/libsrc/xadcps_v2_6/src -s libs  "SHELL=CMD" "COMPILER=arm-none-eabi-gcc" "ASSEMBLER=arm-none-eabi-as" "A
TRACE::2026-04-26.19:21:10::SCWMssOS::RCHIVER=arm-none-eabi-ar" "COMPILER_FLAGS=  -O2 -c" "EXTRA_COMPILER_FLAGS=-mcpu=cortex-a9 -mfpu=vfpv3 -mfloat-abi=hard -nostart
TRACE::2026-04-26.19:21:10::SCWMssOS::files -g -Wall -Wextra -fno-tree-loop-distribute-patterns"

TRACE::2026-04-26.19:21:11::SCWMssOS::'Finished building libraries parallelly.'

TRACE::2026-04-26.19:21:11::SCWMssOS::make --no-print-directory archive

TRACE::2026-04-26.19:21:11::SCWMssOS::arm-none-eabi-ar -r  ps7_cortexa9_0/lib/libxil.a ps7_cortexa9_0/lib/_exit.o ps7_cortexa9_0/lib/_open.o ps7_cortexa9_0/lib/_sbrk
TRACE::2026-04-26.19:21:11::SCWMssOS::.o ps7_cortexa9_0/lib/abort.o ps7_cortexa9_0/lib/asm_vectors.o ps7_cortexa9_0/lib/boot.o ps7_cortexa9_0/lib/close.o ps7_cortexa
TRACE::2026-04-26.19:21:11::SCWMssOS::9_0/lib/cpputest_time.o ps7_cortexa9_0/lib/cpu_init.o ps7_cortexa9_0/lib/errno.o ps7_cortexa9_0/lib/fcntl.o ps7_cortexa9_0/lib/
TRACE::2026-04-26.19:21:11::SCWMssOS::fstat.o ps7_cortexa9_0/lib/getentropy.o ps7_cortexa9_0/lib/getpid.o ps7_cortexa9_0/lib/inbyte.o ps7_cortexa9_0/lib/isatty.o ps7
TRACE::2026-04-26.19:21:11::SCWMssOS::_cortexa9_0/lib/kill.o ps7_cortexa9_0/lib/lseek.o ps7_cortexa9_0/lib/open.o ps7_cortexa9_0/lib/outbyte.o ps7_cortexa9_0/lib/pri
TRACE::2026-04-26.19:21:11::SCWMssOS::nt.o ps7_cortexa9_0/lib/putnum.o ps7_cortexa9_0/lib/read.o ps7_cortexa9_0/lib/sbrk.o ps7_cortexa9_0/lib/sleep.o ps7_cortexa9_0/
TRACE::2026-04-26.19:21:11::SCWMssOS::lib/time.o ps7_cortexa9_0/lib/translation_table.o ps7_cortexa9_0/lib/unlink.o ps7_cortexa9_0/lib/usleep.o ps7_cortexa9_0/lib/ve
TRACE::2026-04-26.19:21:11::SCWMssOS::ctors.o ps7_cortexa9_0/lib/write.o ps7_cortexa9_0/lib/xadcps.o ps7_cortexa9_0/lib/xadcps_g.o ps7_cortexa9_0/lib/xadcps_intr.o p
TRACE::2026-04-26.19:21:11::SCWMssOS::s7_cortexa9_0/lib/xadcps_selftest.o ps7_cortexa9_0/lib/xadcps_sinit.o ps7_cortexa9_0/lib/xcoresightpsdcc.o ps7_cortexa9_0/lib/x
TRACE::2026-04-26.19:21:11::SCWMssOS::devcfg.o ps7_cortexa9_0/lib/xdevcfg_g.o ps7_cortexa9_0/lib/xdevcfg_hw.o ps7_cortexa9_0/lib/xdevcfg_intr.o ps7_cortexa9_0/lib/xd
TRACE::2026-04-26.19:21:11::SCWMssOS::evcfg_selftest.o ps7_cortexa9_0/lib/xdevcfg_sinit.o ps7_cortexa9_0/lib/xdmaps.o ps7_cortexa9_0/lib/xdmaps_g.o ps7_cortexa9_0/li
TRACE::2026-04-26.19:21:11::SCWMssOS::b/xdmaps_hw.o ps7_cortexa9_0/lib/xdmaps_selftest.o ps7_cortexa9_0/lib/xdmaps_sinit.o ps7_cortexa9_0/lib/xemacps.o ps7_cortexa9_
TRACE::2026-04-26.19:21:11::SCWMssOS::0/lib/xemacps_bdring.o ps7_cortexa9_0/lib/xemacps_control.o ps7_cortexa9_0/lib/xemacps_g.o ps7_cortexa9_0/lib/xemacps_hw.o ps7_
TRACE::2026-04-26.19:21:11::SCWMssOS::cortexa9_0/lib/xemacps_intr.o ps7_cortexa9_0/lib/xemacps_sinit.o ps7_cortexa9_0/lib/xgpio.o ps7_cortexa9_0/lib/xgpio_extra.o ps
TRACE::2026-04-26.19:21:11::SCWMssOS::7_cortexa9_0/lib/xgpio_g.o ps7_cortexa9_0/lib/xgpio_intr.o ps7_cortexa9_0/lib/xgpio_selftest.o ps7_cortexa9_0/lib/xgpio_sinit.o
TRACE::2026-04-26.19:21:11::SCWMssOS:: ps7_cortexa9_0/lib/xgpiops.o ps7_cortexa9_0/lib/xgpiops_g.o ps7_cortexa9_0/lib/xgpiops_hw.o ps7_cortexa9_0/lib/xgpiops_intr.o 
TRACE::2026-04-26.19:21:11::SCWMssOS::ps7_cortexa9_0/lib/xgpiops_selftest.o ps7_cortexa9_0/lib/xgpiops_sinit.o ps7_cortexa9_0/lib/xil-crt0.o ps7_cortexa9_0/lib/xil_a
TRACE::2026-04-26.19:21:11::SCWMssOS::ssert.o ps7_cortexa9_0/lib/xil_cache.o ps7_cortexa9_0/lib/xil_clocking.o ps7_cortexa9_0/lib/xil_exception.o ps7_cortexa9_0/lib/
TRACE::2026-04-26.19:21:11::SCWMssOS::xil_mem.o ps7_cortexa9_0/lib/xil_misc_psreset_api.o ps7_cortexa9_0/lib/xil_mmu.o ps7_cortexa9_0/lib/xil_printf.o ps7_cortexa9_0
TRACE::2026-04-26.19:21:11::SCWMssOS::/lib/xil_sleepcommon.o ps7_cortexa9_0/lib/xil_sleeptimer.o ps7_cortexa9_0/lib/xil_spinlock.o ps7_cortexa9_0/lib/xil_testcache.o
TRACE::2026-04-26.19:21:11::SCWMssOS:: ps7_cortexa9_0/lib/xil_testio.o ps7_cortexa9_0/lib/xil_testmem.o ps7_cortexa9_0/lib/xil_util.o ps7_cortexa9_0/lib/xinterrupt_w
TRACE::2026-04-26.19:21:11::SCWMssOS::rap.o ps7_cortexa9_0/lib/xl2cc_counter.o ps7_cortexa9_0/lib/xplatform_info.o ps7_cortexa9_0/lib/xpm_counter.o ps7_cortexa9_0/li
TRACE::2026-04-26.19:21:11::SCWMssOS::b/xqspips.o ps7_cortexa9_0/lib/xqspips_g.o ps7_cortexa9_0/lib/xqspips_hw.o ps7_cortexa9_0/lib/xqspips_options.o ps7_cortexa9_0/
TRACE::2026-04-26.19:21:11::SCWMssOS::lib/xqspips_selftest.o ps7_cortexa9_0/lib/xqspips_sinit.o ps7_cortexa9_0/lib/xscugic.o ps7_cortexa9_0/lib/xscugic_g.o ps7_corte
TRACE::2026-04-26.19:21:11::SCWMssOS::xa9_0/lib/xscugic_hw.o ps7_cortexa9_0/lib/xscugic_intr.o ps7_cortexa9_0/lib/xscugic_selftest.o ps7_cortexa9_0/lib/xscugic_sinit
TRACE::2026-04-26.19:21:11::SCWMssOS::.o ps7_cortexa9_0/lib/xscutimer.o ps7_cortexa9_0/lib/xscutimer_g.o ps7_cortexa9_0/lib/xscutimer_selftest.o ps7_cortexa9_0/lib/x
TRACE::2026-04-26.19:21:11::SCWMssOS::scutimer_sinit.o ps7_cortexa9_0/lib/xscuwdt.o ps7_cortexa9_0/lib/xscuwdt_g.o ps7_cortexa9_0/lib/xscuwdt_selftest.o ps7_cortexa9
TRACE::2026-04-26.19:21:11::SCWMssOS::_0/lib/xscuwdt_sinit.o ps7_cortexa9_0/lib/xsdps.o ps7_cortexa9_0/lib/xsdps_card.o ps7_cortexa9_0/lib/xsdps_g.o ps7_cortexa9_0/l
TRACE::2026-04-26.19:21:11::SCWMssOS::ib/xsdps_host.o ps7_cortexa9_0/lib/xsdps_options.o ps7_cortexa9_0/lib/xsdps_sinit.o ps7_cortexa9_0/lib/xtime_l.o ps7_cortexa9_0
TRACE::2026-04-26.19:21:11::SCWMssOS::/lib/xuartps.o ps7_cortexa9_0/lib/xuartps_g.o ps7_cortexa9_0/lib/xuartps_hw.o ps7_cortexa9_0/lib/xuartps_intr.o ps7_cortexa9_0/
TRACE::2026-04-26.19:21:11::SCWMssOS::lib/xuartps_options.o ps7_cortexa9_0/lib/xuartps_selftest.o ps7_cortexa9_0/lib/xuartps_sinit.o ps7_cortexa9_0/lib/xusbps.o ps7_
TRACE::2026-04-26.19:21:11::SCWMssOS::cortexa9_0/lib/xusbps_endpoint.o ps7_cortexa9_0/lib/xusbps_g.o ps7_cortexa9_0/lib/xusbps_hw.o ps7_cortexa9_0/lib/xusbps_intr.o 
TRACE::2026-04-26.19:21:11::SCWMssOS::ps7_cortexa9_0/lib/xusbps_sinit.o

TRACE::2026-04-26.19:21:11::SCWMssOS::'Finished building libraries'

TRACE::2026-04-26.19:21:11::SCWMssOS:: Checking if to create the Supporting Applications
TRACE::2026-04-26.19:21:11::SCWMssOS:: No Linux domain exists, trying to generate FSBL 
LOG::2026-04-26.19:21:11::SCWSystem::Completed Processing the domain standalone_domain
LOG::2026-04-26.19:21:11::SCWSystem::Completed Processing the sysconfig signal_detect_platform
LOG::2026-04-26.19:21:11::SCWPlatform::Completed generating the artifacts for system configuration signal_detect_platform
TRACE::2026-04-26.19:21:11::SCWPlatform::Started preparing the platform 
TRACE::2026-04-26.19:21:11::SCWSystem::Writing the bif file for system config signal_detect_platform
TRACE::2026-04-26.19:21:11::SCWSystem::dir created 
TRACE::2026-04-26.19:21:11::SCWSystem::Writing the bif 
TRACE::2026-04-26.19:21:11::SCWPlatform::Started writing the spfm file 
TRACE::2026-04-26.19:21:11::SCWPlatform::Started writing the xpfm file 
TRACE::2026-04-26.19:21:11::SCWPlatform::Completed generating the platform
TRACE::2026-04-26.19:21:11::SCWMssOS::Saving the mss changes C:/Users/suren/Documents/ECE_520/Final_Project/Sandbox/signal_detect_vitis/signal_detect_platform/zynq_fsbl/zynq_fsbl_bsp/system.mss
TRACE::2026-04-26.19:21:11::SCWMssOS::Found a swdesign opened with the mssfile.
TRACE::2026-04-26.19:21:11::SCWMssOS::Completed writemss as part of save.
TRACE::2026-04-26.19:21:11::SCWMssOS::Commit changes completed.
TRACE::2026-04-26.19:21:11::SCWMssOS::Saving the mss changes C:/Users/suren/Documents/ECE_520/Final_Project/Sandbox/signal_detect_vitis/signal_detect_platform/ps7_cortexa9_0/standalone_domain/bsp/system.mss
TRACE::2026-04-26.19:21:11::SCWMssOS::Adding the swdes entry, mss present, able to open swdb C:/Users/suren/Documents/ECE_520/Final_Project/Sandbox/signal_detect_vitis/signal_detect_platform/ps7_cortexa9_0/standalone_domain/bsp/system.mss with des name system_0
TRACE::2026-04-26.19:21:11::SCWMssOS::Writing the mss file completed C:/Users/suren/Documents/ECE_520/Final_Project/Sandbox/signal_detect_vitis/signal_detect_platform/ps7_cortexa9_0/standalone_domain/bsp/system.mss
TRACE::2026-04-26.19:21:11::SCWMssOS::Commit changes completed.
TRACE::2026-04-26.19:21:11::SCWPlatform::Trying to open the hw design at C:/Users/suren/Documents/ECE_520/Final_Project/Sandbox/signal_detect_vitis/signal_detect_platform/hw/signal_detect_bd_wrapper.xsa
TRACE::2026-04-26.19:21:11::SCWPlatform::DSA given C:/Users/suren/Documents/ECE_520/Final_Project/Sandbox/signal_detect_vitis/signal_detect_platform/hw/signal_detect_bd_wrapper.xsa
TRACE::2026-04-26.19:21:11::SCWPlatform::DSA absoulate path C:/Users/suren/Documents/ECE_520/Final_Project/Sandbox/signal_detect_vitis/signal_detect_platform/hw/signal_detect_bd_wrapper.xsa
TRACE::2026-04-26.19:21:11::SCWPlatform::DSA directory C:/Users/suren/Documents/ECE_520/Final_Project/Sandbox/signal_detect_vitis/signal_detect_platform/hw
TRACE::2026-04-26.19:21:11::SCWPlatform:: Platform Path C:/Users/suren/Documents/ECE_520/Final_Project/Sandbox/signal_detect_vitis/signal_detect_platform/hw/signal_detect_bd_wrapper.xsa
TRACE::2026-04-26.19:21:11::SCWPlatform:: Unique name xilinx:zybo-z7-10::0.0
TRACE::2026-04-26.19:21:11::SCWPlatform::Trying to set the existing hwdb with name signal_detect_bd_wrapper_12
TRACE::2026-04-26.19:21:11::SCWPlatform::Opened existing hwdb signal_detect_bd_wrapper_12
TRACE::2026-04-26.19:21:11::SCWPlatform::Found the Hw Db part of the input DSA
TRACE::2026-04-26.19:21:11::SCWMssOS::Checking the sw design at  C:/Users/suren/Documents/ECE_520/Final_Project/Sandbox/signal_detect_vitis/signal_detect_platform/zynq_fsbl/zynq_fsbl_bsp/system.mss
TRACE::2026-04-26.19:21:11::SCWMssOS::DEBUG:  swdes dump  C:/Users/suren/Documents/ECE_520/Final_Project/Sandbox/signal_detect_vitis/signal_detect_platform/ps7_cortexa9_0/standalone_domain/bsp/system.mss|system_0||
C:/Users/suren/Documents/ECE_520/Final_Project/Sandbox/signal_detect_vitis/signal_detect_platform/zynq_fsbl/zynq_fsbl_bsp/system.mss|system||

TRACE::2026-04-26.19:21:11::SCWMssOS::Sw design exists and opened at  C:/Users/suren/Documents/ECE_520/Final_Project/Sandbox/signal_detect_vitis/signal_detect_platform/zynq_fsbl/zynq_fsbl_bsp/system.mss
TRACE::2026-04-26.19:21:11::SCWPlatform::Trying to open the hw design at C:/Users/suren/Documents/ECE_520/Final_Project/Sandbox/signal_detect_vitis/signal_detect_platform/hw/signal_detect_bd_wrapper.xsa
TRACE::2026-04-26.19:21:11::SCWPlatform::DSA given C:/Users/suren/Documents/ECE_520/Final_Project/Sandbox/signal_detect_vitis/signal_detect_platform/hw/signal_detect_bd_wrapper.xsa
TRACE::2026-04-26.19:21:11::SCWPlatform::DSA absoulate path C:/Users/suren/Documents/ECE_520/Final_Project/Sandbox/signal_detect_vitis/signal_detect_platform/hw/signal_detect_bd_wrapper.xsa
TRACE::2026-04-26.19:21:11::SCWPlatform::DSA directory C:/Users/suren/Documents/ECE_520/Final_Project/Sandbox/signal_detect_vitis/signal_detect_platform/hw
TRACE::2026-04-26.19:21:11::SCWPlatform:: Platform Path C:/Users/suren/Documents/ECE_520/Final_Project/Sandbox/signal_detect_vitis/signal_detect_platform/hw/signal_detect_bd_wrapper.xsa
TRACE::2026-04-26.19:21:11::SCWPlatform:: Unique name xilinx:zybo-z7-10::0.0
TRACE::2026-04-26.19:21:11::SCWPlatform::Trying to set the existing hwdb with name signal_detect_bd_wrapper_12
TRACE::2026-04-26.19:21:11::SCWPlatform::Opened existing hwdb signal_detect_bd_wrapper_12
TRACE::2026-04-26.19:21:11::SCWPlatform::Found the Hw Db part of the input DSA
TRACE::2026-04-26.19:21:11::SCWMssOS::Checking the sw design at  C:/Users/suren/Documents/ECE_520/Final_Project/Sandbox/signal_detect_vitis/signal_detect_platform/ps7_cortexa9_0/standalone_domain/bsp/system.mss
TRACE::2026-04-26.19:21:11::SCWMssOS::DEBUG:  swdes dump  C:/Users/suren/Documents/ECE_520/Final_Project/Sandbox/signal_detect_vitis/signal_detect_platform/ps7_cortexa9_0/standalone_domain/bsp/system.mss|system_0||
C:/Users/suren/Documents/ECE_520/Final_Project/Sandbox/signal_detect_vitis/signal_detect_platform/zynq_fsbl/zynq_fsbl_bsp/system.mss|system||

TRACE::2026-04-26.19:21:11::SCWMssOS::Sw design exists and opened at  C:/Users/suren/Documents/ECE_520/Final_Project/Sandbox/signal_detect_vitis/signal_detect_platform/ps7_cortexa9_0/standalone_domain/bsp/system.mss
TRACE::2026-04-26.19:21:11::SCWWriter::formatted JSON is {
	"platformName":	"signal_detect_platform",
	"sprVersion":	"2.0",
	"mode":	"gui",
	"dsaType":	"Fixed",
	"platformDesc":	"signal_detect_platform",
	"platHandOff":	"C:/Users/suren/Documents/ECE_520/Final_Project/Sandbox/signal_detect_sb/signal_detect_bd_wrapper.xsa",
	"platIntHandOff":	"<platformDir>/hw/signal_detect_bd_wrapper.xsa",
	"deviceType":	"zynq",
	"platIsPrebuiltAutogen":	"false",
	"platIsNoBootBsp":	"false",
	"hasFsblMakeHasChanges":	"false",
	"hasPmufwMakeHasChanges":	"false",
	"fsblExtraCompilerFlags":	"-MMD -MP       -mcpu=cortex-a9 -mfpu=vfpv3 -mfloat-abi=hard ",
	"platPreBuiltFlag":	false,
	"platformSamplesDir":	"",
	"platActiveSys":	"signal_detect_platform",
	"systems":	[{
			"systemName":	"signal_detect_platform",
			"systemDesc":	"signal_detect_platform",
			"sysIsBootAutoGen":	"true",
			"systemDispName":	"signal_detect_platform",
			"sysActiveDom":	"standalone_domain",
			"sysDefaultDom":	"standalone_domain",
			"domains":	[{
					"domainName":	"zynq_fsbl",
					"domainDispName":	"zynq_fsbl",
					"domainDesc":	"FSBL Application BSP - Auto Generated.",
					"processors":	"ps7_cortexa9_0",
					"os":	"standalone",
					"sdxOs":	"standalone",
					"debugEnable":	"",
					"domRuntimes":	["cpp"],
					"swRepo":	"",
					"mssOsVer":	"8.1",
					"mssFile":	"",
					"md5Digest":	"24e81f5df4a1b28986eb4269e22351fe1",
					"compatibleApp":	"zynq_fsbl",
					"domType":	"bootDomain",
					"arch":	"32-bit",
					"appSettings":	{
						"appCompilerFlags":	"",
						"appLinkerFlags":	""
					},
					"addedLibs":	["xilffs:5.0", "xilrsa:1.6"],
					"libOptions":	{
						"libsContainingOptions":	[]
					},
					"prebuiltLibs":	{
						"prebuiltIncPath":	[],
						"prebuiltLibPath":	[]
					},
					"isolation":	{
					}
				}, {
					"domainName":	"standalone_domain",
					"domainDispName":	"standalone on ps7_cortexa9_0",
					"domainDesc":	"standalone_domain",
					"processors":	"ps7_cortexa9_0",
					"os":	"standalone",
					"sdxOs":	"standalone",
					"qemuArgs":	"<platformDir>/resources/signal_detect_platform/standalone_domain/qemu_args.txt",
					"qemuData":	"<platformDir>/resources/signal_detect_platform/standalone_domain/qemu",
					"debugEnable":	"False",
					"domRuntimes":	["cpp"],
					"swRepo":	"",
					"mssOsVer":	"8.1",
					"mssFile":	"",
					"md5Digest":	"9d9647dd92d7d30efd40c762a4ad2096",
					"compatibleApp":	"",
					"domType":	"mssDomain",
					"appSettings":	{
						"appCompilerFlags":	"",
						"appLinkerFlags":	""
					},
					"addedLibs":	[],
					"libOptions":	{
						"libsContainingOptions":	[]
					},
					"prebuiltLibs":	{
						"prebuiltIncPath":	[],
						"prebuiltLibPath":	[]
					},
					"isolation":	{
					}
				}]
		}]
}
KEYINFO::2026-04-26.19:21:11::SCWPlatform::updated the xpfm file.
TRACE::2026-04-26.19:21:12::SCWPlatform::Trying to open the hw design at C:/Users/suren/Documents/ECE_520/Final_Project/Sandbox/signal_detect_vitis/signal_detect_platform/hw/signal_detect_bd_wrapper.xsa
TRACE::2026-04-26.19:21:12::SCWPlatform::DSA given C:/Users/suren/Documents/ECE_520/Final_Project/Sandbox/signal_detect_vitis/signal_detect_platform/hw/signal_detect_bd_wrapper.xsa
TRACE::2026-04-26.19:21:12::SCWPlatform::DSA absoulate path C:/Users/suren/Documents/ECE_520/Final_Project/Sandbox/signal_detect_vitis/signal_detect_platform/hw/signal_detect_bd_wrapper.xsa
TRACE::2026-04-26.19:21:12::SCWPlatform::DSA directory C:/Users/suren/Documents/ECE_520/Final_Project/Sandbox/signal_detect_vitis/signal_detect_platform/hw
TRACE::2026-04-26.19:21:12::SCWPlatform:: Platform Path C:/Users/suren/Documents/ECE_520/Final_Project/Sandbox/signal_detect_vitis/signal_detect_platform/hw/signal_detect_bd_wrapper.xsa
TRACE::2026-04-26.19:21:12::SCWPlatform:: Unique name xilinx:zybo-z7-10::0.0
TRACE::2026-04-26.19:21:12::SCWPlatform::Trying to set the existing hwdb with name signal_detect_bd_wrapper_12
TRACE::2026-04-26.19:21:12::SCWPlatform::Opened existing hwdb signal_detect_bd_wrapper_12
TRACE::2026-04-26.19:21:12::SCWPlatform::Found the Hw Db part of the input DSA
TRACE::2026-04-26.19:21:12::SCWMssOS::Checking the sw design at  C:/Users/suren/Documents/ECE_520/Final_Project/Sandbox/signal_detect_vitis/signal_detect_platform/ps7_cortexa9_0/standalone_domain/bsp/system.mss
TRACE::2026-04-26.19:21:12::SCWMssOS::DEBUG:  swdes dump  C:/Users/suren/Documents/ECE_520/Final_Project/Sandbox/signal_detect_vitis/signal_detect_platform/ps7_cortexa9_0/standalone_domain/bsp/system.mss|system_0||
C:/Users/suren/Documents/ECE_520/Final_Project/Sandbox/signal_detect_vitis/signal_detect_platform/zynq_fsbl/zynq_fsbl_bsp/system.mss|system||

TRACE::2026-04-26.19:21:12::SCWMssOS::Sw design exists and opened at  C:/Users/suren/Documents/ECE_520/Final_Project/Sandbox/signal_detect_vitis/signal_detect_platform/ps7_cortexa9_0/standalone_domain/bsp/system.mss
TRACE::2026-04-26.19:26:43::SCWPlatform::DSA given C:/Users/suren/Documents/ECE_520/Final_Project/Sandbox/signal_detect_vitis/signal_detect_platform/tempdsa/signal_detect_bd_wrapper.xsa
TRACE::2026-04-26.19:26:43::SCWPlatform::DSA absoulate path C:/Users/suren/Documents/ECE_520/Final_Project/Sandbox/signal_detect_vitis/signal_detect_platform/tempdsa/signal_detect_bd_wrapper.xsa
TRACE::2026-04-26.19:26:43::SCWPlatform:: Platform location is C:/Users/suren/Documents/ECE_520/Final_Project/Sandbox/signal_detect_vitis/signal_detect_platform/tempdsa
TRACE::2026-04-26.19:26:43::SCWPlatform:: Platform Path C:/Users/suren/Documents/ECE_520/Final_Project/Sandbox/signal_detect_vitis/signal_detect_platform/tempdsa/signal_detect_bd_wrapper.xsa
TRACE::2026-04-26.19:26:43::SCWPlatform:: Unique name xilinx:zybo-z7-10::0.0
TRACE::2026-04-26.19:26:44::SCWPlatform::Found the Hw Db part of the input DSA
TRACE::2026-04-26.19:26:44::SCWMssOS::Doing hw sync for the mss in domain: zynq_fsbl
TRACE::2026-04-26.19:26:44::SCWPlatform::Trying to open the hw design at C:/Users/suren/Documents/ECE_520/Final_Project/Sandbox/signal_detect_vitis/signal_detect_platform/hw/signal_detect_bd_wrapper.xsa
TRACE::2026-04-26.19:26:44::SCWPlatform::DSA given C:/Users/suren/Documents/ECE_520/Final_Project/Sandbox/signal_detect_vitis/signal_detect_platform/hw/signal_detect_bd_wrapper.xsa
TRACE::2026-04-26.19:26:44::SCWPlatform::DSA absoulate path C:/Users/suren/Documents/ECE_520/Final_Project/Sandbox/signal_detect_vitis/signal_detect_platform/hw/signal_detect_bd_wrapper.xsa
TRACE::2026-04-26.19:26:44::SCWPlatform::DSA directory C:/Users/suren/Documents/ECE_520/Final_Project/Sandbox/signal_detect_vitis/signal_detect_platform/hw
TRACE::2026-04-26.19:26:44::SCWPlatform:: Platform Path C:/Users/suren/Documents/ECE_520/Final_Project/Sandbox/signal_detect_vitis/signal_detect_platform/hw/signal_detect_bd_wrapper.xsa
TRACE::2026-04-26.19:26:44::SCWPlatform:: Unique name xilinx:zybo-z7-10::0.0
TRACE::2026-04-26.19:26:44::SCWPlatform::Trying to set the existing hwdb with name signal_detect_bd_wrapper_12
TRACE::2026-04-26.19:26:44::SCWPlatform::Opened existing hwdb signal_detect_bd_wrapper_12
TRACE::2026-04-26.19:26:44::SCWPlatform::Found the Hw Db part of the input DSA
TRACE::2026-04-26.19:26:44::SCWPlatform::Trying to open the hw design at C:/Users/suren/Documents/ECE_520/Final_Project/Sandbox/signal_detect_vitis/signal_detect_platform/hw/signal_detect_bd_wrapper.xsa
TRACE::2026-04-26.19:26:44::SCWPlatform::DSA given C:/Users/suren/Documents/ECE_520/Final_Project/Sandbox/signal_detect_vitis/signal_detect_platform/hw/signal_detect_bd_wrapper.xsa
TRACE::2026-04-26.19:26:44::SCWPlatform::DSA absoulate path C:/Users/suren/Documents/ECE_520/Final_Project/Sandbox/signal_detect_vitis/signal_detect_platform/hw/signal_detect_bd_wrapper.xsa
TRACE::2026-04-26.19:26:44::SCWPlatform::DSA directory C:/Users/suren/Documents/ECE_520/Final_Project/Sandbox/signal_detect_vitis/signal_detect_platform/hw
TRACE::2026-04-26.19:26:44::SCWPlatform:: Platform Path C:/Users/suren/Documents/ECE_520/Final_Project/Sandbox/signal_detect_vitis/signal_detect_platform/hw/signal_detect_bd_wrapper.xsa
TRACE::2026-04-26.19:26:44::SCWPlatform:: Unique name xilinx:zybo-z7-10::0.0
TRACE::2026-04-26.19:26:44::SCWPlatform::Trying to set the existing hwdb with name signal_detect_bd_wrapper_12
TRACE::2026-04-26.19:26:44::SCWPlatform::Opened existing hwdb signal_detect_bd_wrapper_12
TRACE::2026-04-26.19:26:44::SCWPlatform::Found the Hw Db part of the input DSA
TRACE::2026-04-26.19:26:44::SCWMssOS::Checking the sw design at  C:/Users/suren/Documents/ECE_520/Final_Project/Sandbox/signal_detect_vitis/signal_detect_platform/zynq_fsbl/zynq_fsbl_bsp/system.mss
TRACE::2026-04-26.19:26:44::SCWMssOS::DEBUG:  swdes dump  C:/Users/suren/Documents/ECE_520/Final_Project/Sandbox/signal_detect_vitis/signal_detect_platform/ps7_cortexa9_0/standalone_domain/bsp/system.mss|system_0||
C:/Users/suren/Documents/ECE_520/Final_Project/Sandbox/signal_detect_vitis/signal_detect_platform/zynq_fsbl/zynq_fsbl_bsp/system.mss|system||

TRACE::2026-04-26.19:26:44::SCWMssOS::Sw design exists and opened at  C:/Users/suren/Documents/ECE_520/Final_Project/Sandbox/signal_detect_vitis/signal_detect_platform/zynq_fsbl/zynq_fsbl_bsp/system.mss
TRACE::2026-04-26.19:26:44::SCWPlatform::Trying to open the hw design at C:/Users/suren/Documents/ECE_520/Final_Project/Sandbox/signal_detect_vitis/signal_detect_platform/tempdsa/signal_detect_bd_wrapper.xsa
TRACE::2026-04-26.19:26:44::SCWPlatform::DSA given C:/Users/suren/Documents/ECE_520/Final_Project/Sandbox/signal_detect_vitis/signal_detect_platform/tempdsa/signal_detect_bd_wrapper.xsa
TRACE::2026-04-26.19:26:44::SCWPlatform::DSA absoulate path C:/Users/suren/Documents/ECE_520/Final_Project/Sandbox/signal_detect_vitis/signal_detect_platform/tempdsa/signal_detect_bd_wrapper.xsa
TRACE::2026-04-26.19:26:44::SCWPlatform::DSA directory C:/Users/suren/Documents/ECE_520/Final_Project/Sandbox/signal_detect_vitis/signal_detect_platform/tempdsa
TRACE::2026-04-26.19:26:44::SCWPlatform:: Platform Path C:/Users/suren/Documents/ECE_520/Final_Project/Sandbox/signal_detect_vitis/signal_detect_platform/tempdsa/signal_detect_bd_wrapper.xsa
TRACE::2026-04-26.19:26:44::SCWPlatform:: Unique name xilinx:zybo-z7-10::0.0
TRACE::2026-04-26.19:26:44::SCWPlatform::update - Opened existing hwdb signal_detect_bd_wrapper_14
TRACE::2026-04-26.19:26:44::SCWPlatform::Found the Hw Db part of the input DSA
TRACE::2026-04-26.19:26:44::SCWMssOS::Doing hw sync for the mss in domain: standalone_domain
TRACE::2026-04-26.19:26:44::SCWPlatform::Trying to open the hw design at C:/Users/suren/Documents/ECE_520/Final_Project/Sandbox/signal_detect_vitis/signal_detect_platform/hw/signal_detect_bd_wrapper.xsa
TRACE::2026-04-26.19:26:44::SCWPlatform::DSA given C:/Users/suren/Documents/ECE_520/Final_Project/Sandbox/signal_detect_vitis/signal_detect_platform/hw/signal_detect_bd_wrapper.xsa
TRACE::2026-04-26.19:26:44::SCWPlatform::DSA absoulate path C:/Users/suren/Documents/ECE_520/Final_Project/Sandbox/signal_detect_vitis/signal_detect_platform/hw/signal_detect_bd_wrapper.xsa
TRACE::2026-04-26.19:26:44::SCWPlatform::DSA directory C:/Users/suren/Documents/ECE_520/Final_Project/Sandbox/signal_detect_vitis/signal_detect_platform/hw
TRACE::2026-04-26.19:26:44::SCWPlatform:: Platform Path C:/Users/suren/Documents/ECE_520/Final_Project/Sandbox/signal_detect_vitis/signal_detect_platform/hw/signal_detect_bd_wrapper.xsa
TRACE::2026-04-26.19:26:44::SCWPlatform:: Unique name xilinx:zybo-z7-10::0.0
TRACE::2026-04-26.19:26:44::SCWPlatform::Trying to set the existing hwdb with name signal_detect_bd_wrapper_12
TRACE::2026-04-26.19:26:44::SCWPlatform::Opened existing hwdb signal_detect_bd_wrapper_12
TRACE::2026-04-26.19:26:44::SCWPlatform::Found the Hw Db part of the input DSA
TRACE::2026-04-26.19:26:44::SCWPlatform::Trying to open the hw design at C:/Users/suren/Documents/ECE_520/Final_Project/Sandbox/signal_detect_vitis/signal_detect_platform/hw/signal_detect_bd_wrapper.xsa
TRACE::2026-04-26.19:26:44::SCWPlatform::DSA given C:/Users/suren/Documents/ECE_520/Final_Project/Sandbox/signal_detect_vitis/signal_detect_platform/hw/signal_detect_bd_wrapper.xsa
TRACE::2026-04-26.19:26:44::SCWPlatform::DSA absoulate path C:/Users/suren/Documents/ECE_520/Final_Project/Sandbox/signal_detect_vitis/signal_detect_platform/hw/signal_detect_bd_wrapper.xsa
TRACE::2026-04-26.19:26:44::SCWPlatform::DSA directory C:/Users/suren/Documents/ECE_520/Final_Project/Sandbox/signal_detect_vitis/signal_detect_platform/hw
TRACE::2026-04-26.19:26:44::SCWPlatform:: Platform Path C:/Users/suren/Documents/ECE_520/Final_Project/Sandbox/signal_detect_vitis/signal_detect_platform/hw/signal_detect_bd_wrapper.xsa
TRACE::2026-04-26.19:26:44::SCWPlatform:: Unique name xilinx:zybo-z7-10::0.0
TRACE::2026-04-26.19:26:44::SCWPlatform::Trying to set the existing hwdb with name signal_detect_bd_wrapper_12
TRACE::2026-04-26.19:26:44::SCWPlatform::Opened existing hwdb signal_detect_bd_wrapper_12
TRACE::2026-04-26.19:26:44::SCWPlatform::Found the Hw Db part of the input DSA
TRACE::2026-04-26.19:26:44::SCWMssOS::Checking the sw design at  C:/Users/suren/Documents/ECE_520/Final_Project/Sandbox/signal_detect_vitis/signal_detect_platform/ps7_cortexa9_0/standalone_domain/bsp/system.mss
TRACE::2026-04-26.19:26:44::SCWMssOS::DEBUG:  swdes dump  C:/Users/suren/Documents/ECE_520/Final_Project/Sandbox/signal_detect_vitis/signal_detect_platform/ps7_cortexa9_0/standalone_domain/bsp/system.mss|system_0||
C:/Users/suren/Documents/ECE_520/Final_Project/Sandbox/signal_detect_vitis/signal_detect_platform/zynq_fsbl/zynq_fsbl_bsp/system.mss|system||

TRACE::2026-04-26.19:26:44::SCWMssOS::Sw design exists and opened at  C:/Users/suren/Documents/ECE_520/Final_Project/Sandbox/signal_detect_vitis/signal_detect_platform/ps7_cortexa9_0/standalone_domain/bsp/system.mss
TRACE::2026-04-26.19:26:44::SCWPlatform::Trying to open the hw design at C:/Users/suren/Documents/ECE_520/Final_Project/Sandbox/signal_detect_vitis/signal_detect_platform/tempdsa/signal_detect_bd_wrapper.xsa
TRACE::2026-04-26.19:26:44::SCWPlatform::DSA given C:/Users/suren/Documents/ECE_520/Final_Project/Sandbox/signal_detect_vitis/signal_detect_platform/tempdsa/signal_detect_bd_wrapper.xsa
TRACE::2026-04-26.19:26:44::SCWPlatform::DSA absoulate path C:/Users/suren/Documents/ECE_520/Final_Project/Sandbox/signal_detect_vitis/signal_detect_platform/tempdsa/signal_detect_bd_wrapper.xsa
TRACE::2026-04-26.19:26:44::SCWPlatform::DSA directory C:/Users/suren/Documents/ECE_520/Final_Project/Sandbox/signal_detect_vitis/signal_detect_platform/tempdsa
TRACE::2026-04-26.19:26:44::SCWPlatform:: Platform Path C:/Users/suren/Documents/ECE_520/Final_Project/Sandbox/signal_detect_vitis/signal_detect_platform/tempdsa/signal_detect_bd_wrapper.xsa
TRACE::2026-04-26.19:26:44::SCWPlatform:: Unique name xilinx:zybo-z7-10::0.0
TRACE::2026-04-26.19:26:44::SCWPlatform::update - Opened existing hwdb signal_detect_bd_wrapper_14
TRACE::2026-04-26.19:26:44::SCWPlatform::Found the Hw Db part of the input DSA
TRACE::2026-04-26.19:26:44::SCWMssOS::Saving the mss changes C:/Users/suren/Documents/ECE_520/Final_Project/Sandbox/signal_detect_vitis/signal_detect_platform/zynq_fsbl/zynq_fsbl_bsp/system.mss
TRACE::2026-04-26.19:26:44::SCWMssOS::Found a swdesign opened with the mssfile.
TRACE::2026-04-26.19:26:44::SCWMssOS::Completed writemss as part of save.
TRACE::2026-04-26.19:26:44::SCWMssOS::Commit changes completed.
TRACE::2026-04-26.19:26:44::SCWMssOS::Completed hw sync for the mss in domain: zynq_fsbl
TRACE::2026-04-26.19:26:44::SCWMssOS::Removing the swdes entry for  C:/Users/suren/Documents/ECE_520/Final_Project/Sandbox/signal_detect_vitis/signal_detect_platform/zynq_fsbl/zynq_fsbl_bsp/system.mss
TRACE::2026-04-26.19:26:44::SCWMssOS::Saving the mss changes C:/Users/suren/Documents/ECE_520/Final_Project/Sandbox/signal_detect_vitis/signal_detect_platform/ps7_cortexa9_0/standalone_domain/bsp/system.mss
TRACE::2026-04-26.19:26:44::SCWMssOS::Found a swdesign opened with the mssfile.
TRACE::2026-04-26.19:26:44::SCWMssOS::Completed writemss as part of save.
TRACE::2026-04-26.19:26:44::SCWMssOS::Commit changes completed.
TRACE::2026-04-26.19:26:44::SCWMssOS::Completed hw sync for the mss in domain: standalone_domain
TRACE::2026-04-26.19:26:44::SCWMssOS::Removing the swdes entry for  C:/Users/suren/Documents/ECE_520/Final_Project/Sandbox/signal_detect_vitis/signal_detect_platform/ps7_cortexa9_0/standalone_domain/bsp/system.mss
TRACE::2026-04-26.19:26:44::SCWPlatform::Trying to open the hw design at C:/Users/suren/Documents/ECE_520/Final_Project/Sandbox/signal_detect_vitis/signal_detect_platform/hw/signal_detect_bd_wrapper.xsa
TRACE::2026-04-26.19:26:44::SCWPlatform::DSA given C:/Users/suren/Documents/ECE_520/Final_Project/Sandbox/signal_detect_vitis/signal_detect_platform/hw/signal_detect_bd_wrapper.xsa
TRACE::2026-04-26.19:26:44::SCWPlatform::DSA absoulate path C:/Users/suren/Documents/ECE_520/Final_Project/Sandbox/signal_detect_vitis/signal_detect_platform/hw/signal_detect_bd_wrapper.xsa
TRACE::2026-04-26.19:26:44::SCWPlatform::DSA directory C:/Users/suren/Documents/ECE_520/Final_Project/Sandbox/signal_detect_vitis/signal_detect_platform/hw
TRACE::2026-04-26.19:26:44::SCWPlatform:: Platform Path C:/Users/suren/Documents/ECE_520/Final_Project/Sandbox/signal_detect_vitis/signal_detect_platform/hw/signal_detect_bd_wrapper.xsa
TRACE::2026-04-26.19:26:44::SCWPlatform:: Unique name xilinx:zybo-z7-10::0.0
TRACE::2026-04-26.19:26:44::SCWPlatform::Do not have an existing db opened. 
TRACE::2026-04-26.19:26:45::SCWPlatform::Opened new HwDB with name signal_detect_bd_wrapper_15
TRACE::2026-04-26.19:26:45::SCWMssOS::Saving the mss changes C:/Users/suren/Documents/ECE_520/Final_Project/Sandbox/signal_detect_vitis/signal_detect_platform/zynq_fsbl/zynq_fsbl_bsp/system.mss
TRACE::2026-04-26.19:26:45::SCWMssOS::Adding the swdes entry, mss present, able to open swdb C:/Users/suren/Documents/ECE_520/Final_Project/Sandbox/signal_detect_vitis/signal_detect_platform/zynq_fsbl/zynq_fsbl_bsp/system.mss with des name system
TRACE::2026-04-26.19:26:45::SCWMssOS::Writing the mss file completed C:/Users/suren/Documents/ECE_520/Final_Project/Sandbox/signal_detect_vitis/signal_detect_platform/zynq_fsbl/zynq_fsbl_bsp/system.mss
TRACE::2026-04-26.19:26:45::SCWMssOS::Commit changes completed.
TRACE::2026-04-26.19:26:45::SCWMssOS::Saving the mss changes C:/Users/suren/Documents/ECE_520/Final_Project/Sandbox/signal_detect_vitis/signal_detect_platform/ps7_cortexa9_0/standalone_domain/bsp/system.mss
TRACE::2026-04-26.19:26:45::SCWMssOS::Adding the swdes entry, mss present, able to open swdb C:/Users/suren/Documents/ECE_520/Final_Project/Sandbox/signal_detect_vitis/signal_detect_platform/ps7_cortexa9_0/standalone_domain/bsp/system.mss with des name system_0
TRACE::2026-04-26.19:26:45::SCWMssOS::Writing the mss file completed C:/Users/suren/Documents/ECE_520/Final_Project/Sandbox/signal_detect_vitis/signal_detect_platform/ps7_cortexa9_0/standalone_domain/bsp/system.mss
TRACE::2026-04-26.19:26:45::SCWMssOS::Commit changes completed.
TRACE::2026-04-26.19:26:45::SCWPlatform::Trying to open the hw design at C:/Users/suren/Documents/ECE_520/Final_Project/Sandbox/signal_detect_vitis/signal_detect_platform/hw/signal_detect_bd_wrapper.xsa
TRACE::2026-04-26.19:26:45::SCWPlatform::DSA given C:/Users/suren/Documents/ECE_520/Final_Project/Sandbox/signal_detect_vitis/signal_detect_platform/hw/signal_detect_bd_wrapper.xsa
TRACE::2026-04-26.19:26:45::SCWPlatform::DSA absoulate path C:/Users/suren/Documents/ECE_520/Final_Project/Sandbox/signal_detect_vitis/signal_detect_platform/hw/signal_detect_bd_wrapper.xsa
TRACE::2026-04-26.19:26:45::SCWPlatform::DSA directory C:/Users/suren/Documents/ECE_520/Final_Project/Sandbox/signal_detect_vitis/signal_detect_platform/hw
TRACE::2026-04-26.19:26:45::SCWPlatform:: Platform Path C:/Users/suren/Documents/ECE_520/Final_Project/Sandbox/signal_detect_vitis/signal_detect_platform/hw/signal_detect_bd_wrapper.xsa
TRACE::2026-04-26.19:26:45::SCWPlatform:: Unique name xilinx:zybo-z7-10::0.0
TRACE::2026-04-26.19:26:45::SCWPlatform::Trying to set the existing hwdb with name signal_detect_bd_wrapper_15
TRACE::2026-04-26.19:26:45::SCWPlatform::Opened existing hwdb signal_detect_bd_wrapper_15
TRACE::2026-04-26.19:26:45::SCWPlatform::Found the Hw Db part of the input DSA
TRACE::2026-04-26.19:26:45::SCWMssOS::Checking the sw design at  C:/Users/suren/Documents/ECE_520/Final_Project/Sandbox/signal_detect_vitis/signal_detect_platform/zynq_fsbl/zynq_fsbl_bsp/system.mss
TRACE::2026-04-26.19:26:45::SCWMssOS::DEBUG:  swdes dump  C:/Users/suren/Documents/ECE_520/Final_Project/Sandbox/signal_detect_vitis/signal_detect_platform/ps7_cortexa9_0/standalone_domain/bsp/system.mss|system_0||
C:/Users/suren/Documents/ECE_520/Final_Project/Sandbox/signal_detect_vitis/signal_detect_platform/zynq_fsbl/zynq_fsbl_bsp/system.mss|system||

TRACE::2026-04-26.19:26:45::SCWMssOS::Sw design exists and opened at  C:/Users/suren/Documents/ECE_520/Final_Project/Sandbox/signal_detect_vitis/signal_detect_platform/zynq_fsbl/zynq_fsbl_bsp/system.mss
TRACE::2026-04-26.19:26:45::SCWPlatform::Trying to open the hw design at C:/Users/suren/Documents/ECE_520/Final_Project/Sandbox/signal_detect_vitis/signal_detect_platform/hw/signal_detect_bd_wrapper.xsa
TRACE::2026-04-26.19:26:45::SCWPlatform::DSA given C:/Users/suren/Documents/ECE_520/Final_Project/Sandbox/signal_detect_vitis/signal_detect_platform/hw/signal_detect_bd_wrapper.xsa
TRACE::2026-04-26.19:26:45::SCWPlatform::DSA absoulate path C:/Users/suren/Documents/ECE_520/Final_Project/Sandbox/signal_detect_vitis/signal_detect_platform/hw/signal_detect_bd_wrapper.xsa
TRACE::2026-04-26.19:26:45::SCWPlatform::DSA directory C:/Users/suren/Documents/ECE_520/Final_Project/Sandbox/signal_detect_vitis/signal_detect_platform/hw
TRACE::2026-04-26.19:26:45::SCWPlatform:: Platform Path C:/Users/suren/Documents/ECE_520/Final_Project/Sandbox/signal_detect_vitis/signal_detect_platform/hw/signal_detect_bd_wrapper.xsa
TRACE::2026-04-26.19:26:45::SCWPlatform:: Unique name xilinx:zybo-z7-10::0.0
TRACE::2026-04-26.19:26:45::SCWPlatform::Trying to set the existing hwdb with name signal_detect_bd_wrapper_15
TRACE::2026-04-26.19:26:45::SCWPlatform::Opened existing hwdb signal_detect_bd_wrapper_15
TRACE::2026-04-26.19:26:45::SCWPlatform::Found the Hw Db part of the input DSA
TRACE::2026-04-26.19:26:45::SCWMssOS::Checking the sw design at  C:/Users/suren/Documents/ECE_520/Final_Project/Sandbox/signal_detect_vitis/signal_detect_platform/ps7_cortexa9_0/standalone_domain/bsp/system.mss
TRACE::2026-04-26.19:26:45::SCWMssOS::DEBUG:  swdes dump  C:/Users/suren/Documents/ECE_520/Final_Project/Sandbox/signal_detect_vitis/signal_detect_platform/ps7_cortexa9_0/standalone_domain/bsp/system.mss|system_0||
C:/Users/suren/Documents/ECE_520/Final_Project/Sandbox/signal_detect_vitis/signal_detect_platform/zynq_fsbl/zynq_fsbl_bsp/system.mss|system||

TRACE::2026-04-26.19:26:45::SCWMssOS::Sw design exists and opened at  C:/Users/suren/Documents/ECE_520/Final_Project/Sandbox/signal_detect_vitis/signal_detect_platform/ps7_cortexa9_0/standalone_domain/bsp/system.mss
TRACE::2026-04-26.19:26:45::SCWWriter::formatted JSON is {
	"platformName":	"signal_detect_platform",
	"sprVersion":	"2.0",
	"mode":	"gui",
	"dsaType":	"Fixed",
	"platformDesc":	"signal_detect_platform",
	"platHandOff":	"C:/Users/suren/Documents/ECE_520/Final_Project/Sandbox/signal_detect_sb/signal_detect_bd_wrapper.xsa",
	"platIntHandOff":	"<platformDir>/hw/signal_detect_bd_wrapper.xsa",
	"deviceType":	"zynq",
	"platIsPrebuiltAutogen":	"false",
	"platIsNoBootBsp":	"false",
	"hasFsblMakeHasChanges":	"false",
	"hasPmufwMakeHasChanges":	"false",
	"fsblExtraCompilerFlags":	"-MMD -MP       -mcpu=cortex-a9 -mfpu=vfpv3 -mfloat-abi=hard ",
	"platPreBuiltFlag":	false,
	"platformSamplesDir":	"",
	"platActiveSys":	"signal_detect_platform",
	"systems":	[{
			"systemName":	"signal_detect_platform",
			"systemDesc":	"signal_detect_platform",
			"sysIsBootAutoGen":	"true",
			"systemDispName":	"signal_detect_platform",
			"sysActiveDom":	"standalone_domain",
			"sysDefaultDom":	"standalone_domain",
			"domains":	[{
					"domainName":	"zynq_fsbl",
					"domainDispName":	"zynq_fsbl",
					"domainDesc":	"FSBL Application BSP - Auto Generated.",
					"processors":	"ps7_cortexa9_0",
					"os":	"standalone",
					"sdxOs":	"standalone",
					"debugEnable":	"",
					"domRuntimes":	["cpp"],
					"swRepo":	"",
					"mssOsVer":	"8.1",
					"mssFile":	"",
					"md5Digest":	"24e81f5df4a1b28986eb4269e22351fe1",
					"compatibleApp":	"zynq_fsbl",
					"domType":	"bootDomain",
					"arch":	"32-bit",
					"appSettings":	{
						"appCompilerFlags":	"",
						"appLinkerFlags":	""
					},
					"addedLibs":	["xilffs:5.0", "xilrsa:1.6"],
					"libOptions":	{
						"libsContainingOptions":	[]
					},
					"prebuiltLibs":	{
						"prebuiltIncPath":	[],
						"prebuiltLibPath":	[]
					},
					"isolation":	{
					}
				}, {
					"domainName":	"standalone_domain",
					"domainDispName":	"standalone on ps7_cortexa9_0",
					"domainDesc":	"standalone_domain",
					"processors":	"ps7_cortexa9_0",
					"os":	"standalone",
					"sdxOs":	"standalone",
					"qemuArgs":	"<platformDir>/resources/signal_detect_platform/standalone_domain/qemu_args.txt",
					"qemuData":	"<platformDir>/resources/signal_detect_platform/standalone_domain/qemu",
					"debugEnable":	"False",
					"domRuntimes":	["cpp"],
					"swRepo":	"",
					"mssOsVer":	"8.1",
					"mssFile":	"",
					"md5Digest":	"9d9647dd92d7d30efd40c762a4ad20961",
					"compatibleApp":	"",
					"domType":	"mssDomain",
					"appSettings":	{
						"appCompilerFlags":	"",
						"appLinkerFlags":	""
					},
					"addedLibs":	[],
					"libOptions":	{
						"libsContainingOptions":	[]
					},
					"prebuiltLibs":	{
						"prebuiltIncPath":	[],
						"prebuiltLibPath":	[]
					},
					"isolation":	{
					}
				}]
		}]
}
TRACE::2026-04-26.19:26:46::SCWPlatform::Clearing the existing platform
TRACE::2026-04-26.19:26:46::SCWSystem::Clearing the existing sysconfig
TRACE::2026-04-26.19:26:46::SCWBDomain::clearing the fsbl build
TRACE::2026-04-26.19:26:46::SCWMssOS::Removing the swdes entry for  C:/Users/suren/Documents/ECE_520/Final_Project/Sandbox/signal_detect_vitis/signal_detect_platform/zynq_fsbl/zynq_fsbl_bsp/system.mss
TRACE::2026-04-26.19:26:46::SCWMssOS::Removing the swdes entry for  C:/Users/suren/Documents/ECE_520/Final_Project/Sandbox/signal_detect_vitis/signal_detect_platform/ps7_cortexa9_0/standalone_domain/bsp/system.mss
TRACE::2026-04-26.19:26:46::SCWSystem::Clearing the domains completed.
TRACE::2026-04-26.19:26:46::SCWPlatform::Clearing the opened hw db.
TRACE::2026-04-26.19:26:46::SCWPlatform::DSA given C:/Users/suren/Documents/ECE_520/Final_Project/Sandbox/signal_detect_vitis/signal_detect_platform/hw/signal_detect_bd_wrapper.xsa
TRACE::2026-04-26.19:26:46::SCWPlatform::DSA absoulate path C:/Users/suren/Documents/ECE_520/Final_Project/Sandbox/signal_detect_vitis/signal_detect_platform/hw/signal_detect_bd_wrapper.xsa
TRACE::2026-04-26.19:26:46::SCWPlatform:: Platform location is C:/Users/suren/Documents/ECE_520/Final_Project/Sandbox/signal_detect_vitis/signal_detect_platform/hw
TRACE::2026-04-26.19:26:46::SCWPlatform:: Platform Path C:/Users/suren/Documents/ECE_520/Final_Project/Sandbox/signal_detect_vitis/signal_detect_platform/hw/signal_detect_bd_wrapper.xsa
TRACE::2026-04-26.19:26:46::SCWPlatform:: Unique name xilinx:zybo-z7-10::0.0
TRACE::2026-04-26.19:26:46::SCWPlatform::Removing the HwDB with name C:/Users/suren/Documents/ECE_520/Final_Project/Sandbox/signal_detect_vitis/signal_detect_platform/hw/signal_detect_bd_wrapper.xsa
TRACE::2026-04-26.19:26:46::SCWPlatform::Trying to open the hw design at C:/Users/suren/Documents/ECE_520/Final_Project/Sandbox/signal_detect_vitis/signal_detect_platform/hw/signal_detect_bd_wrapper.xsa
TRACE::2026-04-26.19:26:46::SCWPlatform::DSA given C:/Users/suren/Documents/ECE_520/Final_Project/Sandbox/signal_detect_vitis/signal_detect_platform/hw/signal_detect_bd_wrapper.xsa
TRACE::2026-04-26.19:26:46::SCWPlatform::DSA absoulate path C:/Users/suren/Documents/ECE_520/Final_Project/Sandbox/signal_detect_vitis/signal_detect_platform/hw/signal_detect_bd_wrapper.xsa
TRACE::2026-04-26.19:26:46::SCWPlatform::DSA directory C:/Users/suren/Documents/ECE_520/Final_Project/Sandbox/signal_detect_vitis/signal_detect_platform/hw
TRACE::2026-04-26.19:26:46::SCWPlatform:: Platform Path C:/Users/suren/Documents/ECE_520/Final_Project/Sandbox/signal_detect_vitis/signal_detect_platform/hw/signal_detect_bd_wrapper.xsa
TRACE::2026-04-26.19:26:46::SCWPlatform:: Unique name xilinx:zybo-z7-10::0.0
TRACE::2026-04-26.19:26:46::SCWPlatform::Do not have an existing db opened. 
TRACE::2026-04-26.19:26:48::SCWPlatform::Opened new HwDB with name signal_detect_bd_wrapper_16
TRACE::2026-04-26.19:26:48::SCWReader::Active system found as  signal_detect_platform
TRACE::2026-04-26.19:26:48::SCWReader::Handling sysconfig signal_detect_platform
TRACE::2026-04-26.19:26:48::SCWDomain::checking for install qemu data   : 
TRACE::2026-04-26.19:26:48::SCWDomain:: Using the QEMU Data from install at  : C:/Xilinx/Vitis/2023.1/data/emulation/platforms/zynq/sw/a9_standalone/qemu/
TRACE::2026-04-26.19:26:48::SCWDomain:: Using the QEMU args  from install at  : C:/Xilinx/Vitis/2023.1/data/emulation/platforms/zynq/sw/a9_standalone/qemu/qemu_args.txt
TRACE::2026-04-26.19:26:48::SCWPlatform::Trying to open the hw design at C:/Users/suren/Documents/ECE_520/Final_Project/Sandbox/signal_detect_vitis/signal_detect_platform/hw/signal_detect_bd_wrapper.xsa
TRACE::2026-04-26.19:26:48::SCWPlatform::DSA given C:/Users/suren/Documents/ECE_520/Final_Project/Sandbox/signal_detect_vitis/signal_detect_platform/hw/signal_detect_bd_wrapper.xsa
TRACE::2026-04-26.19:26:48::SCWPlatform::DSA absoulate path C:/Users/suren/Documents/ECE_520/Final_Project/Sandbox/signal_detect_vitis/signal_detect_platform/hw/signal_detect_bd_wrapper.xsa
TRACE::2026-04-26.19:26:48::SCWPlatform::DSA directory C:/Users/suren/Documents/ECE_520/Final_Project/Sandbox/signal_detect_vitis/signal_detect_platform/hw
TRACE::2026-04-26.19:26:48::SCWPlatform:: Platform Path C:/Users/suren/Documents/ECE_520/Final_Project/Sandbox/signal_detect_vitis/signal_detect_platform/hw/signal_detect_bd_wrapper.xsa
TRACE::2026-04-26.19:26:48::SCWPlatform:: Unique name xilinx:zybo-z7-10::0.0
TRACE::2026-04-26.19:26:48::SCWPlatform::Trying to set the existing hwdb with name signal_detect_bd_wrapper_16
TRACE::2026-04-26.19:26:48::SCWPlatform::Opened existing hwdb signal_detect_bd_wrapper_16
TRACE::2026-04-26.19:26:48::SCWPlatform::Found the Hw Db part of the input DSA
TRACE::2026-04-26.19:26:48::SCWPlatform::Trying to open the hw design at C:/Users/suren/Documents/ECE_520/Final_Project/Sandbox/signal_detect_vitis/signal_detect_platform/hw/signal_detect_bd_wrapper.xsa
TRACE::2026-04-26.19:26:48::SCWPlatform::DSA given C:/Users/suren/Documents/ECE_520/Final_Project/Sandbox/signal_detect_vitis/signal_detect_platform/hw/signal_detect_bd_wrapper.xsa
TRACE::2026-04-26.19:26:48::SCWPlatform::DSA absoulate path C:/Users/suren/Documents/ECE_520/Final_Project/Sandbox/signal_detect_vitis/signal_detect_platform/hw/signal_detect_bd_wrapper.xsa
TRACE::2026-04-26.19:26:48::SCWPlatform::DSA directory C:/Users/suren/Documents/ECE_520/Final_Project/Sandbox/signal_detect_vitis/signal_detect_platform/hw
TRACE::2026-04-26.19:26:48::SCWPlatform:: Platform Path C:/Users/suren/Documents/ECE_520/Final_Project/Sandbox/signal_detect_vitis/signal_detect_platform/hw/signal_detect_bd_wrapper.xsa
TRACE::2026-04-26.19:26:48::SCWPlatform:: Unique name xilinx:zybo-z7-10::0.0
TRACE::2026-04-26.19:26:48::SCWPlatform::Trying to set the existing hwdb with name signal_detect_bd_wrapper_16
TRACE::2026-04-26.19:26:48::SCWPlatform::Opened existing hwdb signal_detect_bd_wrapper_16
TRACE::2026-04-26.19:26:48::SCWPlatform::Found the Hw Db part of the input DSA
TRACE::2026-04-26.19:26:48::SCWPlatform::Trying to open the hw design at C:/Users/suren/Documents/ECE_520/Final_Project/Sandbox/signal_detect_vitis/signal_detect_platform/hw/signal_detect_bd_wrapper.xsa
TRACE::2026-04-26.19:26:48::SCWPlatform::DSA given C:/Users/suren/Documents/ECE_520/Final_Project/Sandbox/signal_detect_vitis/signal_detect_platform/hw/signal_detect_bd_wrapper.xsa
TRACE::2026-04-26.19:26:48::SCWPlatform::DSA absoulate path C:/Users/suren/Documents/ECE_520/Final_Project/Sandbox/signal_detect_vitis/signal_detect_platform/hw/signal_detect_bd_wrapper.xsa
TRACE::2026-04-26.19:26:48::SCWPlatform::DSA directory C:/Users/suren/Documents/ECE_520/Final_Project/Sandbox/signal_detect_vitis/signal_detect_platform/hw
TRACE::2026-04-26.19:26:48::SCWPlatform:: Platform Path C:/Users/suren/Documents/ECE_520/Final_Project/Sandbox/signal_detect_vitis/signal_detect_platform/hw/signal_detect_bd_wrapper.xsa
TRACE::2026-04-26.19:26:48::SCWPlatform:: Unique name xilinx:zybo-z7-10::0.0
TRACE::2026-04-26.19:26:48::SCWPlatform::Trying to set the existing hwdb with name signal_detect_bd_wrapper_16
TRACE::2026-04-26.19:26:48::SCWPlatform::Opened existing hwdb signal_detect_bd_wrapper_16
TRACE::2026-04-26.19:26:48::SCWPlatform::Found the Hw Db part of the input DSA
TRACE::2026-04-26.19:26:48::SCWReader::Boot application domain added for zynq_fsbl
TRACE::2026-04-26.19:26:48::SCWPlatform::Trying to open the hw design at C:/Users/suren/Documents/ECE_520/Final_Project/Sandbox/signal_detect_vitis/signal_detect_platform/hw/signal_detect_bd_wrapper.xsa
TRACE::2026-04-26.19:26:48::SCWPlatform::DSA given C:/Users/suren/Documents/ECE_520/Final_Project/Sandbox/signal_detect_vitis/signal_detect_platform/hw/signal_detect_bd_wrapper.xsa
TRACE::2026-04-26.19:26:48::SCWPlatform::DSA absoulate path C:/Users/suren/Documents/ECE_520/Final_Project/Sandbox/signal_detect_vitis/signal_detect_platform/hw/signal_detect_bd_wrapper.xsa
TRACE::2026-04-26.19:26:48::SCWPlatform::DSA directory C:/Users/suren/Documents/ECE_520/Final_Project/Sandbox/signal_detect_vitis/signal_detect_platform/hw
TRACE::2026-04-26.19:26:48::SCWPlatform:: Platform Path C:/Users/suren/Documents/ECE_520/Final_Project/Sandbox/signal_detect_vitis/signal_detect_platform/hw/signal_detect_bd_wrapper.xsa
TRACE::2026-04-26.19:26:48::SCWPlatform:: Unique name xilinx:zybo-z7-10::0.0
TRACE::2026-04-26.19:26:48::SCWPlatform::Trying to set the existing hwdb with name signal_detect_bd_wrapper_16
TRACE::2026-04-26.19:26:48::SCWPlatform::Opened existing hwdb signal_detect_bd_wrapper_16
TRACE::2026-04-26.19:26:48::SCWPlatform::Found the Hw Db part of the input DSA
TRACE::2026-04-26.19:26:48::SCWMssOS::Checking the sw design at  C:/Users/suren/Documents/ECE_520/Final_Project/Sandbox/signal_detect_vitis/signal_detect_platform/zynq_fsbl/zynq_fsbl_bsp/system.mss
TRACE::2026-04-26.19:26:48::SCWMssOS::DEBUG:  swdes dump  
TRACE::2026-04-26.19:26:48::SCWMssOS::No sw design opened at  C:/Users/suren/Documents/ECE_520/Final_Project/Sandbox/signal_detect_vitis/signal_detect_platform/zynq_fsbl/zynq_fsbl_bsp/system.mss
TRACE::2026-04-26.19:26:48::SCWMssOS::mss exists loading the mss file  C:/Users/suren/Documents/ECE_520/Final_Project/Sandbox/signal_detect_vitis/signal_detect_platform/zynq_fsbl/zynq_fsbl_bsp/system.mss
TRACE::2026-04-26.19:26:48::SCWMssOS::Opened the sw design from mss  C:/Users/suren/Documents/ECE_520/Final_Project/Sandbox/signal_detect_vitis/signal_detect_platform/zynq_fsbl/zynq_fsbl_bsp/system.mss
TRACE::2026-04-26.19:26:48::SCWMssOS::Adding the swdes entry C:/Users/suren/Documents/ECE_520/Final_Project/Sandbox/signal_detect_vitis/signal_detect_platform/zynq_fsbl/zynq_fsbl_bsp/system.mss with des name system
TRACE::2026-04-26.19:26:48::SCWMssOS::updating the scw layer about changes
TRACE::2026-04-26.19:26:48::SCWMssOS::Opened the sw design.  C:/Users/suren/Documents/ECE_520/Final_Project/Sandbox/signal_detect_vitis/signal_detect_platform/zynq_fsbl/zynq_fsbl_bsp/system.mss
TRACE::2026-04-26.19:26:48::SCWPlatform::Trying to open the hw design at C:/Users/suren/Documents/ECE_520/Final_Project/Sandbox/signal_detect_vitis/signal_detect_platform/hw/signal_detect_bd_wrapper.xsa
TRACE::2026-04-26.19:26:48::SCWPlatform::DSA given C:/Users/suren/Documents/ECE_520/Final_Project/Sandbox/signal_detect_vitis/signal_detect_platform/hw/signal_detect_bd_wrapper.xsa
TRACE::2026-04-26.19:26:48::SCWPlatform::DSA absoulate path C:/Users/suren/Documents/ECE_520/Final_Project/Sandbox/signal_detect_vitis/signal_detect_platform/hw/signal_detect_bd_wrapper.xsa
TRACE::2026-04-26.19:26:48::SCWPlatform::DSA directory C:/Users/suren/Documents/ECE_520/Final_Project/Sandbox/signal_detect_vitis/signal_detect_platform/hw
TRACE::2026-04-26.19:26:48::SCWPlatform:: Platform Path C:/Users/suren/Documents/ECE_520/Final_Project/Sandbox/signal_detect_vitis/signal_detect_platform/hw/signal_detect_bd_wrapper.xsa
TRACE::2026-04-26.19:26:48::SCWPlatform:: Unique name xilinx:zybo-z7-10::0.0
TRACE::2026-04-26.19:26:48::SCWPlatform::Trying to set the existing hwdb with name signal_detect_bd_wrapper_16
TRACE::2026-04-26.19:26:48::SCWPlatform::Opened existing hwdb signal_detect_bd_wrapper_16
TRACE::2026-04-26.19:26:48::SCWPlatform::Found the Hw Db part of the input DSA
TRACE::2026-04-26.19:26:48::SCWMssOS::Checking the sw design at  C:/Users/suren/Documents/ECE_520/Final_Project/Sandbox/signal_detect_vitis/signal_detect_platform/zynq_fsbl/zynq_fsbl_bsp/system.mss
TRACE::2026-04-26.19:26:48::SCWMssOS::DEBUG:  swdes dump  C:/Users/suren/Documents/ECE_520/Final_Project/Sandbox/signal_detect_vitis/signal_detect_platform/zynq_fsbl/zynq_fsbl_bsp/system.mss|system||

TRACE::2026-04-26.19:26:48::SCWMssOS::Sw design exists and opened at  C:/Users/suren/Documents/ECE_520/Final_Project/Sandbox/signal_detect_vitis/signal_detect_platform/zynq_fsbl/zynq_fsbl_bsp/system.mss
TRACE::2026-04-26.19:26:48::SCWMssOS:: library already available in sw design:  xilffs:5.0
TRACE::2026-04-26.19:26:48::SCWPlatform::Trying to open the hw design at C:/Users/suren/Documents/ECE_520/Final_Project/Sandbox/signal_detect_vitis/signal_detect_platform/hw/signal_detect_bd_wrapper.xsa
TRACE::2026-04-26.19:26:48::SCWPlatform::DSA given C:/Users/suren/Documents/ECE_520/Final_Project/Sandbox/signal_detect_vitis/signal_detect_platform/hw/signal_detect_bd_wrapper.xsa
TRACE::2026-04-26.19:26:48::SCWPlatform::DSA absoulate path C:/Users/suren/Documents/ECE_520/Final_Project/Sandbox/signal_detect_vitis/signal_detect_platform/hw/signal_detect_bd_wrapper.xsa
TRACE::2026-04-26.19:26:48::SCWPlatform::DSA directory C:/Users/suren/Documents/ECE_520/Final_Project/Sandbox/signal_detect_vitis/signal_detect_platform/hw
TRACE::2026-04-26.19:26:48::SCWPlatform:: Platform Path C:/Users/suren/Documents/ECE_520/Final_Project/Sandbox/signal_detect_vitis/signal_detect_platform/hw/signal_detect_bd_wrapper.xsa
TRACE::2026-04-26.19:26:48::SCWPlatform:: Unique name xilinx:zybo-z7-10::0.0
TRACE::2026-04-26.19:26:48::SCWPlatform::Trying to set the existing hwdb with name signal_detect_bd_wrapper_16
TRACE::2026-04-26.19:26:48::SCWPlatform::Opened existing hwdb signal_detect_bd_wrapper_16
TRACE::2026-04-26.19:26:48::SCWPlatform::Found the Hw Db part of the input DSA
TRACE::2026-04-26.19:26:48::SCWMssOS::Checking the sw design at  C:/Users/suren/Documents/ECE_520/Final_Project/Sandbox/signal_detect_vitis/signal_detect_platform/zynq_fsbl/zynq_fsbl_bsp/system.mss
TRACE::2026-04-26.19:26:48::SCWMssOS::DEBUG:  swdes dump  C:/Users/suren/Documents/ECE_520/Final_Project/Sandbox/signal_detect_vitis/signal_detect_platform/zynq_fsbl/zynq_fsbl_bsp/system.mss|system||

TRACE::2026-04-26.19:26:48::SCWMssOS::Sw design exists and opened at  C:/Users/suren/Documents/ECE_520/Final_Project/Sandbox/signal_detect_vitis/signal_detect_platform/zynq_fsbl/zynq_fsbl_bsp/system.mss
TRACE::2026-04-26.19:26:48::SCWMssOS:: library already available in sw design:  xilrsa:1.6
TRACE::2026-04-26.19:26:48::SCWMssOS::Saving the mss changes C:/Users/suren/Documents/ECE_520/Final_Project/Sandbox/signal_detect_vitis/signal_detect_platform/zynq_fsbl/zynq_fsbl_bsp/system.mss
TRACE::2026-04-26.19:26:48::SCWMssOS::Found a swdesign opened with the mssfile.
TRACE::2026-04-26.19:26:48::SCWMssOS::Completed writemss as part of save.
TRACE::2026-04-26.19:26:48::SCWMssOS::Commit changes completed.
TRACE::2026-04-26.19:26:48::SCWReader::Adding prebuilt librarypaths as   
TRACE::2026-04-26.19:26:48::SCWReader::Adding prebuilt incpaths  as   
TRACE::2026-04-26.19:26:48::SCWPlatform::Trying to open the hw design at C:/Users/suren/Documents/ECE_520/Final_Project/Sandbox/signal_detect_vitis/signal_detect_platform/hw/signal_detect_bd_wrapper.xsa
TRACE::2026-04-26.19:26:48::SCWPlatform::DSA given C:/Users/suren/Documents/ECE_520/Final_Project/Sandbox/signal_detect_vitis/signal_detect_platform/hw/signal_detect_bd_wrapper.xsa
TRACE::2026-04-26.19:26:48::SCWPlatform::DSA absoulate path C:/Users/suren/Documents/ECE_520/Final_Project/Sandbox/signal_detect_vitis/signal_detect_platform/hw/signal_detect_bd_wrapper.xsa
TRACE::2026-04-26.19:26:48::SCWPlatform::DSA directory C:/Users/suren/Documents/ECE_520/Final_Project/Sandbox/signal_detect_vitis/signal_detect_platform/hw
TRACE::2026-04-26.19:26:48::SCWPlatform:: Platform Path C:/Users/suren/Documents/ECE_520/Final_Project/Sandbox/signal_detect_vitis/signal_detect_platform/hw/signal_detect_bd_wrapper.xsa
TRACE::2026-04-26.19:26:48::SCWPlatform:: Unique name xilinx:zybo-z7-10::0.0
TRACE::2026-04-26.19:26:48::SCWPlatform::Trying to set the existing hwdb with name signal_detect_bd_wrapper_16
TRACE::2026-04-26.19:26:48::SCWPlatform::Opened existing hwdb signal_detect_bd_wrapper_16
TRACE::2026-04-26.19:26:48::SCWPlatform::Found the Hw Db part of the input DSA
TRACE::2026-04-26.19:26:48::SCWMssOS::Checking the sw design at  C:/Users/suren/Documents/ECE_520/Final_Project/Sandbox/signal_detect_vitis/signal_detect_platform/zynq_fsbl/zynq_fsbl_bsp/system.mss
TRACE::2026-04-26.19:26:48::SCWMssOS::DEBUG:  swdes dump  C:/Users/suren/Documents/ECE_520/Final_Project/Sandbox/signal_detect_vitis/signal_detect_platform/zynq_fsbl/zynq_fsbl_bsp/system.mss|system||

TRACE::2026-04-26.19:26:48::SCWMssOS::Sw design exists and opened at  C:/Users/suren/Documents/ECE_520/Final_Project/Sandbox/signal_detect_vitis/signal_detect_platform/zynq_fsbl/zynq_fsbl_bsp/system.mss
TRACE::2026-04-26.19:26:48::SCWReader::No isolation master present  
TRACE::2026-04-26.19:26:48::SCWDomain::checking for install qemu data   : 
TRACE::2026-04-26.19:26:48::SCWDomain:: Using the QEMU Data from install at  : C:/Xilinx/Vitis/2023.1/data/emulation/platforms/zynq/sw/a9_standalone/qemu/
TRACE::2026-04-26.19:26:48::SCWDomain:: Using the QEMU args  from install at  : C:/Xilinx/Vitis/2023.1/data/emulation/platforms/zynq/sw/a9_standalone/qemu/qemu_args.txt
TRACE::2026-04-26.19:26:48::SCWPlatform::Trying to open the hw design at C:/Users/suren/Documents/ECE_520/Final_Project/Sandbox/signal_detect_vitis/signal_detect_platform/hw/signal_detect_bd_wrapper.xsa
TRACE::2026-04-26.19:26:48::SCWPlatform::DSA given C:/Users/suren/Documents/ECE_520/Final_Project/Sandbox/signal_detect_vitis/signal_detect_platform/hw/signal_detect_bd_wrapper.xsa
TRACE::2026-04-26.19:26:48::SCWPlatform::DSA absoulate path C:/Users/suren/Documents/ECE_520/Final_Project/Sandbox/signal_detect_vitis/signal_detect_platform/hw/signal_detect_bd_wrapper.xsa
TRACE::2026-04-26.19:26:48::SCWPlatform::DSA directory C:/Users/suren/Documents/ECE_520/Final_Project/Sandbox/signal_detect_vitis/signal_detect_platform/hw
TRACE::2026-04-26.19:26:48::SCWPlatform:: Platform Path C:/Users/suren/Documents/ECE_520/Final_Project/Sandbox/signal_detect_vitis/signal_detect_platform/hw/signal_detect_bd_wrapper.xsa
TRACE::2026-04-26.19:26:48::SCWPlatform:: Unique name xilinx:zybo-z7-10::0.0
TRACE::2026-04-26.19:26:48::SCWPlatform::Trying to set the existing hwdb with name signal_detect_bd_wrapper_16
TRACE::2026-04-26.19:26:48::SCWPlatform::Opened existing hwdb signal_detect_bd_wrapper_16
TRACE::2026-04-26.19:26:48::SCWPlatform::Found the Hw Db part of the input DSA
TRACE::2026-04-26.19:26:48::SCWPlatform::Trying to open the hw design at C:/Users/suren/Documents/ECE_520/Final_Project/Sandbox/signal_detect_vitis/signal_detect_platform/hw/signal_detect_bd_wrapper.xsa
TRACE::2026-04-26.19:26:48::SCWPlatform::DSA given C:/Users/suren/Documents/ECE_520/Final_Project/Sandbox/signal_detect_vitis/signal_detect_platform/hw/signal_detect_bd_wrapper.xsa
TRACE::2026-04-26.19:26:48::SCWPlatform::DSA absoulate path C:/Users/suren/Documents/ECE_520/Final_Project/Sandbox/signal_detect_vitis/signal_detect_platform/hw/signal_detect_bd_wrapper.xsa
TRACE::2026-04-26.19:26:48::SCWPlatform::DSA directory C:/Users/suren/Documents/ECE_520/Final_Project/Sandbox/signal_detect_vitis/signal_detect_platform/hw
TRACE::2026-04-26.19:26:48::SCWPlatform:: Platform Path C:/Users/suren/Documents/ECE_520/Final_Project/Sandbox/signal_detect_vitis/signal_detect_platform/hw/signal_detect_bd_wrapper.xsa
TRACE::2026-04-26.19:26:48::SCWPlatform:: Unique name xilinx:zybo-z7-10::0.0
TRACE::2026-04-26.19:26:48::SCWPlatform::Trying to set the existing hwdb with name signal_detect_bd_wrapper_16
TRACE::2026-04-26.19:26:48::SCWPlatform::Opened existing hwdb signal_detect_bd_wrapper_16
TRACE::2026-04-26.19:26:48::SCWPlatform::Found the Hw Db part of the input DSA
TRACE::2026-04-26.19:26:48::SCWPlatform::Trying to open the hw design at C:/Users/suren/Documents/ECE_520/Final_Project/Sandbox/signal_detect_vitis/signal_detect_platform/hw/signal_detect_bd_wrapper.xsa
TRACE::2026-04-26.19:26:48::SCWPlatform::DSA given C:/Users/suren/Documents/ECE_520/Final_Project/Sandbox/signal_detect_vitis/signal_detect_platform/hw/signal_detect_bd_wrapper.xsa
TRACE::2026-04-26.19:26:48::SCWPlatform::DSA absoulate path C:/Users/suren/Documents/ECE_520/Final_Project/Sandbox/signal_detect_vitis/signal_detect_platform/hw/signal_detect_bd_wrapper.xsa
TRACE::2026-04-26.19:26:48::SCWPlatform::DSA directory C:/Users/suren/Documents/ECE_520/Final_Project/Sandbox/signal_detect_vitis/signal_detect_platform/hw
TRACE::2026-04-26.19:26:48::SCWPlatform:: Platform Path C:/Users/suren/Documents/ECE_520/Final_Project/Sandbox/signal_detect_vitis/signal_detect_platform/hw/signal_detect_bd_wrapper.xsa
TRACE::2026-04-26.19:26:48::SCWPlatform:: Unique name xilinx:zybo-z7-10::0.0
TRACE::2026-04-26.19:26:48::SCWPlatform::Trying to set the existing hwdb with name signal_detect_bd_wrapper_16
TRACE::2026-04-26.19:26:48::SCWPlatform::Opened existing hwdb signal_detect_bd_wrapper_16
TRACE::2026-04-26.19:26:48::SCWPlatform::Found the Hw Db part of the input DSA
TRACE::2026-04-26.19:26:48::SCWMssOS::Checking the sw design at  C:/Users/suren/Documents/ECE_520/Final_Project/Sandbox/signal_detect_vitis/signal_detect_platform/ps7_cortexa9_0/standalone_domain/bsp/system.mss
TRACE::2026-04-26.19:26:48::SCWMssOS::DEBUG:  swdes dump  C:/Users/suren/Documents/ECE_520/Final_Project/Sandbox/signal_detect_vitis/signal_detect_platform/zynq_fsbl/zynq_fsbl_bsp/system.mss|system||

TRACE::2026-04-26.19:26:48::SCWMssOS::No sw design opened at  C:/Users/suren/Documents/ECE_520/Final_Project/Sandbox/signal_detect_vitis/signal_detect_platform/ps7_cortexa9_0/standalone_domain/bsp/system.mss
TRACE::2026-04-26.19:26:48::SCWMssOS::mss exists loading the mss file  C:/Users/suren/Documents/ECE_520/Final_Project/Sandbox/signal_detect_vitis/signal_detect_platform/ps7_cortexa9_0/standalone_domain/bsp/system.mss
TRACE::2026-04-26.19:26:48::SCWMssOS::Opened the sw design from mss  C:/Users/suren/Documents/ECE_520/Final_Project/Sandbox/signal_detect_vitis/signal_detect_platform/ps7_cortexa9_0/standalone_domain/bsp/system.mss
TRACE::2026-04-26.19:26:48::SCWMssOS::Adding the swdes entry C:/Users/suren/Documents/ECE_520/Final_Project/Sandbox/signal_detect_vitis/signal_detect_platform/ps7_cortexa9_0/standalone_domain/bsp/system.mss with des name system_0
TRACE::2026-04-26.19:26:48::SCWMssOS::updating the scw layer about changes
TRACE::2026-04-26.19:26:48::SCWMssOS::Opened the sw design.  C:/Users/suren/Documents/ECE_520/Final_Project/Sandbox/signal_detect_vitis/signal_detect_platform/ps7_cortexa9_0/standalone_domain/bsp/system.mss
TRACE::2026-04-26.19:26:48::SCWMssOS::Saving the mss changes C:/Users/suren/Documents/ECE_520/Final_Project/Sandbox/signal_detect_vitis/signal_detect_platform/ps7_cortexa9_0/standalone_domain/bsp/system.mss
TRACE::2026-04-26.19:26:48::SCWMssOS::Found a swdesign opened with the mssfile.
TRACE::2026-04-26.19:26:48::SCWMssOS::Completed writemss as part of save.
TRACE::2026-04-26.19:26:48::SCWMssOS::Commit changes completed.
TRACE::2026-04-26.19:26:48::SCWReader::Adding prebuilt librarypaths as   
TRACE::2026-04-26.19:26:48::SCWReader::Adding prebuilt incpaths  as   
TRACE::2026-04-26.19:26:48::SCWPlatform::Trying to open the hw design at C:/Users/suren/Documents/ECE_520/Final_Project/Sandbox/signal_detect_vitis/signal_detect_platform/hw/signal_detect_bd_wrapper.xsa
TRACE::2026-04-26.19:26:48::SCWPlatform::DSA given C:/Users/suren/Documents/ECE_520/Final_Project/Sandbox/signal_detect_vitis/signal_detect_platform/hw/signal_detect_bd_wrapper.xsa
TRACE::2026-04-26.19:26:48::SCWPlatform::DSA absoulate path C:/Users/suren/Documents/ECE_520/Final_Project/Sandbox/signal_detect_vitis/signal_detect_platform/hw/signal_detect_bd_wrapper.xsa
TRACE::2026-04-26.19:26:48::SCWPlatform::DSA directory C:/Users/suren/Documents/ECE_520/Final_Project/Sandbox/signal_detect_vitis/signal_detect_platform/hw
TRACE::2026-04-26.19:26:48::SCWPlatform:: Platform Path C:/Users/suren/Documents/ECE_520/Final_Project/Sandbox/signal_detect_vitis/signal_detect_platform/hw/signal_detect_bd_wrapper.xsa
TRACE::2026-04-26.19:26:48::SCWPlatform:: Unique name xilinx:zybo-z7-10::0.0
TRACE::2026-04-26.19:26:48::SCWPlatform::Trying to set the existing hwdb with name signal_detect_bd_wrapper_16
TRACE::2026-04-26.19:26:48::SCWPlatform::Opened existing hwdb signal_detect_bd_wrapper_16
TRACE::2026-04-26.19:26:48::SCWPlatform::Found the Hw Db part of the input DSA
TRACE::2026-04-26.19:26:48::SCWMssOS::Checking the sw design at  C:/Users/suren/Documents/ECE_520/Final_Project/Sandbox/signal_detect_vitis/signal_detect_platform/ps7_cortexa9_0/standalone_domain/bsp/system.mss
TRACE::2026-04-26.19:26:48::SCWMssOS::DEBUG:  swdes dump  C:/Users/suren/Documents/ECE_520/Final_Project/Sandbox/signal_detect_vitis/signal_detect_platform/ps7_cortexa9_0/standalone_domain/bsp/system.mss|system_0||
C:/Users/suren/Documents/ECE_520/Final_Project/Sandbox/signal_detect_vitis/signal_detect_platform/zynq_fsbl/zynq_fsbl_bsp/system.mss|system||

TRACE::2026-04-26.19:26:48::SCWMssOS::Sw design exists and opened at  C:/Users/suren/Documents/ECE_520/Final_Project/Sandbox/signal_detect_vitis/signal_detect_platform/ps7_cortexa9_0/standalone_domain/bsp/system.mss
TRACE::2026-04-26.19:26:48::SCWReader::No isolation master present  
LOG::2026-04-26.19:26:51::SCWPlatform::Started generating the artifacts platform signal_detect_platform
TRACE::2026-04-26.19:26:51::SCWPlatform::Sanity checking of platform is completed
LOG::2026-04-26.19:26:51::SCWPlatform::Started generating the artifacts for system configuration signal_detect_platform
LOG::2026-04-26.19:26:51::SCWSystem::Checking the domain zynq_fsbl
LOG::2026-04-26.19:26:51::SCWSystem::Doing application build for :  zynq_fsbl
TRACE::2026-04-26.19:26:51::SCWBDomain::Not a forced makefile updation, No changes are present. 
TRACE::2026-04-26.19:26:51::SCWDomain::Skipping the build for domain :  zynq_fsbl
LOG::2026-04-26.19:26:51::SCWSystem::Checking the domain standalone_domain
LOG::2026-04-26.19:26:51::SCWSystem::Not a boot domain 
LOG::2026-04-26.19:26:51::SCWSystem::Started Processing the domain standalone_domain
TRACE::2026-04-26.19:26:51::SCWDomain::Generating domain artifcats
TRACE::2026-04-26.19:26:51::SCWMssOS::Generating standalone artifcats
TRACE::2026-04-26.19:26:51::SCWMssOS::Copying the qemu file from  C:/Users/suren/Documents/ECE_520/Final_Project/Sandbox/signal_detect_vitis/signal_detect_platform/resources/signal_detect_platform/standalone_domain/qemu_args.txt To C:/Users/suren/Documents/ECE_520/Final_Project/Sandbox/signal_detect_vitis/signal_detect_platform/export/signal_detect_platform/sw/signal_detect_platform/qemu/
TRACE::2026-04-26.19:26:51::SCWMssOS::Copying the qemu file from  C:/Users/suren/Documents/ECE_520/Final_Project/Sandbox/signal_detect_vitis/signal_detect_platform/resources/signal_detect_platform/standalone_domain/qemu_args.txt To C:/Users/suren/Documents/ECE_520/Final_Project/Sandbox/signal_detect_vitis/signal_detect_platform/export/signal_detect_platform/sw/signal_detect_platform/standalone_domain/qemu/
TRACE::2026-04-26.19:26:51::SCWMssOS:: Copying the user libraries. 
TRACE::2026-04-26.19:26:51::SCWPlatform::Trying to open the hw design at C:/Users/suren/Documents/ECE_520/Final_Project/Sandbox/signal_detect_vitis/signal_detect_platform/hw/signal_detect_bd_wrapper.xsa
TRACE::2026-04-26.19:26:51::SCWPlatform::DSA given C:/Users/suren/Documents/ECE_520/Final_Project/Sandbox/signal_detect_vitis/signal_detect_platform/hw/signal_detect_bd_wrapper.xsa
TRACE::2026-04-26.19:26:52::SCWPlatform::DSA absoulate path C:/Users/suren/Documents/ECE_520/Final_Project/Sandbox/signal_detect_vitis/signal_detect_platform/hw/signal_detect_bd_wrapper.xsa
TRACE::2026-04-26.19:26:52::SCWPlatform::DSA directory C:/Users/suren/Documents/ECE_520/Final_Project/Sandbox/signal_detect_vitis/signal_detect_platform/hw
TRACE::2026-04-26.19:26:52::SCWPlatform:: Platform Path C:/Users/suren/Documents/ECE_520/Final_Project/Sandbox/signal_detect_vitis/signal_detect_platform/hw/signal_detect_bd_wrapper.xsa
TRACE::2026-04-26.19:26:52::SCWPlatform:: Unique name xilinx:zybo-z7-10::0.0
TRACE::2026-04-26.19:26:52::SCWPlatform::Trying to set the existing hwdb with name signal_detect_bd_wrapper_16
TRACE::2026-04-26.19:26:52::SCWPlatform::Could not get the HWDB from existing dbname
TRACE::2026-04-26.19:26:52::SCWPlatform::Do not have an existing db opened. Attempting to open the hwDb. 
TRACE::2026-04-26.19:26:52::SCWPlatform::Opened new HwDB with name signal_detect_bd_wrapper_17
TRACE::2026-04-26.19:26:52::SCWMssOS::Checking the sw design at  C:/Users/suren/Documents/ECE_520/Final_Project/Sandbox/signal_detect_vitis/signal_detect_platform/ps7_cortexa9_0/standalone_domain/bsp/system.mss
TRACE::2026-04-26.19:26:52::SCWMssOS::DEBUG:  swdes dump  C:/Users/suren/Documents/ECE_520/Final_Project/Sandbox/signal_detect_vitis/signal_detect_platform/ps7_cortexa9_0/standalone_domain/bsp/system.mss|system_0||
C:/Users/suren/Documents/ECE_520/Final_Project/Sandbox/signal_detect_vitis/signal_detect_platform/zynq_fsbl/zynq_fsbl_bsp/system.mss|system||

TRACE::2026-04-26.19:26:52::SCWMssOS::Sw design exists and opened at  C:/Users/suren/Documents/ECE_520/Final_Project/Sandbox/signal_detect_vitis/signal_detect_platform/ps7_cortexa9_0/standalone_domain/bsp/system.mss
TRACE::2026-04-26.19:26:52::SCWMssOS::Completed writing the mss file at C:/Users/suren/Documents/ECE_520/Final_Project/Sandbox/signal_detect_vitis/signal_detect_platform/ps7_cortexa9_0/standalone_domain/bsp
TRACE::2026-04-26.19:26:52::SCWMssOS::Mss edits present, copying mssfile into export location C:/Users/suren/Documents/ECE_520/Final_Project/Sandbox/signal_detect_vitis/signal_detect_platform/ps7_cortexa9_0/standalone_domain/bsp/system.mss
TRACE::2026-04-26.19:26:52::SCWMssOS::bsp generated is stale removing and regenerating. 
TRACE::2026-04-26.19:26:53::SCWMssOS::doing bsp build ... 
TRACE::2026-04-26.19:26:53::SCWMssOS::System Command Ran  C: & cd  C:/Users/suren/Documents/ECE_520/Final_Project/Sandbox/signal_detect_vitis/signal_detect_platform/ps7_cortexa9_0/standalone_domain/bsp & make 
TRACE::2026-04-26.19:26:53::SCWMssOS::make --no-print-directory seq_libs

TRACE::2026-04-26.19:26:53::SCWMssOS::'Finished building libraries sequentially.'

TRACE::2026-04-26.19:26:53::SCWMssOS::make -j 6 --no-print-directory par_libs

TRACE::2026-04-26.19:26:53::SCWMssOS::"Running Make include in ps7_cortexa9_0/libsrc/coresightps_dcc_v1_8/src"

TRACE::2026-04-26.19:26:53::SCWMssOS::make -C ps7_cortexa9_0/libsrc/coresightps_dcc_v1_8/src -s include  "SHELL=CMD" "COMPILER=arm-none-eabi-gcc" "ASSEMBLER=arm-none
TRACE::2026-04-26.19:26:53::SCWMssOS::-eabi-as" "ARCHIVER=arm-none-eabi-ar" "COMPILER_FLAGS=  -O2 -c" "EXTRA_COMPILER_FLAGS=-mcpu=cortex-a9 -mfpu=vfpv3 -mfloat-abi=h
TRACE::2026-04-26.19:26:53::SCWMssOS::ard -nostartfiles -g -Wall -Wextra -fno-tree-loop-distribute-patterns"

TRACE::2026-04-26.19:26:53::SCWMssOS::"Running Make include in ps7_cortexa9_0/libsrc/cpu_cortexa9_v2_11/src"

TRACE::2026-04-26.19:26:53::SCWMssOS::make -C ps7_cortexa9_0/libsrc/cpu_cortexa9_v2_11/src -s include  "SHELL=CMD" "COMPILER=arm-none-eabi-gcc" "ASSEMBLER=arm-none-e
TRACE::2026-04-26.19:26:53::SCWMssOS::abi-as" "ARCHIVER=arm-none-eabi-ar" "COMPILER_FLAGS=  -O2 -c" "EXTRA_COMPILER_FLAGS=-mcpu=cortex-a9 -mfpu=vfpv3 -mfloat-abi=har
TRACE::2026-04-26.19:26:53::SCWMssOS::d -nostartfiles -g -Wall -Wextra -fno-tree-loop-distribute-patterns"

TRACE::2026-04-26.19:26:53::SCWMssOS::"Running Make include in ps7_cortexa9_0/libsrc/ddrps_v1_2/src"

TRACE::2026-04-26.19:26:53::SCWMssOS::make -C ps7_cortexa9_0/libsrc/ddrps_v1_2/src -s include  "SHELL=CMD" "COMPILER=arm-none-eabi-gcc" "ASSEMBLER=arm-none-eabi-as" 
TRACE::2026-04-26.19:26:53::SCWMssOS::"ARCHIVER=arm-none-eabi-ar" "COMPILER_FLAGS=  -O2 -c" "EXTRA_COMPILER_FLAGS=-mcpu=cortex-a9 -mfpu=vfpv3 -mfloat-abi=hard -nosta
TRACE::2026-04-26.19:26:53::SCWMssOS::rtfiles -g -Wall -Wextra -fno-tree-loop-distribute-patterns"

TRACE::2026-04-26.19:26:53::SCWMssOS::"Running Make include in ps7_cortexa9_0/libsrc/devcfg_v3_7/src"

TRACE::2026-04-26.19:26:53::SCWMssOS::make -C ps7_cortexa9_0/libsrc/devcfg_v3_7/src -s include  "SHELL=CMD" "COMPILER=arm-none-eabi-gcc" "ASSEMBLER=arm-none-eabi-as"
TRACE::2026-04-26.19:26:53::SCWMssOS:: "ARCHIVER=arm-none-eabi-ar" "COMPILER_FLAGS=  -O2 -c" "EXTRA_COMPILER_FLAGS=-mcpu=cortex-a9 -mfpu=vfpv3 -mfloat-abi=hard -nost
TRACE::2026-04-26.19:26:53::SCWMssOS::artfiles -g -Wall -Wextra -fno-tree-loop-distribute-patterns"

TRACE::2026-04-26.19:26:53::SCWMssOS::"Running Make include in ps7_cortexa9_0/libsrc/dmaps_v2_8/src"

TRACE::2026-04-26.19:26:53::SCWMssOS::make -C ps7_cortexa9_0/libsrc/dmaps_v2_8/src -s include  "SHELL=CMD" "COMPILER=arm-none-eabi-gcc" "ASSEMBLER=arm-none-eabi-as" 
TRACE::2026-04-26.19:26:53::SCWMssOS::"ARCHIVER=arm-none-eabi-ar" "COMPILER_FLAGS=  -O2 -c" "EXTRA_COMPILER_FLAGS=-mcpu=cortex-a9 -mfpu=vfpv3 -mfloat-abi=hard -nosta
TRACE::2026-04-26.19:26:53::SCWMssOS::rtfiles -g -Wall -Wextra -fno-tree-loop-distribute-patterns"

TRACE::2026-04-26.19:26:53::SCWMssOS::"Running Make include in ps7_cortexa9_0/libsrc/emacps_v3_18/src"

TRACE::2026-04-26.19:26:53::SCWMssOS::make -C ps7_cortexa9_0/libsrc/emacps_v3_18/src -s include  "SHELL=CMD" "COMPILER=arm-none-eabi-gcc" "ASSEMBLER=arm-none-eabi-as
TRACE::2026-04-26.19:26:53::SCWMssOS::" "ARCHIVER=arm-none-eabi-ar" "COMPILER_FLAGS=  -O2 -c" "EXTRA_COMPILER_FLAGS=-mcpu=cortex-a9 -mfpu=vfpv3 -mfloat-abi=hard -nos
TRACE::2026-04-26.19:26:53::SCWMssOS::tartfiles -g -Wall -Wextra -fno-tree-loop-distribute-patterns"

TRACE::2026-04-26.19:26:53::SCWMssOS::"Running Make include in ps7_cortexa9_0/libsrc/gpiops_v3_11/src"

TRACE::2026-04-26.19:26:53::SCWMssOS::make -C ps7_cortexa9_0/libsrc/gpiops_v3_11/src -s include  "SHELL=CMD" "COMPILER=arm-none-eabi-gcc" "ASSEMBLER=arm-none-eabi-as
TRACE::2026-04-26.19:26:53::SCWMssOS::" "ARCHIVER=arm-none-eabi-ar" "COMPILER_FLAGS=  -O2 -c" "EXTRA_COMPILER_FLAGS=-mcpu=cortex-a9 -mfpu=vfpv3 -mfloat-abi=hard -nos
TRACE::2026-04-26.19:26:53::SCWMssOS::tartfiles -g -Wall -Wextra -fno-tree-loop-distribute-patterns"

TRACE::2026-04-26.19:26:53::SCWMssOS::"Running Make include in ps7_cortexa9_0/libsrc/gpio_v4_9/src"

TRACE::2026-04-26.19:26:53::SCWMssOS::make -C ps7_cortexa9_0/libsrc/gpio_v4_9/src -s include  "SHELL=CMD" "COMPILER=arm-none-eabi-gcc" "ASSEMBLER=arm-none-eabi-as" "
TRACE::2026-04-26.19:26:53::SCWMssOS::ARCHIVER=arm-none-eabi-ar" "COMPILER_FLAGS=  -O2 -c" "EXTRA_COMPILER_FLAGS=-mcpu=cortex-a9 -mfpu=vfpv3 -mfloat-abi=hard -nostar
TRACE::2026-04-26.19:26:53::SCWMssOS::tfiles -g -Wall -Wextra -fno-tree-loop-distribute-patterns"

TRACE::2026-04-26.19:26:53::SCWMssOS::"Running Make include in ps7_cortexa9_0/libsrc/qspips_v3_10/src"

TRACE::2026-04-26.19:26:53::SCWMssOS::make -C ps7_cortexa9_0/libsrc/qspips_v3_10/src -s include  "SHELL=CMD" "COMPILER=arm-none-eabi-gcc" "ASSEMBLER=arm-none-eabi-as
TRACE::2026-04-26.19:26:53::SCWMssOS::" "ARCHIVER=arm-none-eabi-ar" "COMPILER_FLAGS=  -O2 -c" "EXTRA_COMPILER_FLAGS=-mcpu=cortex-a9 -mfpu=vfpv3 -mfloat-abi=hard -nos
TRACE::2026-04-26.19:26:53::SCWMssOS::tartfiles -g -Wall -Wextra -fno-tree-loop-distribute-patterns"

TRACE::2026-04-26.19:26:53::SCWMssOS::"Running Make include in ps7_cortexa9_0/libsrc/scugic_v5_1/src"

TRACE::2026-04-26.19:26:53::SCWMssOS::make -C ps7_cortexa9_0/libsrc/scugic_v5_1/src -s include  "SHELL=CMD" "COMPILER=arm-none-eabi-gcc" "ASSEMBLER=arm-none-eabi-as"
TRACE::2026-04-26.19:26:53::SCWMssOS:: "ARCHIVER=arm-none-eabi-ar" "COMPILER_FLAGS=  -O2 -c" "EXTRA_COMPILER_FLAGS=-mcpu=cortex-a9 -mfpu=vfpv3 -mfloat-abi=hard -nost
TRACE::2026-04-26.19:26:53::SCWMssOS::artfiles -g -Wall -Wextra -fno-tree-loop-distribute-patterns"

TRACE::2026-04-26.19:26:53::SCWMssOS::"Running Make include in ps7_cortexa9_0/libsrc/scutimer_v2_4/src"

TRACE::2026-04-26.19:26:53::SCWMssOS::make -C ps7_cortexa9_0/libsrc/scutimer_v2_4/src -s include  "SHELL=CMD" "COMPILER=arm-none-eabi-gcc" "ASSEMBLER=arm-none-eabi-a
TRACE::2026-04-26.19:26:53::SCWMssOS::s" "ARCHIVER=arm-none-eabi-ar" "COMPILER_FLAGS=  -O2 -c" "EXTRA_COMPILER_FLAGS=-mcpu=cortex-a9 -mfpu=vfpv3 -mfloat-abi=hard -no
TRACE::2026-04-26.19:26:53::SCWMssOS::startfiles -g -Wall -Wextra -fno-tree-loop-distribute-patterns"

TRACE::2026-04-26.19:26:53::SCWMssOS::"Running Make include in ps7_cortexa9_0/libsrc/scuwdt_v2_4/src"

TRACE::2026-04-26.19:26:53::SCWMssOS::make -C ps7_cortexa9_0/libsrc/scuwdt_v2_4/src -s include  "SHELL=CMD" "COMPILER=arm-none-eabi-gcc" "ASSEMBLER=arm-none-eabi-as"
TRACE::2026-04-26.19:26:53::SCWMssOS:: "ARCHIVER=arm-none-eabi-ar" "COMPILER_FLAGS=  -O2 -c" "EXTRA_COMPILER_FLAGS=-mcpu=cortex-a9 -mfpu=vfpv3 -mfloat-abi=hard -nost
TRACE::2026-04-26.19:26:53::SCWMssOS::artfiles -g -Wall -Wextra -fno-tree-loop-distribute-patterns"

TRACE::2026-04-26.19:26:53::SCWMssOS::"Running Make include in ps7_cortexa9_0/libsrc/sdps_v4_1/src"

TRACE::2026-04-26.19:26:53::SCWMssOS::make -C ps7_cortexa9_0/libsrc/sdps_v4_1/src -s include  "SHELL=CMD" "COMPILER=arm-none-eabi-gcc" "ASSEMBLER=arm-none-eabi-as" "
TRACE::2026-04-26.19:26:53::SCWMssOS::ARCHIVER=arm-none-eabi-ar" "COMPILER_FLAGS=  -O2 -c" "EXTRA_COMPILER_FLAGS=-mcpu=cortex-a9 -mfpu=vfpv3 -mfloat-abi=hard -nostar
TRACE::2026-04-26.19:26:53::SCWMssOS::tfiles -g -Wall -Wextra -fno-tree-loop-distribute-patterns"

TRACE::2026-04-26.19:26:53::SCWMssOS::"Running Make include in ps7_cortexa9_0/libsrc/standalone_v8_1/src"

TRACE::2026-04-26.19:26:53::SCWMssOS::make -C ps7_cortexa9_0/libsrc/standalone_v8_1/src -s include  "SHELL=CMD" "COMPILER=arm-none-eabi-gcc" "ASSEMBLER=arm-none-eabi
TRACE::2026-04-26.19:26:53::SCWMssOS::-as" "ARCHIVER=arm-none-eabi-ar" "COMPILER_FLAGS=  -O2 -c" "EXTRA_COMPILER_FLAGS=-mcpu=cortex-a9 -mfpu=vfpv3 -mfloat-abi=hard -
TRACE::2026-04-26.19:26:53::SCWMssOS::nostartfiles -g -Wall -Wextra -fno-tree-loop-distribute-patterns"

TRACE::2026-04-26.19:26:53::SCWMssOS::"Running Make include in ps7_cortexa9_0/libsrc/uartps_v3_12/src"

TRACE::2026-04-26.19:26:53::SCWMssOS::make -C ps7_cortexa9_0/libsrc/uartps_v3_12/src -s include  "SHELL=CMD" "COMPILER=arm-none-eabi-gcc" "ASSEMBLER=arm-none-eabi-as
TRACE::2026-04-26.19:26:53::SCWMssOS::" "ARCHIVER=arm-none-eabi-ar" "COMPILER_FLAGS=  -O2 -c" "EXTRA_COMPILER_FLAGS=-mcpu=cortex-a9 -mfpu=vfpv3 -mfloat-abi=hard -nos
TRACE::2026-04-26.19:26:53::SCWMssOS::tartfiles -g -Wall -Wextra -fno-tree-loop-distribute-patterns"

TRACE::2026-04-26.19:26:53::SCWMssOS::"Running Make include in ps7_cortexa9_0/libsrc/usbps_v2_7/src"

TRACE::2026-04-26.19:26:53::SCWMssOS::make -C ps7_cortexa9_0/libsrc/usbps_v2_7/src -s include  "SHELL=CMD" "COMPILER=arm-none-eabi-gcc" "ASSEMBLER=arm-none-eabi-as" 
TRACE::2026-04-26.19:26:53::SCWMssOS::"ARCHIVER=arm-none-eabi-ar" "COMPILER_FLAGS=  -O2 -c" "EXTRA_COMPILER_FLAGS=-mcpu=cortex-a9 -mfpu=vfpv3 -mfloat-abi=hard -nosta
TRACE::2026-04-26.19:26:53::SCWMssOS::rtfiles -g -Wall -Wextra -fno-tree-loop-distribute-patterns"

TRACE::2026-04-26.19:26:53::SCWMssOS::"Running Make include in ps7_cortexa9_0/libsrc/xadcps_v2_6/src"

TRACE::2026-04-26.19:26:53::SCWMssOS::make -C ps7_cortexa9_0/libsrc/xadcps_v2_6/src -s include  "SHELL=CMD" "COMPILER=arm-none-eabi-gcc" "ASSEMBLER=arm-none-eabi-as"
TRACE::2026-04-26.19:26:53::SCWMssOS:: "ARCHIVER=arm-none-eabi-ar" "COMPILER_FLAGS=  -O2 -c" "EXTRA_COMPILER_FLAGS=-mcpu=cortex-a9 -mfpu=vfpv3 -mfloat-abi=hard -nost
TRACE::2026-04-26.19:26:53::SCWMssOS::artfiles -g -Wall -Wextra -fno-tree-loop-distribute-patterns"

TRACE::2026-04-26.19:26:54::SCWMssOS::"Running Make libs in ps7_cortexa9_0/libsrc/coresightps_dcc_v1_8/src"

TRACE::2026-04-26.19:26:54::SCWMssOS::make -C ps7_cortexa9_0/libsrc/coresightps_dcc_v1_8/src -s libs  "SHELL=CMD" "COMPILER=arm-none-eabi-gcc" "ASSEMBLER=arm-none-ea
TRACE::2026-04-26.19:26:54::SCWMssOS::bi-as" "ARCHIVER=arm-none-eabi-ar" "COMPILER_FLAGS=  -O2 -c" "EXTRA_COMPILER_FLAGS=-mcpu=cortex-a9 -mfpu=vfpv3 -mfloat-abi=hard
TRACE::2026-04-26.19:26:54::SCWMssOS:: -nostartfiles -g -Wall -Wextra -fno-tree-loop-distribute-patterns"

TRACE::2026-04-26.19:26:54::SCWMssOS::"Running Make libs in ps7_cortexa9_0/libsrc/cpu_cortexa9_v2_11/src"

TRACE::2026-04-26.19:26:54::SCWMssOS::make -C ps7_cortexa9_0/libsrc/cpu_cortexa9_v2_11/src -s libs  "SHELL=CMD" "COMPILER=arm-none-eabi-gcc" "ASSEMBLER=arm-none-eabi
TRACE::2026-04-26.19:26:54::SCWMssOS::-as" "ARCHIVER=arm-none-eabi-ar" "COMPILER_FLAGS=  -O2 -c" "EXTRA_COMPILER_FLAGS=-mcpu=cortex-a9 -mfpu=vfpv3 -mfloat-abi=hard -
TRACE::2026-04-26.19:26:54::SCWMssOS::nostartfiles -g -Wall -Wextra -fno-tree-loop-distribute-patterns"

TRACE::2026-04-26.19:26:54::SCWMssOS::"Running Make libs in ps7_cortexa9_0/libsrc/ddrps_v1_2/src"

TRACE::2026-04-26.19:26:54::SCWMssOS::make -C ps7_cortexa9_0/libsrc/ddrps_v1_2/src -s libs  "SHELL=CMD" "COMPILER=arm-none-eabi-gcc" "ASSEMBLER=arm-none-eabi-as" "AR
TRACE::2026-04-26.19:26:54::SCWMssOS::CHIVER=arm-none-eabi-ar" "COMPILER_FLAGS=  -O2 -c" "EXTRA_COMPILER_FLAGS=-mcpu=cortex-a9 -mfpu=vfpv3 -mfloat-abi=hard -nostartf
TRACE::2026-04-26.19:26:54::SCWMssOS::iles -g -Wall -Wextra -fno-tree-loop-distribute-patterns"

TRACE::2026-04-26.19:26:54::SCWMssOS::"Running Make libs in ps7_cortexa9_0/libsrc/devcfg_v3_7/src"

TRACE::2026-04-26.19:26:54::SCWMssOS::make -C ps7_cortexa9_0/libsrc/devcfg_v3_7/src -s libs  "SHELL=CMD" "COMPILER=arm-none-eabi-gcc" "ASSEMBLER=arm-none-eabi-as" "A
TRACE::2026-04-26.19:26:54::SCWMssOS::RCHIVER=arm-none-eabi-ar" "COMPILER_FLAGS=  -O2 -c" "EXTRA_COMPILER_FLAGS=-mcpu=cortex-a9 -mfpu=vfpv3 -mfloat-abi=hard -nostart
TRACE::2026-04-26.19:26:54::SCWMssOS::files -g -Wall -Wextra -fno-tree-loop-distribute-patterns"

TRACE::2026-04-26.19:26:54::SCWMssOS::"Running Make libs in ps7_cortexa9_0/libsrc/dmaps_v2_8/src"

TRACE::2026-04-26.19:26:54::SCWMssOS::make -C ps7_cortexa9_0/libsrc/dmaps_v2_8/src -s libs  "SHELL=CMD" "COMPILER=arm-none-eabi-gcc" "ASSEMBLER=arm-none-eabi-as" "AR
TRACE::2026-04-26.19:26:54::SCWMssOS::CHIVER=arm-none-eabi-ar" "COMPILER_FLAGS=  -O2 -c" "EXTRA_COMPILER_FLAGS=-mcpu=cortex-a9 -mfpu=vfpv3 -mfloat-abi=hard -nostartf
TRACE::2026-04-26.19:26:54::SCWMssOS::iles -g -Wall -Wextra -fno-tree-loop-distribute-patterns"

TRACE::2026-04-26.19:26:54::SCWMssOS::"Running Make libs in ps7_cortexa9_0/libsrc/emacps_v3_18/src"

TRACE::2026-04-26.19:26:54::SCWMssOS::make -C ps7_cortexa9_0/libsrc/emacps_v3_18/src -s libs  "SHELL=CMD" "COMPILER=arm-none-eabi-gcc" "ASSEMBLER=arm-none-eabi-as" "
TRACE::2026-04-26.19:26:54::SCWMssOS::ARCHIVER=arm-none-eabi-ar" "COMPILER_FLAGS=  -O2 -c" "EXTRA_COMPILER_FLAGS=-mcpu=cortex-a9 -mfpu=vfpv3 -mfloat-abi=hard -nostar
TRACE::2026-04-26.19:26:54::SCWMssOS::tfiles -g -Wall -Wextra -fno-tree-loop-distribute-patterns"

TRACE::2026-04-26.19:26:54::SCWMssOS::"Running Make libs in ps7_cortexa9_0/libsrc/gpiops_v3_11/src"

TRACE::2026-04-26.19:26:54::SCWMssOS::make -C ps7_cortexa9_0/libsrc/gpiops_v3_11/src -s libs  "SHELL=CMD" "COMPILER=arm-none-eabi-gcc" "ASSEMBLER=arm-none-eabi-as" "
TRACE::2026-04-26.19:26:54::SCWMssOS::ARCHIVER=arm-none-eabi-ar" "COMPILER_FLAGS=  -O2 -c" "EXTRA_COMPILER_FLAGS=-mcpu=cortex-a9 -mfpu=vfpv3 -mfloat-abi=hard -nostar
TRACE::2026-04-26.19:26:54::SCWMssOS::tfiles -g -Wall -Wextra -fno-tree-loop-distribute-patterns"

TRACE::2026-04-26.19:26:55::SCWMssOS::"Running Make libs in ps7_cortexa9_0/libsrc/gpio_v4_9/src"

TRACE::2026-04-26.19:26:55::SCWMssOS::make -C ps7_cortexa9_0/libsrc/gpio_v4_9/src -s libs  "SHELL=CMD" "COMPILER=arm-none-eabi-gcc" "ASSEMBLER=arm-none-eabi-as" "ARC
TRACE::2026-04-26.19:26:55::SCWMssOS::HIVER=arm-none-eabi-ar" "COMPILER_FLAGS=  -O2 -c" "EXTRA_COMPILER_FLAGS=-mcpu=cortex-a9 -mfpu=vfpv3 -mfloat-abi=hard -nostartfi
TRACE::2026-04-26.19:26:55::SCWMssOS::les -g -Wall -Wextra -fno-tree-loop-distribute-patterns"

TRACE::2026-04-26.19:26:55::SCWMssOS::"Running Make libs in ps7_cortexa9_0/libsrc/qspips_v3_10/src"

TRACE::2026-04-26.19:26:55::SCWMssOS::make -C ps7_cortexa9_0/libsrc/qspips_v3_10/src -s libs  "SHELL=CMD" "COMPILER=arm-none-eabi-gcc" "ASSEMBLER=arm-none-eabi-as" "
TRACE::2026-04-26.19:26:55::SCWMssOS::ARCHIVER=arm-none-eabi-ar" "COMPILER_FLAGS=  -O2 -c" "EXTRA_COMPILER_FLAGS=-mcpu=cortex-a9 -mfpu=vfpv3 -mfloat-abi=hard -nostar
TRACE::2026-04-26.19:26:55::SCWMssOS::tfiles -g -Wall -Wextra -fno-tree-loop-distribute-patterns"

TRACE::2026-04-26.19:26:55::SCWMssOS::"Running Make libs in ps7_cortexa9_0/libsrc/scugic_v5_1/src"

TRACE::2026-04-26.19:26:55::SCWMssOS::make -C ps7_cortexa9_0/libsrc/scugic_v5_1/src -s libs  "SHELL=CMD" "COMPILER=arm-none-eabi-gcc" "ASSEMBLER=arm-none-eabi-as" "A
TRACE::2026-04-26.19:26:55::SCWMssOS::RCHIVER=arm-none-eabi-ar" "COMPILER_FLAGS=  -O2 -c" "EXTRA_COMPILER_FLAGS=-mcpu=cortex-a9 -mfpu=vfpv3 -mfloat-abi=hard -nostart
TRACE::2026-04-26.19:26:55::SCWMssOS::files -g -Wall -Wextra -fno-tree-loop-distribute-patterns"

TRACE::2026-04-26.19:26:55::SCWMssOS::"Running Make libs in ps7_cortexa9_0/libsrc/scutimer_v2_4/src"

TRACE::2026-04-26.19:26:55::SCWMssOS::make -C ps7_cortexa9_0/libsrc/scutimer_v2_4/src -s libs  "SHELL=CMD" "COMPILER=arm-none-eabi-gcc" "ASSEMBLER=arm-none-eabi-as" 
TRACE::2026-04-26.19:26:55::SCWMssOS::"ARCHIVER=arm-none-eabi-ar" "COMPILER_FLAGS=  -O2 -c" "EXTRA_COMPILER_FLAGS=-mcpu=cortex-a9 -mfpu=vfpv3 -mfloat-abi=hard -nosta
TRACE::2026-04-26.19:26:55::SCWMssOS::rtfiles -g -Wall -Wextra -fno-tree-loop-distribute-patterns"

TRACE::2026-04-26.19:26:55::SCWMssOS::"Running Make libs in ps7_cortexa9_0/libsrc/scuwdt_v2_4/src"

TRACE::2026-04-26.19:26:55::SCWMssOS::make -C ps7_cortexa9_0/libsrc/scuwdt_v2_4/src -s libs  "SHELL=CMD" "COMPILER=arm-none-eabi-gcc" "ASSEMBLER=arm-none-eabi-as" "A
TRACE::2026-04-26.19:26:55::SCWMssOS::RCHIVER=arm-none-eabi-ar" "COMPILER_FLAGS=  -O2 -c" "EXTRA_COMPILER_FLAGS=-mcpu=cortex-a9 -mfpu=vfpv3 -mfloat-abi=hard -nostart
TRACE::2026-04-26.19:26:55::SCWMssOS::files -g -Wall -Wextra -fno-tree-loop-distribute-patterns"

TRACE::2026-04-26.19:26:56::SCWMssOS::"Running Make libs in ps7_cortexa9_0/libsrc/sdps_v4_1/src"

TRACE::2026-04-26.19:26:56::SCWMssOS::make -C ps7_cortexa9_0/libsrc/sdps_v4_1/src -s libs  "SHELL=CMD" "COMPILER=arm-none-eabi-gcc" "ASSEMBLER=arm-none-eabi-as" "ARC
TRACE::2026-04-26.19:26:56::SCWMssOS::HIVER=arm-none-eabi-ar" "COMPILER_FLAGS=  -O2 -c" "EXTRA_COMPILER_FLAGS=-mcpu=cortex-a9 -mfpu=vfpv3 -mfloat-abi=hard -nostartfi
TRACE::2026-04-26.19:26:56::SCWMssOS::les -g -Wall -Wextra -fno-tree-loop-distribute-patterns"

TRACE::2026-04-26.19:26:56::SCWMssOS::"Running Make libs in ps7_cortexa9_0/libsrc/standalone_v8_1/src"

TRACE::2026-04-26.19:26:56::SCWMssOS::make -C ps7_cortexa9_0/libsrc/standalone_v8_1/src -s libs  "SHELL=CMD" "COMPILER=arm-none-eabi-gcc" "ASSEMBLER=arm-none-eabi-as
TRACE::2026-04-26.19:26:56::SCWMssOS::" "ARCHIVER=arm-none-eabi-ar" "COMPILER_FLAGS=  -O2 -c" "EXTRA_COMPILER_FLAGS=-mcpu=cortex-a9 -mfpu=vfpv3 -mfloat-abi=hard -nos
TRACE::2026-04-26.19:26:56::SCWMssOS::tartfiles -g -Wall -Wextra -fno-tree-loop-distribute-patterns"

TRACE::2026-04-26.19:26:56::SCWMssOS::"Running Make libs in ps7_cortexa9_0/libsrc/uartps_v3_12/src"

TRACE::2026-04-26.19:26:56::SCWMssOS::make -C ps7_cortexa9_0/libsrc/uartps_v3_12/src -s libs  "SHELL=CMD" "COMPILER=arm-none-eabi-gcc" "ASSEMBLER=arm-none-eabi-as" "
TRACE::2026-04-26.19:26:56::SCWMssOS::ARCHIVER=arm-none-eabi-ar" "COMPILER_FLAGS=  -O2 -c" "EXTRA_COMPILER_FLAGS=-mcpu=cortex-a9 -mfpu=vfpv3 -mfloat-abi=hard -nostar
TRACE::2026-04-26.19:26:56::SCWMssOS::tfiles -g -Wall -Wextra -fno-tree-loop-distribute-patterns"

TRACE::2026-04-26.19:26:56::SCWMssOS::"Running Make libs in ps7_cortexa9_0/libsrc/usbps_v2_7/src"

TRACE::2026-04-26.19:26:56::SCWMssOS::make -C ps7_cortexa9_0/libsrc/usbps_v2_7/src -s libs  "SHELL=CMD" "COMPILER=arm-none-eabi-gcc" "ASSEMBLER=arm-none-eabi-as" "AR
TRACE::2026-04-26.19:26:56::SCWMssOS::CHIVER=arm-none-eabi-ar" "COMPILER_FLAGS=  -O2 -c" "EXTRA_COMPILER_FLAGS=-mcpu=cortex-a9 -mfpu=vfpv3 -mfloat-abi=hard -nostartf
TRACE::2026-04-26.19:26:56::SCWMssOS::iles -g -Wall -Wextra -fno-tree-loop-distribute-patterns"

TRACE::2026-04-26.19:26:56::SCWMssOS::"Running Make libs in ps7_cortexa9_0/libsrc/xadcps_v2_6/src"

TRACE::2026-04-26.19:26:56::SCWMssOS::make -C ps7_cortexa9_0/libsrc/xadcps_v2_6/src -s libs  "SHELL=CMD" "COMPILER=arm-none-eabi-gcc" "ASSEMBLER=arm-none-eabi-as" "A
TRACE::2026-04-26.19:26:56::SCWMssOS::RCHIVER=arm-none-eabi-ar" "COMPILER_FLAGS=  -O2 -c" "EXTRA_COMPILER_FLAGS=-mcpu=cortex-a9 -mfpu=vfpv3 -mfloat-abi=hard -nostart
TRACE::2026-04-26.19:26:56::SCWMssOS::files -g -Wall -Wextra -fno-tree-loop-distribute-patterns"

TRACE::2026-04-26.19:26:57::SCWMssOS::'Finished building libraries parallelly.'

TRACE::2026-04-26.19:26:57::SCWMssOS::make --no-print-directory archive

TRACE::2026-04-26.19:26:57::SCWMssOS::arm-none-eabi-ar -r  ps7_cortexa9_0/lib/libxil.a ps7_cortexa9_0/lib/_exit.o ps7_cortexa9_0/lib/_open.o ps7_cortexa9_0/lib/_sbrk
TRACE::2026-04-26.19:26:57::SCWMssOS::.o ps7_cortexa9_0/lib/abort.o ps7_cortexa9_0/lib/asm_vectors.o ps7_cortexa9_0/lib/boot.o ps7_cortexa9_0/lib/close.o ps7_cortexa
TRACE::2026-04-26.19:26:57::SCWMssOS::9_0/lib/cpputest_time.o ps7_cortexa9_0/lib/cpu_init.o ps7_cortexa9_0/lib/errno.o ps7_cortexa9_0/lib/fcntl.o ps7_cortexa9_0/lib/
TRACE::2026-04-26.19:26:57::SCWMssOS::fstat.o ps7_cortexa9_0/lib/getentropy.o ps7_cortexa9_0/lib/getpid.o ps7_cortexa9_0/lib/inbyte.o ps7_cortexa9_0/lib/isatty.o ps7
TRACE::2026-04-26.19:26:57::SCWMssOS::_cortexa9_0/lib/kill.o ps7_cortexa9_0/lib/lseek.o ps7_cortexa9_0/lib/open.o ps7_cortexa9_0/lib/outbyte.o ps7_cortexa9_0/lib/pri
TRACE::2026-04-26.19:26:57::SCWMssOS::nt.o ps7_cortexa9_0/lib/putnum.o ps7_cortexa9_0/lib/read.o ps7_cortexa9_0/lib/sbrk.o ps7_cortexa9_0/lib/sleep.o ps7_cortexa9_0/
TRACE::2026-04-26.19:26:57::SCWMssOS::lib/time.o ps7_cortexa9_0/lib/translation_table.o ps7_cortexa9_0/lib/unlink.o ps7_cortexa9_0/lib/usleep.o ps7_cortexa9_0/lib/ve
TRACE::2026-04-26.19:26:57::SCWMssOS::ctors.o ps7_cortexa9_0/lib/write.o ps7_cortexa9_0/lib/xadcps.o ps7_cortexa9_0/lib/xadcps_g.o ps7_cortexa9_0/lib/xadcps_intr.o p
TRACE::2026-04-26.19:26:57::SCWMssOS::s7_cortexa9_0/lib/xadcps_selftest.o ps7_cortexa9_0/lib/xadcps_sinit.o ps7_cortexa9_0/lib/xcoresightpsdcc.o ps7_cortexa9_0/lib/x
TRACE::2026-04-26.19:26:57::SCWMssOS::devcfg.o ps7_cortexa9_0/lib/xdevcfg_g.o ps7_cortexa9_0/lib/xdevcfg_hw.o ps7_cortexa9_0/lib/xdevcfg_intr.o ps7_cortexa9_0/lib/xd
TRACE::2026-04-26.19:26:57::SCWMssOS::evcfg_selftest.o ps7_cortexa9_0/lib/xdevcfg_sinit.o ps7_cortexa9_0/lib/xdmaps.o ps7_cortexa9_0/lib/xdmaps_g.o ps7_cortexa9_0/li
TRACE::2026-04-26.19:26:57::SCWMssOS::b/xdmaps_hw.o ps7_cortexa9_0/lib/xdmaps_selftest.o ps7_cortexa9_0/lib/xdmaps_sinit.o ps7_cortexa9_0/lib/xemacps.o ps7_cortexa9_
TRACE::2026-04-26.19:26:57::SCWMssOS::0/lib/xemacps_bdring.o ps7_cortexa9_0/lib/xemacps_control.o ps7_cortexa9_0/lib/xemacps_g.o ps7_cortexa9_0/lib/xemacps_hw.o ps7_
TRACE::2026-04-26.19:26:57::SCWMssOS::cortexa9_0/lib/xemacps_intr.o ps7_cortexa9_0/lib/xemacps_sinit.o ps7_cortexa9_0/lib/xgpio.o ps7_cortexa9_0/lib/xgpio_extra.o ps
TRACE::2026-04-26.19:26:57::SCWMssOS::7_cortexa9_0/lib/xgpio_g.o ps7_cortexa9_0/lib/xgpio_intr.o ps7_cortexa9_0/lib/xgpio_selftest.o ps7_cortexa9_0/lib/xgpio_sinit.o
TRACE::2026-04-26.19:26:57::SCWMssOS:: ps7_cortexa9_0/lib/xgpiops.o ps7_cortexa9_0/lib/xgpiops_g.o ps7_cortexa9_0/lib/xgpiops_hw.o ps7_cortexa9_0/lib/xgpiops_intr.o 
TRACE::2026-04-26.19:26:57::SCWMssOS::ps7_cortexa9_0/lib/xgpiops_selftest.o ps7_cortexa9_0/lib/xgpiops_sinit.o ps7_cortexa9_0/lib/xil-crt0.o ps7_cortexa9_0/lib/xil_a
TRACE::2026-04-26.19:26:57::SCWMssOS::ssert.o ps7_cortexa9_0/lib/xil_cache.o ps7_cortexa9_0/lib/xil_clocking.o ps7_cortexa9_0/lib/xil_exception.o ps7_cortexa9_0/lib/
TRACE::2026-04-26.19:26:57::SCWMssOS::xil_mem.o ps7_cortexa9_0/lib/xil_misc_psreset_api.o ps7_cortexa9_0/lib/xil_mmu.o ps7_cortexa9_0/lib/xil_printf.o ps7_cortexa9_0
TRACE::2026-04-26.19:26:57::SCWMssOS::/lib/xil_sleepcommon.o ps7_cortexa9_0/lib/xil_sleeptimer.o ps7_cortexa9_0/lib/xil_spinlock.o ps7_cortexa9_0/lib/xil_testcache.o
TRACE::2026-04-26.19:26:57::SCWMssOS:: ps7_cortexa9_0/lib/xil_testio.o ps7_cortexa9_0/lib/xil_testmem.o ps7_cortexa9_0/lib/xil_util.o ps7_cortexa9_0/lib/xinterrupt_w
TRACE::2026-04-26.19:26:57::SCWMssOS::rap.o ps7_cortexa9_0/lib/xl2cc_counter.o ps7_cortexa9_0/lib/xplatform_info.o ps7_cortexa9_0/lib/xpm_counter.o ps7_cortexa9_0/li
TRACE::2026-04-26.19:26:57::SCWMssOS::b/xqspips.o ps7_cortexa9_0/lib/xqspips_g.o ps7_cortexa9_0/lib/xqspips_hw.o ps7_cortexa9_0/lib/xqspips_options.o ps7_cortexa9_0/
TRACE::2026-04-26.19:26:57::SCWMssOS::lib/xqspips_selftest.o ps7_cortexa9_0/lib/xqspips_sinit.o ps7_cortexa9_0/lib/xscugic.o ps7_cortexa9_0/lib/xscugic_g.o ps7_corte
TRACE::2026-04-26.19:26:57::SCWMssOS::xa9_0/lib/xscugic_hw.o ps7_cortexa9_0/lib/xscugic_intr.o ps7_cortexa9_0/lib/xscugic_selftest.o ps7_cortexa9_0/lib/xscugic_sinit
TRACE::2026-04-26.19:26:57::SCWMssOS::.o ps7_cortexa9_0/lib/xscutimer.o ps7_cortexa9_0/lib/xscutimer_g.o ps7_cortexa9_0/lib/xscutimer_selftest.o ps7_cortexa9_0/lib/x
TRACE::2026-04-26.19:26:57::SCWMssOS::scutimer_sinit.o ps7_cortexa9_0/lib/xscuwdt.o ps7_cortexa9_0/lib/xscuwdt_g.o ps7_cortexa9_0/lib/xscuwdt_selftest.o ps7_cortexa9
TRACE::2026-04-26.19:26:57::SCWMssOS::_0/lib/xscuwdt_sinit.o ps7_cortexa9_0/lib/xsdps.o ps7_cortexa9_0/lib/xsdps_card.o ps7_cortexa9_0/lib/xsdps_g.o ps7_cortexa9_0/l
TRACE::2026-04-26.19:26:57::SCWMssOS::ib/xsdps_host.o ps7_cortexa9_0/lib/xsdps_options.o ps7_cortexa9_0/lib/xsdps_sinit.o ps7_cortexa9_0/lib/xtime_l.o ps7_cortexa9_0
TRACE::2026-04-26.19:26:57::SCWMssOS::/lib/xuartps.o ps7_cortexa9_0/lib/xuartps_g.o ps7_cortexa9_0/lib/xuartps_hw.o ps7_cortexa9_0/lib/xuartps_intr.o ps7_cortexa9_0/
TRACE::2026-04-26.19:26:57::SCWMssOS::lib/xuartps_options.o ps7_cortexa9_0/lib/xuartps_selftest.o ps7_cortexa9_0/lib/xuartps_sinit.o ps7_cortexa9_0/lib/xusbps.o ps7_
TRACE::2026-04-26.19:26:57::SCWMssOS::cortexa9_0/lib/xusbps_endpoint.o ps7_cortexa9_0/lib/xusbps_g.o ps7_cortexa9_0/lib/xusbps_hw.o ps7_cortexa9_0/lib/xusbps_intr.o 
TRACE::2026-04-26.19:26:57::SCWMssOS::ps7_cortexa9_0/lib/xusbps_sinit.o

TRACE::2026-04-26.19:26:57::SCWMssOS::'Finished building libraries'

TRACE::2026-04-26.19:26:58::SCWMssOS:: Checking if to create the Supporting Applications
TRACE::2026-04-26.19:26:58::SCWMssOS:: No Linux domain exists, trying to generate FSBL 
LOG::2026-04-26.19:26:58::SCWSystem::Completed Processing the domain standalone_domain
LOG::2026-04-26.19:26:58::SCWSystem::Completed Processing the sysconfig signal_detect_platform
LOG::2026-04-26.19:26:58::SCWPlatform::Completed generating the artifacts for system configuration signal_detect_platform
TRACE::2026-04-26.19:26:58::SCWPlatform::Started preparing the platform 
TRACE::2026-04-26.19:26:58::SCWSystem::Writing the bif file for system config signal_detect_platform
TRACE::2026-04-26.19:26:58::SCWSystem::dir created 
TRACE::2026-04-26.19:26:58::SCWSystem::Writing the bif 
TRACE::2026-04-26.19:26:58::SCWPlatform::Started writing the spfm file 
TRACE::2026-04-26.19:26:58::SCWPlatform::Started writing the xpfm file 
TRACE::2026-04-26.19:26:58::SCWPlatform::Completed generating the platform
TRACE::2026-04-26.19:26:58::SCWMssOS::Saving the mss changes C:/Users/suren/Documents/ECE_520/Final_Project/Sandbox/signal_detect_vitis/signal_detect_platform/zynq_fsbl/zynq_fsbl_bsp/system.mss
TRACE::2026-04-26.19:26:58::SCWMssOS::Found a swdesign opened with the mssfile.
TRACE::2026-04-26.19:26:58::SCWMssOS::Completed writemss as part of save.
TRACE::2026-04-26.19:26:58::SCWMssOS::Commit changes completed.
TRACE::2026-04-26.19:26:58::SCWMssOS::Saving the mss changes C:/Users/suren/Documents/ECE_520/Final_Project/Sandbox/signal_detect_vitis/signal_detect_platform/ps7_cortexa9_0/standalone_domain/bsp/system.mss
TRACE::2026-04-26.19:26:58::SCWMssOS::Adding the swdes entry, mss present, able to open swdb C:/Users/suren/Documents/ECE_520/Final_Project/Sandbox/signal_detect_vitis/signal_detect_platform/ps7_cortexa9_0/standalone_domain/bsp/system.mss with des name system_0
TRACE::2026-04-26.19:26:58::SCWMssOS::Writing the mss file completed C:/Users/suren/Documents/ECE_520/Final_Project/Sandbox/signal_detect_vitis/signal_detect_platform/ps7_cortexa9_0/standalone_domain/bsp/system.mss
TRACE::2026-04-26.19:26:58::SCWMssOS::Commit changes completed.
TRACE::2026-04-26.19:26:58::SCWPlatform::Trying to open the hw design at C:/Users/suren/Documents/ECE_520/Final_Project/Sandbox/signal_detect_vitis/signal_detect_platform/hw/signal_detect_bd_wrapper.xsa
TRACE::2026-04-26.19:26:58::SCWPlatform::DSA given C:/Users/suren/Documents/ECE_520/Final_Project/Sandbox/signal_detect_vitis/signal_detect_platform/hw/signal_detect_bd_wrapper.xsa
TRACE::2026-04-26.19:26:58::SCWPlatform::DSA absoulate path C:/Users/suren/Documents/ECE_520/Final_Project/Sandbox/signal_detect_vitis/signal_detect_platform/hw/signal_detect_bd_wrapper.xsa
TRACE::2026-04-26.19:26:58::SCWPlatform::DSA directory C:/Users/suren/Documents/ECE_520/Final_Project/Sandbox/signal_detect_vitis/signal_detect_platform/hw
TRACE::2026-04-26.19:26:58::SCWPlatform:: Platform Path C:/Users/suren/Documents/ECE_520/Final_Project/Sandbox/signal_detect_vitis/signal_detect_platform/hw/signal_detect_bd_wrapper.xsa
TRACE::2026-04-26.19:26:58::SCWPlatform:: Unique name xilinx:zybo-z7-10::0.0
TRACE::2026-04-26.19:26:58::SCWPlatform::Trying to set the existing hwdb with name signal_detect_bd_wrapper_17
TRACE::2026-04-26.19:26:58::SCWPlatform::Opened existing hwdb signal_detect_bd_wrapper_17
TRACE::2026-04-26.19:26:58::SCWPlatform::Found the Hw Db part of the input DSA
TRACE::2026-04-26.19:26:58::SCWMssOS::Checking the sw design at  C:/Users/suren/Documents/ECE_520/Final_Project/Sandbox/signal_detect_vitis/signal_detect_platform/zynq_fsbl/zynq_fsbl_bsp/system.mss
TRACE::2026-04-26.19:26:58::SCWMssOS::DEBUG:  swdes dump  C:/Users/suren/Documents/ECE_520/Final_Project/Sandbox/signal_detect_vitis/signal_detect_platform/ps7_cortexa9_0/standalone_domain/bsp/system.mss|system_0||
C:/Users/suren/Documents/ECE_520/Final_Project/Sandbox/signal_detect_vitis/signal_detect_platform/zynq_fsbl/zynq_fsbl_bsp/system.mss|system||

TRACE::2026-04-26.19:26:58::SCWMssOS::Sw design exists and opened at  C:/Users/suren/Documents/ECE_520/Final_Project/Sandbox/signal_detect_vitis/signal_detect_platform/zynq_fsbl/zynq_fsbl_bsp/system.mss
TRACE::2026-04-26.19:26:58::SCWPlatform::Trying to open the hw design at C:/Users/suren/Documents/ECE_520/Final_Project/Sandbox/signal_detect_vitis/signal_detect_platform/hw/signal_detect_bd_wrapper.xsa
TRACE::2026-04-26.19:26:58::SCWPlatform::DSA given C:/Users/suren/Documents/ECE_520/Final_Project/Sandbox/signal_detect_vitis/signal_detect_platform/hw/signal_detect_bd_wrapper.xsa
TRACE::2026-04-26.19:26:58::SCWPlatform::DSA absoulate path C:/Users/suren/Documents/ECE_520/Final_Project/Sandbox/signal_detect_vitis/signal_detect_platform/hw/signal_detect_bd_wrapper.xsa
TRACE::2026-04-26.19:26:58::SCWPlatform::DSA directory C:/Users/suren/Documents/ECE_520/Final_Project/Sandbox/signal_detect_vitis/signal_detect_platform/hw
TRACE::2026-04-26.19:26:58::SCWPlatform:: Platform Path C:/Users/suren/Documents/ECE_520/Final_Project/Sandbox/signal_detect_vitis/signal_detect_platform/hw/signal_detect_bd_wrapper.xsa
TRACE::2026-04-26.19:26:58::SCWPlatform:: Unique name xilinx:zybo-z7-10::0.0
TRACE::2026-04-26.19:26:58::SCWPlatform::Trying to set the existing hwdb with name signal_detect_bd_wrapper_17
TRACE::2026-04-26.19:26:58::SCWPlatform::Opened existing hwdb signal_detect_bd_wrapper_17
TRACE::2026-04-26.19:26:58::SCWPlatform::Found the Hw Db part of the input DSA
TRACE::2026-04-26.19:26:58::SCWMssOS::Checking the sw design at  C:/Users/suren/Documents/ECE_520/Final_Project/Sandbox/signal_detect_vitis/signal_detect_platform/ps7_cortexa9_0/standalone_domain/bsp/system.mss
TRACE::2026-04-26.19:26:58::SCWMssOS::DEBUG:  swdes dump  C:/Users/suren/Documents/ECE_520/Final_Project/Sandbox/signal_detect_vitis/signal_detect_platform/ps7_cortexa9_0/standalone_domain/bsp/system.mss|system_0||
C:/Users/suren/Documents/ECE_520/Final_Project/Sandbox/signal_detect_vitis/signal_detect_platform/zynq_fsbl/zynq_fsbl_bsp/system.mss|system||

TRACE::2026-04-26.19:26:58::SCWMssOS::Sw design exists and opened at  C:/Users/suren/Documents/ECE_520/Final_Project/Sandbox/signal_detect_vitis/signal_detect_platform/ps7_cortexa9_0/standalone_domain/bsp/system.mss
TRACE::2026-04-26.19:26:58::SCWWriter::formatted JSON is {
	"platformName":	"signal_detect_platform",
	"sprVersion":	"2.0",
	"mode":	"gui",
	"dsaType":	"Fixed",
	"platformDesc":	"signal_detect_platform",
	"platHandOff":	"C:/Users/suren/Documents/ECE_520/Final_Project/Sandbox/signal_detect_sb/signal_detect_bd_wrapper.xsa",
	"platIntHandOff":	"<platformDir>/hw/signal_detect_bd_wrapper.xsa",
	"deviceType":	"zynq",
	"platIsPrebuiltAutogen":	"false",
	"platIsNoBootBsp":	"false",
	"hasFsblMakeHasChanges":	"false",
	"hasPmufwMakeHasChanges":	"false",
	"fsblExtraCompilerFlags":	"-MMD -MP       -mcpu=cortex-a9 -mfpu=vfpv3 -mfloat-abi=hard ",
	"platPreBuiltFlag":	false,
	"platformSamplesDir":	"",
	"platActiveSys":	"signal_detect_platform",
	"systems":	[{
			"systemName":	"signal_detect_platform",
			"systemDesc":	"signal_detect_platform",
			"sysIsBootAutoGen":	"true",
			"systemDispName":	"signal_detect_platform",
			"sysActiveDom":	"standalone_domain",
			"sysDefaultDom":	"standalone_domain",
			"domains":	[{
					"domainName":	"zynq_fsbl",
					"domainDispName":	"zynq_fsbl",
					"domainDesc":	"FSBL Application BSP - Auto Generated.",
					"processors":	"ps7_cortexa9_0",
					"os":	"standalone",
					"sdxOs":	"standalone",
					"debugEnable":	"",
					"domRuntimes":	["cpp"],
					"swRepo":	"",
					"mssOsVer":	"8.1",
					"mssFile":	"",
					"md5Digest":	"24e81f5df4a1b28986eb4269e22351fe1",
					"compatibleApp":	"zynq_fsbl",
					"domType":	"bootDomain",
					"arch":	"32-bit",
					"appSettings":	{
						"appCompilerFlags":	"",
						"appLinkerFlags":	""
					},
					"addedLibs":	["xilffs:5.0", "xilrsa:1.6"],
					"libOptions":	{
						"libsContainingOptions":	[]
					},
					"prebuiltLibs":	{
						"prebuiltIncPath":	[],
						"prebuiltLibPath":	[]
					},
					"isolation":	{
					}
				}, {
					"domainName":	"standalone_domain",
					"domainDispName":	"standalone on ps7_cortexa9_0",
					"domainDesc":	"standalone_domain",
					"processors":	"ps7_cortexa9_0",
					"os":	"standalone",
					"sdxOs":	"standalone",
					"qemuArgs":	"<platformDir>/resources/signal_detect_platform/standalone_domain/qemu_args.txt",
					"qemuData":	"<platformDir>/resources/signal_detect_platform/standalone_domain/qemu",
					"debugEnable":	"False",
					"domRuntimes":	["cpp"],
					"swRepo":	"",
					"mssOsVer":	"8.1",
					"mssFile":	"",
					"md5Digest":	"9d9647dd92d7d30efd40c762a4ad2096",
					"compatibleApp":	"",
					"domType":	"mssDomain",
					"appSettings":	{
						"appCompilerFlags":	"",
						"appLinkerFlags":	""
					},
					"addedLibs":	[],
					"libOptions":	{
						"libsContainingOptions":	[]
					},
					"prebuiltLibs":	{
						"prebuiltIncPath":	[],
						"prebuiltLibPath":	[]
					},
					"isolation":	{
					}
				}]
		}]
}
KEYINFO::2026-04-26.19:26:58::SCWPlatform::updated the xpfm file.
TRACE::2026-04-26.19:26:58::SCWPlatform::Trying to open the hw design at C:/Users/suren/Documents/ECE_520/Final_Project/Sandbox/signal_detect_vitis/signal_detect_platform/hw/signal_detect_bd_wrapper.xsa
TRACE::2026-04-26.19:26:58::SCWPlatform::DSA given C:/Users/suren/Documents/ECE_520/Final_Project/Sandbox/signal_detect_vitis/signal_detect_platform/hw/signal_detect_bd_wrapper.xsa
TRACE::2026-04-26.19:26:58::SCWPlatform::DSA absoulate path C:/Users/suren/Documents/ECE_520/Final_Project/Sandbox/signal_detect_vitis/signal_detect_platform/hw/signal_detect_bd_wrapper.xsa
TRACE::2026-04-26.19:26:58::SCWPlatform::DSA directory C:/Users/suren/Documents/ECE_520/Final_Project/Sandbox/signal_detect_vitis/signal_detect_platform/hw
TRACE::2026-04-26.19:26:58::SCWPlatform:: Platform Path C:/Users/suren/Documents/ECE_520/Final_Project/Sandbox/signal_detect_vitis/signal_detect_platform/hw/signal_detect_bd_wrapper.xsa
TRACE::2026-04-26.19:26:58::SCWPlatform:: Unique name xilinx:zybo-z7-10::0.0
TRACE::2026-04-26.19:26:58::SCWPlatform::Trying to set the existing hwdb with name signal_detect_bd_wrapper_17
TRACE::2026-04-26.19:26:58::SCWPlatform::Opened existing hwdb signal_detect_bd_wrapper_17
TRACE::2026-04-26.19:26:58::SCWPlatform::Found the Hw Db part of the input DSA
TRACE::2026-04-26.19:26:58::SCWMssOS::Checking the sw design at  C:/Users/suren/Documents/ECE_520/Final_Project/Sandbox/signal_detect_vitis/signal_detect_platform/ps7_cortexa9_0/standalone_domain/bsp/system.mss
TRACE::2026-04-26.19:26:58::SCWMssOS::DEBUG:  swdes dump  C:/Users/suren/Documents/ECE_520/Final_Project/Sandbox/signal_detect_vitis/signal_detect_platform/ps7_cortexa9_0/standalone_domain/bsp/system.mss|system_0||
C:/Users/suren/Documents/ECE_520/Final_Project/Sandbox/signal_detect_vitis/signal_detect_platform/zynq_fsbl/zynq_fsbl_bsp/system.mss|system||

TRACE::2026-04-26.19:26:58::SCWMssOS::Sw design exists and opened at  C:/Users/suren/Documents/ECE_520/Final_Project/Sandbox/signal_detect_vitis/signal_detect_platform/ps7_cortexa9_0/standalone_domain/bsp/system.mss
TRACE::2026-04-26.19:36:27::SCWPlatform::DSA given C:/Users/suren/Documents/ECE_520/Final_Project/Sandbox/signal_detect_vitis/signal_detect_platform/tempdsa/signal_detect_bd_wrapper.xsa
TRACE::2026-04-26.19:36:27::SCWPlatform::DSA absoulate path C:/Users/suren/Documents/ECE_520/Final_Project/Sandbox/signal_detect_vitis/signal_detect_platform/tempdsa/signal_detect_bd_wrapper.xsa
TRACE::2026-04-26.19:36:27::SCWPlatform:: Platform location is C:/Users/suren/Documents/ECE_520/Final_Project/Sandbox/signal_detect_vitis/signal_detect_platform/tempdsa
TRACE::2026-04-26.19:36:27::SCWPlatform:: Platform Path C:/Users/suren/Documents/ECE_520/Final_Project/Sandbox/signal_detect_vitis/signal_detect_platform/tempdsa/signal_detect_bd_wrapper.xsa
TRACE::2026-04-26.19:36:27::SCWPlatform:: Unique name xilinx:zybo-z7-10::0.0
TRACE::2026-04-26.19:36:28::SCWPlatform::Found the Hw Db part of the input DSA
TRACE::2026-04-26.19:36:28::SCWMssOS::Doing hw sync for the mss in domain: zynq_fsbl
TRACE::2026-04-26.19:36:28::SCWPlatform::Trying to open the hw design at C:/Users/suren/Documents/ECE_520/Final_Project/Sandbox/signal_detect_vitis/signal_detect_platform/hw/signal_detect_bd_wrapper.xsa
TRACE::2026-04-26.19:36:28::SCWPlatform::DSA given C:/Users/suren/Documents/ECE_520/Final_Project/Sandbox/signal_detect_vitis/signal_detect_platform/hw/signal_detect_bd_wrapper.xsa
TRACE::2026-04-26.19:36:28::SCWPlatform::DSA absoulate path C:/Users/suren/Documents/ECE_520/Final_Project/Sandbox/signal_detect_vitis/signal_detect_platform/hw/signal_detect_bd_wrapper.xsa
TRACE::2026-04-26.19:36:28::SCWPlatform::DSA directory C:/Users/suren/Documents/ECE_520/Final_Project/Sandbox/signal_detect_vitis/signal_detect_platform/hw
TRACE::2026-04-26.19:36:28::SCWPlatform:: Platform Path C:/Users/suren/Documents/ECE_520/Final_Project/Sandbox/signal_detect_vitis/signal_detect_platform/hw/signal_detect_bd_wrapper.xsa
TRACE::2026-04-26.19:36:28::SCWPlatform:: Unique name xilinx:zybo-z7-10::0.0
TRACE::2026-04-26.19:36:28::SCWPlatform::Trying to set the existing hwdb with name signal_detect_bd_wrapper_17
TRACE::2026-04-26.19:36:28::SCWPlatform::Opened existing hwdb signal_detect_bd_wrapper_17
TRACE::2026-04-26.19:36:28::SCWPlatform::Found the Hw Db part of the input DSA
TRACE::2026-04-26.19:36:28::SCWPlatform::Trying to open the hw design at C:/Users/suren/Documents/ECE_520/Final_Project/Sandbox/signal_detect_vitis/signal_detect_platform/hw/signal_detect_bd_wrapper.xsa
TRACE::2026-04-26.19:36:28::SCWPlatform::DSA given C:/Users/suren/Documents/ECE_520/Final_Project/Sandbox/signal_detect_vitis/signal_detect_platform/hw/signal_detect_bd_wrapper.xsa
TRACE::2026-04-26.19:36:28::SCWPlatform::DSA absoulate path C:/Users/suren/Documents/ECE_520/Final_Project/Sandbox/signal_detect_vitis/signal_detect_platform/hw/signal_detect_bd_wrapper.xsa
TRACE::2026-04-26.19:36:28::SCWPlatform::DSA directory C:/Users/suren/Documents/ECE_520/Final_Project/Sandbox/signal_detect_vitis/signal_detect_platform/hw
TRACE::2026-04-26.19:36:28::SCWPlatform:: Platform Path C:/Users/suren/Documents/ECE_520/Final_Project/Sandbox/signal_detect_vitis/signal_detect_platform/hw/signal_detect_bd_wrapper.xsa
TRACE::2026-04-26.19:36:28::SCWPlatform:: Unique name xilinx:zybo-z7-10::0.0
TRACE::2026-04-26.19:36:28::SCWPlatform::Trying to set the existing hwdb with name signal_detect_bd_wrapper_17
TRACE::2026-04-26.19:36:28::SCWPlatform::Opened existing hwdb signal_detect_bd_wrapper_17
TRACE::2026-04-26.19:36:28::SCWPlatform::Found the Hw Db part of the input DSA
TRACE::2026-04-26.19:36:28::SCWMssOS::Checking the sw design at  C:/Users/suren/Documents/ECE_520/Final_Project/Sandbox/signal_detect_vitis/signal_detect_platform/zynq_fsbl/zynq_fsbl_bsp/system.mss
TRACE::2026-04-26.19:36:28::SCWMssOS::DEBUG:  swdes dump  C:/Users/suren/Documents/ECE_520/Final_Project/Sandbox/signal_detect_vitis/signal_detect_platform/ps7_cortexa9_0/standalone_domain/bsp/system.mss|system_0||
C:/Users/suren/Documents/ECE_520/Final_Project/Sandbox/signal_detect_vitis/signal_detect_platform/zynq_fsbl/zynq_fsbl_bsp/system.mss|system||

TRACE::2026-04-26.19:36:28::SCWMssOS::Sw design exists and opened at  C:/Users/suren/Documents/ECE_520/Final_Project/Sandbox/signal_detect_vitis/signal_detect_platform/zynq_fsbl/zynq_fsbl_bsp/system.mss
TRACE::2026-04-26.19:36:28::SCWPlatform::Trying to open the hw design at C:/Users/suren/Documents/ECE_520/Final_Project/Sandbox/signal_detect_vitis/signal_detect_platform/tempdsa/signal_detect_bd_wrapper.xsa
TRACE::2026-04-26.19:36:28::SCWPlatform::DSA given C:/Users/suren/Documents/ECE_520/Final_Project/Sandbox/signal_detect_vitis/signal_detect_platform/tempdsa/signal_detect_bd_wrapper.xsa
TRACE::2026-04-26.19:36:28::SCWPlatform::DSA absoulate path C:/Users/suren/Documents/ECE_520/Final_Project/Sandbox/signal_detect_vitis/signal_detect_platform/tempdsa/signal_detect_bd_wrapper.xsa
TRACE::2026-04-26.19:36:28::SCWPlatform::DSA directory C:/Users/suren/Documents/ECE_520/Final_Project/Sandbox/signal_detect_vitis/signal_detect_platform/tempdsa
TRACE::2026-04-26.19:36:28::SCWPlatform:: Platform Path C:/Users/suren/Documents/ECE_520/Final_Project/Sandbox/signal_detect_vitis/signal_detect_platform/tempdsa/signal_detect_bd_wrapper.xsa
TRACE::2026-04-26.19:36:28::SCWPlatform:: Unique name xilinx:zybo-z7-10::0.0
TRACE::2026-04-26.19:36:28::SCWPlatform::update - Opened existing hwdb signal_detect_bd_wrapper_19
TRACE::2026-04-26.19:36:28::SCWPlatform::Found the Hw Db part of the input DSA
TRACE::2026-04-26.19:36:28::SCWMssOS::Doing hw sync for the mss in domain: standalone_domain
TRACE::2026-04-26.19:36:28::SCWPlatform::Trying to open the hw design at C:/Users/suren/Documents/ECE_520/Final_Project/Sandbox/signal_detect_vitis/signal_detect_platform/hw/signal_detect_bd_wrapper.xsa
TRACE::2026-04-26.19:36:28::SCWPlatform::DSA given C:/Users/suren/Documents/ECE_520/Final_Project/Sandbox/signal_detect_vitis/signal_detect_platform/hw/signal_detect_bd_wrapper.xsa
TRACE::2026-04-26.19:36:28::SCWPlatform::DSA absoulate path C:/Users/suren/Documents/ECE_520/Final_Project/Sandbox/signal_detect_vitis/signal_detect_platform/hw/signal_detect_bd_wrapper.xsa
TRACE::2026-04-26.19:36:28::SCWPlatform::DSA directory C:/Users/suren/Documents/ECE_520/Final_Project/Sandbox/signal_detect_vitis/signal_detect_platform/hw
TRACE::2026-04-26.19:36:28::SCWPlatform:: Platform Path C:/Users/suren/Documents/ECE_520/Final_Project/Sandbox/signal_detect_vitis/signal_detect_platform/hw/signal_detect_bd_wrapper.xsa
TRACE::2026-04-26.19:36:28::SCWPlatform:: Unique name xilinx:zybo-z7-10::0.0
TRACE::2026-04-26.19:36:28::SCWPlatform::Trying to set the existing hwdb with name signal_detect_bd_wrapper_17
TRACE::2026-04-26.19:36:28::SCWPlatform::Opened existing hwdb signal_detect_bd_wrapper_17
TRACE::2026-04-26.19:36:28::SCWPlatform::Found the Hw Db part of the input DSA
TRACE::2026-04-26.19:36:28::SCWPlatform::Trying to open the hw design at C:/Users/suren/Documents/ECE_520/Final_Project/Sandbox/signal_detect_vitis/signal_detect_platform/hw/signal_detect_bd_wrapper.xsa
TRACE::2026-04-26.19:36:28::SCWPlatform::DSA given C:/Users/suren/Documents/ECE_520/Final_Project/Sandbox/signal_detect_vitis/signal_detect_platform/hw/signal_detect_bd_wrapper.xsa
TRACE::2026-04-26.19:36:28::SCWPlatform::DSA absoulate path C:/Users/suren/Documents/ECE_520/Final_Project/Sandbox/signal_detect_vitis/signal_detect_platform/hw/signal_detect_bd_wrapper.xsa
TRACE::2026-04-26.19:36:28::SCWPlatform::DSA directory C:/Users/suren/Documents/ECE_520/Final_Project/Sandbox/signal_detect_vitis/signal_detect_platform/hw
TRACE::2026-04-26.19:36:28::SCWPlatform:: Platform Path C:/Users/suren/Documents/ECE_520/Final_Project/Sandbox/signal_detect_vitis/signal_detect_platform/hw/signal_detect_bd_wrapper.xsa
TRACE::2026-04-26.19:36:28::SCWPlatform:: Unique name xilinx:zybo-z7-10::0.0
TRACE::2026-04-26.19:36:28::SCWPlatform::Trying to set the existing hwdb with name signal_detect_bd_wrapper_17
TRACE::2026-04-26.19:36:28::SCWPlatform::Opened existing hwdb signal_detect_bd_wrapper_17
TRACE::2026-04-26.19:36:28::SCWPlatform::Found the Hw Db part of the input DSA
TRACE::2026-04-26.19:36:28::SCWMssOS::Checking the sw design at  C:/Users/suren/Documents/ECE_520/Final_Project/Sandbox/signal_detect_vitis/signal_detect_platform/ps7_cortexa9_0/standalone_domain/bsp/system.mss
TRACE::2026-04-26.19:36:28::SCWMssOS::DEBUG:  swdes dump  C:/Users/suren/Documents/ECE_520/Final_Project/Sandbox/signal_detect_vitis/signal_detect_platform/ps7_cortexa9_0/standalone_domain/bsp/system.mss|system_0||
C:/Users/suren/Documents/ECE_520/Final_Project/Sandbox/signal_detect_vitis/signal_detect_platform/zynq_fsbl/zynq_fsbl_bsp/system.mss|system||

TRACE::2026-04-26.19:36:28::SCWMssOS::Sw design exists and opened at  C:/Users/suren/Documents/ECE_520/Final_Project/Sandbox/signal_detect_vitis/signal_detect_platform/ps7_cortexa9_0/standalone_domain/bsp/system.mss
TRACE::2026-04-26.19:36:28::SCWPlatform::Trying to open the hw design at C:/Users/suren/Documents/ECE_520/Final_Project/Sandbox/signal_detect_vitis/signal_detect_platform/tempdsa/signal_detect_bd_wrapper.xsa
TRACE::2026-04-26.19:36:28::SCWPlatform::DSA given C:/Users/suren/Documents/ECE_520/Final_Project/Sandbox/signal_detect_vitis/signal_detect_platform/tempdsa/signal_detect_bd_wrapper.xsa
TRACE::2026-04-26.19:36:28::SCWPlatform::DSA absoulate path C:/Users/suren/Documents/ECE_520/Final_Project/Sandbox/signal_detect_vitis/signal_detect_platform/tempdsa/signal_detect_bd_wrapper.xsa
TRACE::2026-04-26.19:36:28::SCWPlatform::DSA directory C:/Users/suren/Documents/ECE_520/Final_Project/Sandbox/signal_detect_vitis/signal_detect_platform/tempdsa
TRACE::2026-04-26.19:36:28::SCWPlatform:: Platform Path C:/Users/suren/Documents/ECE_520/Final_Project/Sandbox/signal_detect_vitis/signal_detect_platform/tempdsa/signal_detect_bd_wrapper.xsa
TRACE::2026-04-26.19:36:28::SCWPlatform:: Unique name xilinx:zybo-z7-10::0.0
TRACE::2026-04-26.19:36:28::SCWPlatform::update - Opened existing hwdb signal_detect_bd_wrapper_19
TRACE::2026-04-26.19:36:28::SCWPlatform::Found the Hw Db part of the input DSA
TRACE::2026-04-26.19:36:28::SCWMssOS::Saving the mss changes C:/Users/suren/Documents/ECE_520/Final_Project/Sandbox/signal_detect_vitis/signal_detect_platform/zynq_fsbl/zynq_fsbl_bsp/system.mss
TRACE::2026-04-26.19:36:28::SCWMssOS::Found a swdesign opened with the mssfile.
TRACE::2026-04-26.19:36:28::SCWMssOS::Completed writemss as part of save.
TRACE::2026-04-26.19:36:28::SCWMssOS::Commit changes completed.
TRACE::2026-04-26.19:36:28::SCWMssOS::Completed hw sync for the mss in domain: zynq_fsbl
TRACE::2026-04-26.19:36:28::SCWMssOS::Removing the swdes entry for  C:/Users/suren/Documents/ECE_520/Final_Project/Sandbox/signal_detect_vitis/signal_detect_platform/zynq_fsbl/zynq_fsbl_bsp/system.mss
TRACE::2026-04-26.19:36:28::SCWMssOS::Saving the mss changes C:/Users/suren/Documents/ECE_520/Final_Project/Sandbox/signal_detect_vitis/signal_detect_platform/ps7_cortexa9_0/standalone_domain/bsp/system.mss
TRACE::2026-04-26.19:36:28::SCWMssOS::Found a swdesign opened with the mssfile.
TRACE::2026-04-26.19:36:28::SCWMssOS::Completed writemss as part of save.
TRACE::2026-04-26.19:36:28::SCWMssOS::Commit changes completed.
TRACE::2026-04-26.19:36:28::SCWMssOS::Completed hw sync for the mss in domain: standalone_domain
TRACE::2026-04-26.19:36:28::SCWMssOS::Removing the swdes entry for  C:/Users/suren/Documents/ECE_520/Final_Project/Sandbox/signal_detect_vitis/signal_detect_platform/ps7_cortexa9_0/standalone_domain/bsp/system.mss
TRACE::2026-04-26.19:36:28::SCWPlatform::Trying to open the hw design at C:/Users/suren/Documents/ECE_520/Final_Project/Sandbox/signal_detect_vitis/signal_detect_platform/hw/signal_detect_bd_wrapper.xsa
TRACE::2026-04-26.19:36:28::SCWPlatform::DSA given C:/Users/suren/Documents/ECE_520/Final_Project/Sandbox/signal_detect_vitis/signal_detect_platform/hw/signal_detect_bd_wrapper.xsa
TRACE::2026-04-26.19:36:28::SCWPlatform::DSA absoulate path C:/Users/suren/Documents/ECE_520/Final_Project/Sandbox/signal_detect_vitis/signal_detect_platform/hw/signal_detect_bd_wrapper.xsa
TRACE::2026-04-26.19:36:28::SCWPlatform::DSA directory C:/Users/suren/Documents/ECE_520/Final_Project/Sandbox/signal_detect_vitis/signal_detect_platform/hw
TRACE::2026-04-26.19:36:28::SCWPlatform:: Platform Path C:/Users/suren/Documents/ECE_520/Final_Project/Sandbox/signal_detect_vitis/signal_detect_platform/hw/signal_detect_bd_wrapper.xsa
TRACE::2026-04-26.19:36:28::SCWPlatform:: Unique name xilinx:zybo-z7-10::0.0
TRACE::2026-04-26.19:36:28::SCWPlatform::Do not have an existing db opened. 
TRACE::2026-04-26.19:36:30::SCWPlatform::Opened new HwDB with name signal_detect_bd_wrapper_20
TRACE::2026-04-26.19:36:30::SCWMssOS::Saving the mss changes C:/Users/suren/Documents/ECE_520/Final_Project/Sandbox/signal_detect_vitis/signal_detect_platform/zynq_fsbl/zynq_fsbl_bsp/system.mss
TRACE::2026-04-26.19:36:30::SCWMssOS::Adding the swdes entry, mss present, able to open swdb C:/Users/suren/Documents/ECE_520/Final_Project/Sandbox/signal_detect_vitis/signal_detect_platform/zynq_fsbl/zynq_fsbl_bsp/system.mss with des name system
TRACE::2026-04-26.19:36:30::SCWMssOS::Writing the mss file completed C:/Users/suren/Documents/ECE_520/Final_Project/Sandbox/signal_detect_vitis/signal_detect_platform/zynq_fsbl/zynq_fsbl_bsp/system.mss
TRACE::2026-04-26.19:36:30::SCWMssOS::Commit changes completed.
TRACE::2026-04-26.19:36:30::SCWMssOS::Saving the mss changes C:/Users/suren/Documents/ECE_520/Final_Project/Sandbox/signal_detect_vitis/signal_detect_platform/ps7_cortexa9_0/standalone_domain/bsp/system.mss
TRACE::2026-04-26.19:36:30::SCWMssOS::Adding the swdes entry, mss present, able to open swdb C:/Users/suren/Documents/ECE_520/Final_Project/Sandbox/signal_detect_vitis/signal_detect_platform/ps7_cortexa9_0/standalone_domain/bsp/system.mss with des name system_0
TRACE::2026-04-26.19:36:30::SCWMssOS::Writing the mss file completed C:/Users/suren/Documents/ECE_520/Final_Project/Sandbox/signal_detect_vitis/signal_detect_platform/ps7_cortexa9_0/standalone_domain/bsp/system.mss
TRACE::2026-04-26.19:36:30::SCWMssOS::Commit changes completed.
TRACE::2026-04-26.19:36:30::SCWPlatform::Trying to open the hw design at C:/Users/suren/Documents/ECE_520/Final_Project/Sandbox/signal_detect_vitis/signal_detect_platform/hw/signal_detect_bd_wrapper.xsa
TRACE::2026-04-26.19:36:30::SCWPlatform::DSA given C:/Users/suren/Documents/ECE_520/Final_Project/Sandbox/signal_detect_vitis/signal_detect_platform/hw/signal_detect_bd_wrapper.xsa
TRACE::2026-04-26.19:36:30::SCWPlatform::DSA absoulate path C:/Users/suren/Documents/ECE_520/Final_Project/Sandbox/signal_detect_vitis/signal_detect_platform/hw/signal_detect_bd_wrapper.xsa
TRACE::2026-04-26.19:36:30::SCWPlatform::DSA directory C:/Users/suren/Documents/ECE_520/Final_Project/Sandbox/signal_detect_vitis/signal_detect_platform/hw
TRACE::2026-04-26.19:36:30::SCWPlatform:: Platform Path C:/Users/suren/Documents/ECE_520/Final_Project/Sandbox/signal_detect_vitis/signal_detect_platform/hw/signal_detect_bd_wrapper.xsa
TRACE::2026-04-26.19:36:30::SCWPlatform:: Unique name xilinx:zybo-z7-10::0.0
TRACE::2026-04-26.19:36:30::SCWPlatform::Trying to set the existing hwdb with name signal_detect_bd_wrapper_20
TRACE::2026-04-26.19:36:30::SCWPlatform::Opened existing hwdb signal_detect_bd_wrapper_20
TRACE::2026-04-26.19:36:30::SCWPlatform::Found the Hw Db part of the input DSA
TRACE::2026-04-26.19:36:30::SCWMssOS::Checking the sw design at  C:/Users/suren/Documents/ECE_520/Final_Project/Sandbox/signal_detect_vitis/signal_detect_platform/zynq_fsbl/zynq_fsbl_bsp/system.mss
TRACE::2026-04-26.19:36:30::SCWMssOS::DEBUG:  swdes dump  C:/Users/suren/Documents/ECE_520/Final_Project/Sandbox/signal_detect_vitis/signal_detect_platform/ps7_cortexa9_0/standalone_domain/bsp/system.mss|system_0||
C:/Users/suren/Documents/ECE_520/Final_Project/Sandbox/signal_detect_vitis/signal_detect_platform/zynq_fsbl/zynq_fsbl_bsp/system.mss|system||

TRACE::2026-04-26.19:36:30::SCWMssOS::Sw design exists and opened at  C:/Users/suren/Documents/ECE_520/Final_Project/Sandbox/signal_detect_vitis/signal_detect_platform/zynq_fsbl/zynq_fsbl_bsp/system.mss
TRACE::2026-04-26.19:36:30::SCWPlatform::Trying to open the hw design at C:/Users/suren/Documents/ECE_520/Final_Project/Sandbox/signal_detect_vitis/signal_detect_platform/hw/signal_detect_bd_wrapper.xsa
TRACE::2026-04-26.19:36:30::SCWPlatform::DSA given C:/Users/suren/Documents/ECE_520/Final_Project/Sandbox/signal_detect_vitis/signal_detect_platform/hw/signal_detect_bd_wrapper.xsa
TRACE::2026-04-26.19:36:30::SCWPlatform::DSA absoulate path C:/Users/suren/Documents/ECE_520/Final_Project/Sandbox/signal_detect_vitis/signal_detect_platform/hw/signal_detect_bd_wrapper.xsa
TRACE::2026-04-26.19:36:30::SCWPlatform::DSA directory C:/Users/suren/Documents/ECE_520/Final_Project/Sandbox/signal_detect_vitis/signal_detect_platform/hw
TRACE::2026-04-26.19:36:30::SCWPlatform:: Platform Path C:/Users/suren/Documents/ECE_520/Final_Project/Sandbox/signal_detect_vitis/signal_detect_platform/hw/signal_detect_bd_wrapper.xsa
TRACE::2026-04-26.19:36:30::SCWPlatform:: Unique name xilinx:zybo-z7-10::0.0
TRACE::2026-04-26.19:36:30::SCWPlatform::Trying to set the existing hwdb with name signal_detect_bd_wrapper_20
TRACE::2026-04-26.19:36:30::SCWPlatform::Opened existing hwdb signal_detect_bd_wrapper_20
TRACE::2026-04-26.19:36:30::SCWPlatform::Found the Hw Db part of the input DSA
TRACE::2026-04-26.19:36:30::SCWMssOS::Checking the sw design at  C:/Users/suren/Documents/ECE_520/Final_Project/Sandbox/signal_detect_vitis/signal_detect_platform/ps7_cortexa9_0/standalone_domain/bsp/system.mss
TRACE::2026-04-26.19:36:30::SCWMssOS::DEBUG:  swdes dump  C:/Users/suren/Documents/ECE_520/Final_Project/Sandbox/signal_detect_vitis/signal_detect_platform/ps7_cortexa9_0/standalone_domain/bsp/system.mss|system_0||
C:/Users/suren/Documents/ECE_520/Final_Project/Sandbox/signal_detect_vitis/signal_detect_platform/zynq_fsbl/zynq_fsbl_bsp/system.mss|system||

TRACE::2026-04-26.19:36:30::SCWMssOS::Sw design exists and opened at  C:/Users/suren/Documents/ECE_520/Final_Project/Sandbox/signal_detect_vitis/signal_detect_platform/ps7_cortexa9_0/standalone_domain/bsp/system.mss
TRACE::2026-04-26.19:36:30::SCWWriter::formatted JSON is {
	"platformName":	"signal_detect_platform",
	"sprVersion":	"2.0",
	"mode":	"gui",
	"dsaType":	"Fixed",
	"platformDesc":	"signal_detect_platform",
	"platHandOff":	"C:/Users/suren/Documents/ECE_520/Final_Project/Sandbox/signal_detect_sb/signal_detect_bd_wrapper.xsa",
	"platIntHandOff":	"<platformDir>/hw/signal_detect_bd_wrapper.xsa",
	"deviceType":	"zynq",
	"platIsPrebuiltAutogen":	"false",
	"platIsNoBootBsp":	"false",
	"hasFsblMakeHasChanges":	"false",
	"hasPmufwMakeHasChanges":	"false",
	"fsblExtraCompilerFlags":	"-MMD -MP       -mcpu=cortex-a9 -mfpu=vfpv3 -mfloat-abi=hard ",
	"platPreBuiltFlag":	false,
	"platformSamplesDir":	"",
	"platActiveSys":	"signal_detect_platform",
	"systems":	[{
			"systemName":	"signal_detect_platform",
			"systemDesc":	"signal_detect_platform",
			"sysIsBootAutoGen":	"true",
			"systemDispName":	"signal_detect_platform",
			"sysActiveDom":	"standalone_domain",
			"sysDefaultDom":	"standalone_domain",
			"domains":	[{
					"domainName":	"zynq_fsbl",
					"domainDispName":	"zynq_fsbl",
					"domainDesc":	"FSBL Application BSP - Auto Generated.",
					"processors":	"ps7_cortexa9_0",
					"os":	"standalone",
					"sdxOs":	"standalone",
					"debugEnable":	"",
					"domRuntimes":	["cpp"],
					"swRepo":	"",
					"mssOsVer":	"8.1",
					"mssFile":	"",
					"md5Digest":	"24e81f5df4a1b28986eb4269e22351fe1",
					"compatibleApp":	"zynq_fsbl",
					"domType":	"bootDomain",
					"arch":	"32-bit",
					"appSettings":	{
						"appCompilerFlags":	"",
						"appLinkerFlags":	""
					},
					"addedLibs":	["xilffs:5.0", "xilrsa:1.6"],
					"libOptions":	{
						"libsContainingOptions":	[]
					},
					"prebuiltLibs":	{
						"prebuiltIncPath":	[],
						"prebuiltLibPath":	[]
					},
					"isolation":	{
					}
				}, {
					"domainName":	"standalone_domain",
					"domainDispName":	"standalone on ps7_cortexa9_0",
					"domainDesc":	"standalone_domain",
					"processors":	"ps7_cortexa9_0",
					"os":	"standalone",
					"sdxOs":	"standalone",
					"qemuArgs":	"<platformDir>/resources/signal_detect_platform/standalone_domain/qemu_args.txt",
					"qemuData":	"<platformDir>/resources/signal_detect_platform/standalone_domain/qemu",
					"debugEnable":	"False",
					"domRuntimes":	["cpp"],
					"swRepo":	"",
					"mssOsVer":	"8.1",
					"mssFile":	"",
					"md5Digest":	"9d9647dd92d7d30efd40c762a4ad20961",
					"compatibleApp":	"",
					"domType":	"mssDomain",
					"appSettings":	{
						"appCompilerFlags":	"",
						"appLinkerFlags":	""
					},
					"addedLibs":	[],
					"libOptions":	{
						"libsContainingOptions":	[]
					},
					"prebuiltLibs":	{
						"prebuiltIncPath":	[],
						"prebuiltLibPath":	[]
					},
					"isolation":	{
					}
				}]
		}]
}
TRACE::2026-04-26.19:36:32::SCWPlatform::Clearing the existing platform
TRACE::2026-04-26.19:36:32::SCWSystem::Clearing the existing sysconfig
TRACE::2026-04-26.19:36:32::SCWBDomain::clearing the fsbl build
TRACE::2026-04-26.19:36:32::SCWMssOS::Removing the swdes entry for  C:/Users/suren/Documents/ECE_520/Final_Project/Sandbox/signal_detect_vitis/signal_detect_platform/zynq_fsbl/zynq_fsbl_bsp/system.mss
TRACE::2026-04-26.19:36:32::SCWMssOS::Removing the swdes entry for  C:/Users/suren/Documents/ECE_520/Final_Project/Sandbox/signal_detect_vitis/signal_detect_platform/ps7_cortexa9_0/standalone_domain/bsp/system.mss
TRACE::2026-04-26.19:36:32::SCWSystem::Clearing the domains completed.
TRACE::2026-04-26.19:36:32::SCWPlatform::Clearing the opened hw db.
TRACE::2026-04-26.19:36:32::SCWPlatform::DSA given C:/Users/suren/Documents/ECE_520/Final_Project/Sandbox/signal_detect_vitis/signal_detect_platform/hw/signal_detect_bd_wrapper.xsa
TRACE::2026-04-26.19:36:32::SCWPlatform::DSA absoulate path C:/Users/suren/Documents/ECE_520/Final_Project/Sandbox/signal_detect_vitis/signal_detect_platform/hw/signal_detect_bd_wrapper.xsa
TRACE::2026-04-26.19:36:32::SCWPlatform:: Platform location is C:/Users/suren/Documents/ECE_520/Final_Project/Sandbox/signal_detect_vitis/signal_detect_platform/hw
TRACE::2026-04-26.19:36:32::SCWPlatform:: Platform Path C:/Users/suren/Documents/ECE_520/Final_Project/Sandbox/signal_detect_vitis/signal_detect_platform/hw/signal_detect_bd_wrapper.xsa
TRACE::2026-04-26.19:36:32::SCWPlatform:: Unique name xilinx:zybo-z7-10::0.0
TRACE::2026-04-26.19:36:32::SCWPlatform::Removing the HwDB with name C:/Users/suren/Documents/ECE_520/Final_Project/Sandbox/signal_detect_vitis/signal_detect_platform/hw/signal_detect_bd_wrapper.xsa
TRACE::2026-04-26.19:36:32::SCWPlatform::Trying to open the hw design at C:/Users/suren/Documents/ECE_520/Final_Project/Sandbox/signal_detect_vitis/signal_detect_platform/hw/signal_detect_bd_wrapper.xsa
TRACE::2026-04-26.19:36:32::SCWPlatform::DSA given C:/Users/suren/Documents/ECE_520/Final_Project/Sandbox/signal_detect_vitis/signal_detect_platform/hw/signal_detect_bd_wrapper.xsa
TRACE::2026-04-26.19:36:32::SCWPlatform::DSA absoulate path C:/Users/suren/Documents/ECE_520/Final_Project/Sandbox/signal_detect_vitis/signal_detect_platform/hw/signal_detect_bd_wrapper.xsa
TRACE::2026-04-26.19:36:32::SCWPlatform::DSA directory C:/Users/suren/Documents/ECE_520/Final_Project/Sandbox/signal_detect_vitis/signal_detect_platform/hw
TRACE::2026-04-26.19:36:32::SCWPlatform:: Platform Path C:/Users/suren/Documents/ECE_520/Final_Project/Sandbox/signal_detect_vitis/signal_detect_platform/hw/signal_detect_bd_wrapper.xsa
TRACE::2026-04-26.19:36:32::SCWPlatform:: Unique name xilinx:zybo-z7-10::0.0
TRACE::2026-04-26.19:36:32::SCWPlatform::Do not have an existing db opened. 
TRACE::2026-04-26.19:36:34::SCWPlatform::Opened new HwDB with name signal_detect_bd_wrapper_21
TRACE::2026-04-26.19:36:34::SCWReader::Active system found as  signal_detect_platform
TRACE::2026-04-26.19:36:34::SCWReader::Handling sysconfig signal_detect_platform
TRACE::2026-04-26.19:36:34::SCWDomain::checking for install qemu data   : 
TRACE::2026-04-26.19:36:34::SCWDomain:: Using the QEMU Data from install at  : C:/Xilinx/Vitis/2023.1/data/emulation/platforms/zynq/sw/a9_standalone/qemu/
TRACE::2026-04-26.19:36:34::SCWDomain:: Using the QEMU args  from install at  : C:/Xilinx/Vitis/2023.1/data/emulation/platforms/zynq/sw/a9_standalone/qemu/qemu_args.txt
TRACE::2026-04-26.19:36:34::SCWPlatform::Trying to open the hw design at C:/Users/suren/Documents/ECE_520/Final_Project/Sandbox/signal_detect_vitis/signal_detect_platform/hw/signal_detect_bd_wrapper.xsa
TRACE::2026-04-26.19:36:34::SCWPlatform::DSA given C:/Users/suren/Documents/ECE_520/Final_Project/Sandbox/signal_detect_vitis/signal_detect_platform/hw/signal_detect_bd_wrapper.xsa
TRACE::2026-04-26.19:36:34::SCWPlatform::DSA absoulate path C:/Users/suren/Documents/ECE_520/Final_Project/Sandbox/signal_detect_vitis/signal_detect_platform/hw/signal_detect_bd_wrapper.xsa
TRACE::2026-04-26.19:36:34::SCWPlatform::DSA directory C:/Users/suren/Documents/ECE_520/Final_Project/Sandbox/signal_detect_vitis/signal_detect_platform/hw
TRACE::2026-04-26.19:36:34::SCWPlatform:: Platform Path C:/Users/suren/Documents/ECE_520/Final_Project/Sandbox/signal_detect_vitis/signal_detect_platform/hw/signal_detect_bd_wrapper.xsa
TRACE::2026-04-26.19:36:34::SCWPlatform:: Unique name xilinx:zybo-z7-10::0.0
TRACE::2026-04-26.19:36:34::SCWPlatform::Trying to set the existing hwdb with name signal_detect_bd_wrapper_21
TRACE::2026-04-26.19:36:34::SCWPlatform::Opened existing hwdb signal_detect_bd_wrapper_21
TRACE::2026-04-26.19:36:34::SCWPlatform::Found the Hw Db part of the input DSA
TRACE::2026-04-26.19:36:34::SCWPlatform::Trying to open the hw design at C:/Users/suren/Documents/ECE_520/Final_Project/Sandbox/signal_detect_vitis/signal_detect_platform/hw/signal_detect_bd_wrapper.xsa
TRACE::2026-04-26.19:36:34::SCWPlatform::DSA given C:/Users/suren/Documents/ECE_520/Final_Project/Sandbox/signal_detect_vitis/signal_detect_platform/hw/signal_detect_bd_wrapper.xsa
TRACE::2026-04-26.19:36:34::SCWPlatform::DSA absoulate path C:/Users/suren/Documents/ECE_520/Final_Project/Sandbox/signal_detect_vitis/signal_detect_platform/hw/signal_detect_bd_wrapper.xsa
TRACE::2026-04-26.19:36:34::SCWPlatform::DSA directory C:/Users/suren/Documents/ECE_520/Final_Project/Sandbox/signal_detect_vitis/signal_detect_platform/hw
TRACE::2026-04-26.19:36:34::SCWPlatform:: Platform Path C:/Users/suren/Documents/ECE_520/Final_Project/Sandbox/signal_detect_vitis/signal_detect_platform/hw/signal_detect_bd_wrapper.xsa
TRACE::2026-04-26.19:36:34::SCWPlatform:: Unique name xilinx:zybo-z7-10::0.0
TRACE::2026-04-26.19:36:34::SCWPlatform::Trying to set the existing hwdb with name signal_detect_bd_wrapper_21
TRACE::2026-04-26.19:36:34::SCWPlatform::Opened existing hwdb signal_detect_bd_wrapper_21
TRACE::2026-04-26.19:36:34::SCWPlatform::Found the Hw Db part of the input DSA
TRACE::2026-04-26.19:36:34::SCWPlatform::Trying to open the hw design at C:/Users/suren/Documents/ECE_520/Final_Project/Sandbox/signal_detect_vitis/signal_detect_platform/hw/signal_detect_bd_wrapper.xsa
TRACE::2026-04-26.19:36:34::SCWPlatform::DSA given C:/Users/suren/Documents/ECE_520/Final_Project/Sandbox/signal_detect_vitis/signal_detect_platform/hw/signal_detect_bd_wrapper.xsa
TRACE::2026-04-26.19:36:34::SCWPlatform::DSA absoulate path C:/Users/suren/Documents/ECE_520/Final_Project/Sandbox/signal_detect_vitis/signal_detect_platform/hw/signal_detect_bd_wrapper.xsa
TRACE::2026-04-26.19:36:34::SCWPlatform::DSA directory C:/Users/suren/Documents/ECE_520/Final_Project/Sandbox/signal_detect_vitis/signal_detect_platform/hw
TRACE::2026-04-26.19:36:34::SCWPlatform:: Platform Path C:/Users/suren/Documents/ECE_520/Final_Project/Sandbox/signal_detect_vitis/signal_detect_platform/hw/signal_detect_bd_wrapper.xsa
TRACE::2026-04-26.19:36:34::SCWPlatform:: Unique name xilinx:zybo-z7-10::0.0
TRACE::2026-04-26.19:36:34::SCWPlatform::Trying to set the existing hwdb with name signal_detect_bd_wrapper_21
TRACE::2026-04-26.19:36:34::SCWPlatform::Opened existing hwdb signal_detect_bd_wrapper_21
TRACE::2026-04-26.19:36:34::SCWPlatform::Found the Hw Db part of the input DSA
TRACE::2026-04-26.19:36:34::SCWReader::Boot application domain added for zynq_fsbl
TRACE::2026-04-26.19:36:34::SCWPlatform::Trying to open the hw design at C:/Users/suren/Documents/ECE_520/Final_Project/Sandbox/signal_detect_vitis/signal_detect_platform/hw/signal_detect_bd_wrapper.xsa
TRACE::2026-04-26.19:36:34::SCWPlatform::DSA given C:/Users/suren/Documents/ECE_520/Final_Project/Sandbox/signal_detect_vitis/signal_detect_platform/hw/signal_detect_bd_wrapper.xsa
TRACE::2026-04-26.19:36:34::SCWPlatform::DSA absoulate path C:/Users/suren/Documents/ECE_520/Final_Project/Sandbox/signal_detect_vitis/signal_detect_platform/hw/signal_detect_bd_wrapper.xsa
TRACE::2026-04-26.19:36:34::SCWPlatform::DSA directory C:/Users/suren/Documents/ECE_520/Final_Project/Sandbox/signal_detect_vitis/signal_detect_platform/hw
TRACE::2026-04-26.19:36:34::SCWPlatform:: Platform Path C:/Users/suren/Documents/ECE_520/Final_Project/Sandbox/signal_detect_vitis/signal_detect_platform/hw/signal_detect_bd_wrapper.xsa
TRACE::2026-04-26.19:36:34::SCWPlatform:: Unique name xilinx:zybo-z7-10::0.0
TRACE::2026-04-26.19:36:34::SCWPlatform::Trying to set the existing hwdb with name signal_detect_bd_wrapper_21
TRACE::2026-04-26.19:36:34::SCWPlatform::Opened existing hwdb signal_detect_bd_wrapper_21
TRACE::2026-04-26.19:36:34::SCWPlatform::Found the Hw Db part of the input DSA
TRACE::2026-04-26.19:36:34::SCWMssOS::Checking the sw design at  C:/Users/suren/Documents/ECE_520/Final_Project/Sandbox/signal_detect_vitis/signal_detect_platform/zynq_fsbl/zynq_fsbl_bsp/system.mss
TRACE::2026-04-26.19:36:34::SCWMssOS::DEBUG:  swdes dump  
TRACE::2026-04-26.19:36:34::SCWMssOS::No sw design opened at  C:/Users/suren/Documents/ECE_520/Final_Project/Sandbox/signal_detect_vitis/signal_detect_platform/zynq_fsbl/zynq_fsbl_bsp/system.mss
TRACE::2026-04-26.19:36:34::SCWMssOS::mss exists loading the mss file  C:/Users/suren/Documents/ECE_520/Final_Project/Sandbox/signal_detect_vitis/signal_detect_platform/zynq_fsbl/zynq_fsbl_bsp/system.mss
TRACE::2026-04-26.19:36:34::SCWMssOS::Opened the sw design from mss  C:/Users/suren/Documents/ECE_520/Final_Project/Sandbox/signal_detect_vitis/signal_detect_platform/zynq_fsbl/zynq_fsbl_bsp/system.mss
TRACE::2026-04-26.19:36:34::SCWMssOS::Adding the swdes entry C:/Users/suren/Documents/ECE_520/Final_Project/Sandbox/signal_detect_vitis/signal_detect_platform/zynq_fsbl/zynq_fsbl_bsp/system.mss with des name system
TRACE::2026-04-26.19:36:34::SCWMssOS::updating the scw layer about changes
TRACE::2026-04-26.19:36:34::SCWMssOS::Opened the sw design.  C:/Users/suren/Documents/ECE_520/Final_Project/Sandbox/signal_detect_vitis/signal_detect_platform/zynq_fsbl/zynq_fsbl_bsp/system.mss
TRACE::2026-04-26.19:36:34::SCWPlatform::Trying to open the hw design at C:/Users/suren/Documents/ECE_520/Final_Project/Sandbox/signal_detect_vitis/signal_detect_platform/hw/signal_detect_bd_wrapper.xsa
TRACE::2026-04-26.19:36:34::SCWPlatform::DSA given C:/Users/suren/Documents/ECE_520/Final_Project/Sandbox/signal_detect_vitis/signal_detect_platform/hw/signal_detect_bd_wrapper.xsa
TRACE::2026-04-26.19:36:34::SCWPlatform::DSA absoulate path C:/Users/suren/Documents/ECE_520/Final_Project/Sandbox/signal_detect_vitis/signal_detect_platform/hw/signal_detect_bd_wrapper.xsa
TRACE::2026-04-26.19:36:34::SCWPlatform::DSA directory C:/Users/suren/Documents/ECE_520/Final_Project/Sandbox/signal_detect_vitis/signal_detect_platform/hw
TRACE::2026-04-26.19:36:34::SCWPlatform:: Platform Path C:/Users/suren/Documents/ECE_520/Final_Project/Sandbox/signal_detect_vitis/signal_detect_platform/hw/signal_detect_bd_wrapper.xsa
TRACE::2026-04-26.19:36:34::SCWPlatform:: Unique name xilinx:zybo-z7-10::0.0
TRACE::2026-04-26.19:36:34::SCWPlatform::Trying to set the existing hwdb with name signal_detect_bd_wrapper_21
TRACE::2026-04-26.19:36:34::SCWPlatform::Opened existing hwdb signal_detect_bd_wrapper_21
TRACE::2026-04-26.19:36:34::SCWPlatform::Found the Hw Db part of the input DSA
TRACE::2026-04-26.19:36:34::SCWMssOS::Checking the sw design at  C:/Users/suren/Documents/ECE_520/Final_Project/Sandbox/signal_detect_vitis/signal_detect_platform/zynq_fsbl/zynq_fsbl_bsp/system.mss
TRACE::2026-04-26.19:36:34::SCWMssOS::DEBUG:  swdes dump  C:/Users/suren/Documents/ECE_520/Final_Project/Sandbox/signal_detect_vitis/signal_detect_platform/zynq_fsbl/zynq_fsbl_bsp/system.mss|system||

TRACE::2026-04-26.19:36:34::SCWMssOS::Sw design exists and opened at  C:/Users/suren/Documents/ECE_520/Final_Project/Sandbox/signal_detect_vitis/signal_detect_platform/zynq_fsbl/zynq_fsbl_bsp/system.mss
TRACE::2026-04-26.19:36:34::SCWMssOS:: library already available in sw design:  xilffs:5.0
TRACE::2026-04-26.19:36:34::SCWPlatform::Trying to open the hw design at C:/Users/suren/Documents/ECE_520/Final_Project/Sandbox/signal_detect_vitis/signal_detect_platform/hw/signal_detect_bd_wrapper.xsa
TRACE::2026-04-26.19:36:34::SCWPlatform::DSA given C:/Users/suren/Documents/ECE_520/Final_Project/Sandbox/signal_detect_vitis/signal_detect_platform/hw/signal_detect_bd_wrapper.xsa
TRACE::2026-04-26.19:36:34::SCWPlatform::DSA absoulate path C:/Users/suren/Documents/ECE_520/Final_Project/Sandbox/signal_detect_vitis/signal_detect_platform/hw/signal_detect_bd_wrapper.xsa
TRACE::2026-04-26.19:36:34::SCWPlatform::DSA directory C:/Users/suren/Documents/ECE_520/Final_Project/Sandbox/signal_detect_vitis/signal_detect_platform/hw
TRACE::2026-04-26.19:36:34::SCWPlatform:: Platform Path C:/Users/suren/Documents/ECE_520/Final_Project/Sandbox/signal_detect_vitis/signal_detect_platform/hw/signal_detect_bd_wrapper.xsa
TRACE::2026-04-26.19:36:34::SCWPlatform:: Unique name xilinx:zybo-z7-10::0.0
TRACE::2026-04-26.19:36:34::SCWPlatform::Trying to set the existing hwdb with name signal_detect_bd_wrapper_21
TRACE::2026-04-26.19:36:34::SCWPlatform::Opened existing hwdb signal_detect_bd_wrapper_21
TRACE::2026-04-26.19:36:34::SCWPlatform::Found the Hw Db part of the input DSA
TRACE::2026-04-26.19:36:34::SCWMssOS::Checking the sw design at  C:/Users/suren/Documents/ECE_520/Final_Project/Sandbox/signal_detect_vitis/signal_detect_platform/zynq_fsbl/zynq_fsbl_bsp/system.mss
TRACE::2026-04-26.19:36:34::SCWMssOS::DEBUG:  swdes dump  C:/Users/suren/Documents/ECE_520/Final_Project/Sandbox/signal_detect_vitis/signal_detect_platform/zynq_fsbl/zynq_fsbl_bsp/system.mss|system||

TRACE::2026-04-26.19:36:34::SCWMssOS::Sw design exists and opened at  C:/Users/suren/Documents/ECE_520/Final_Project/Sandbox/signal_detect_vitis/signal_detect_platform/zynq_fsbl/zynq_fsbl_bsp/system.mss
TRACE::2026-04-26.19:36:34::SCWMssOS:: library already available in sw design:  xilrsa:1.6
TRACE::2026-04-26.19:36:34::SCWMssOS::Saving the mss changes C:/Users/suren/Documents/ECE_520/Final_Project/Sandbox/signal_detect_vitis/signal_detect_platform/zynq_fsbl/zynq_fsbl_bsp/system.mss
TRACE::2026-04-26.19:36:34::SCWMssOS::Found a swdesign opened with the mssfile.
TRACE::2026-04-26.19:36:34::SCWMssOS::Completed writemss as part of save.
TRACE::2026-04-26.19:36:34::SCWMssOS::Commit changes completed.
TRACE::2026-04-26.19:36:34::SCWReader::Adding prebuilt librarypaths as   
TRACE::2026-04-26.19:36:34::SCWReader::Adding prebuilt incpaths  as   
TRACE::2026-04-26.19:36:34::SCWPlatform::Trying to open the hw design at C:/Users/suren/Documents/ECE_520/Final_Project/Sandbox/signal_detect_vitis/signal_detect_platform/hw/signal_detect_bd_wrapper.xsa
TRACE::2026-04-26.19:36:34::SCWPlatform::DSA given C:/Users/suren/Documents/ECE_520/Final_Project/Sandbox/signal_detect_vitis/signal_detect_platform/hw/signal_detect_bd_wrapper.xsa
TRACE::2026-04-26.19:36:34::SCWPlatform::DSA absoulate path C:/Users/suren/Documents/ECE_520/Final_Project/Sandbox/signal_detect_vitis/signal_detect_platform/hw/signal_detect_bd_wrapper.xsa
TRACE::2026-04-26.19:36:34::SCWPlatform::DSA directory C:/Users/suren/Documents/ECE_520/Final_Project/Sandbox/signal_detect_vitis/signal_detect_platform/hw
TRACE::2026-04-26.19:36:34::SCWPlatform:: Platform Path C:/Users/suren/Documents/ECE_520/Final_Project/Sandbox/signal_detect_vitis/signal_detect_platform/hw/signal_detect_bd_wrapper.xsa
TRACE::2026-04-26.19:36:34::SCWPlatform:: Unique name xilinx:zybo-z7-10::0.0
TRACE::2026-04-26.19:36:34::SCWPlatform::Trying to set the existing hwdb with name signal_detect_bd_wrapper_21
TRACE::2026-04-26.19:36:34::SCWPlatform::Opened existing hwdb signal_detect_bd_wrapper_21
TRACE::2026-04-26.19:36:34::SCWPlatform::Found the Hw Db part of the input DSA
TRACE::2026-04-26.19:36:34::SCWMssOS::Checking the sw design at  C:/Users/suren/Documents/ECE_520/Final_Project/Sandbox/signal_detect_vitis/signal_detect_platform/zynq_fsbl/zynq_fsbl_bsp/system.mss
TRACE::2026-04-26.19:36:34::SCWMssOS::DEBUG:  swdes dump  C:/Users/suren/Documents/ECE_520/Final_Project/Sandbox/signal_detect_vitis/signal_detect_platform/zynq_fsbl/zynq_fsbl_bsp/system.mss|system||

TRACE::2026-04-26.19:36:34::SCWMssOS::Sw design exists and opened at  C:/Users/suren/Documents/ECE_520/Final_Project/Sandbox/signal_detect_vitis/signal_detect_platform/zynq_fsbl/zynq_fsbl_bsp/system.mss
TRACE::2026-04-26.19:36:34::SCWReader::No isolation master present  
TRACE::2026-04-26.19:36:34::SCWDomain::checking for install qemu data   : 
TRACE::2026-04-26.19:36:34::SCWDomain:: Using the QEMU Data from install at  : C:/Xilinx/Vitis/2023.1/data/emulation/platforms/zynq/sw/a9_standalone/qemu/
TRACE::2026-04-26.19:36:34::SCWDomain:: Using the QEMU args  from install at  : C:/Xilinx/Vitis/2023.1/data/emulation/platforms/zynq/sw/a9_standalone/qemu/qemu_args.txt
TRACE::2026-04-26.19:36:35::SCWPlatform::Trying to open the hw design at C:/Users/suren/Documents/ECE_520/Final_Project/Sandbox/signal_detect_vitis/signal_detect_platform/hw/signal_detect_bd_wrapper.xsa
TRACE::2026-04-26.19:36:35::SCWPlatform::DSA given C:/Users/suren/Documents/ECE_520/Final_Project/Sandbox/signal_detect_vitis/signal_detect_platform/hw/signal_detect_bd_wrapper.xsa
TRACE::2026-04-26.19:36:35::SCWPlatform::DSA absoulate path C:/Users/suren/Documents/ECE_520/Final_Project/Sandbox/signal_detect_vitis/signal_detect_platform/hw/signal_detect_bd_wrapper.xsa
TRACE::2026-04-26.19:36:35::SCWPlatform::DSA directory C:/Users/suren/Documents/ECE_520/Final_Project/Sandbox/signal_detect_vitis/signal_detect_platform/hw
TRACE::2026-04-26.19:36:35::SCWPlatform:: Platform Path C:/Users/suren/Documents/ECE_520/Final_Project/Sandbox/signal_detect_vitis/signal_detect_platform/hw/signal_detect_bd_wrapper.xsa
TRACE::2026-04-26.19:36:35::SCWPlatform:: Unique name xilinx:zybo-z7-10::0.0
TRACE::2026-04-26.19:36:35::SCWPlatform::Trying to set the existing hwdb with name signal_detect_bd_wrapper_21
TRACE::2026-04-26.19:36:35::SCWPlatform::Opened existing hwdb signal_detect_bd_wrapper_21
TRACE::2026-04-26.19:36:35::SCWPlatform::Found the Hw Db part of the input DSA
TRACE::2026-04-26.19:36:35::SCWPlatform::Trying to open the hw design at C:/Users/suren/Documents/ECE_520/Final_Project/Sandbox/signal_detect_vitis/signal_detect_platform/hw/signal_detect_bd_wrapper.xsa
TRACE::2026-04-26.19:36:35::SCWPlatform::DSA given C:/Users/suren/Documents/ECE_520/Final_Project/Sandbox/signal_detect_vitis/signal_detect_platform/hw/signal_detect_bd_wrapper.xsa
TRACE::2026-04-26.19:36:35::SCWPlatform::DSA absoulate path C:/Users/suren/Documents/ECE_520/Final_Project/Sandbox/signal_detect_vitis/signal_detect_platform/hw/signal_detect_bd_wrapper.xsa
TRACE::2026-04-26.19:36:35::SCWPlatform::DSA directory C:/Users/suren/Documents/ECE_520/Final_Project/Sandbox/signal_detect_vitis/signal_detect_platform/hw
TRACE::2026-04-26.19:36:35::SCWPlatform:: Platform Path C:/Users/suren/Documents/ECE_520/Final_Project/Sandbox/signal_detect_vitis/signal_detect_platform/hw/signal_detect_bd_wrapper.xsa
TRACE::2026-04-26.19:36:35::SCWPlatform:: Unique name xilinx:zybo-z7-10::0.0
TRACE::2026-04-26.19:36:35::SCWPlatform::Trying to set the existing hwdb with name signal_detect_bd_wrapper_21
TRACE::2026-04-26.19:36:35::SCWPlatform::Opened existing hwdb signal_detect_bd_wrapper_21
TRACE::2026-04-26.19:36:35::SCWPlatform::Found the Hw Db part of the input DSA
TRACE::2026-04-26.19:36:35::SCWPlatform::Trying to open the hw design at C:/Users/suren/Documents/ECE_520/Final_Project/Sandbox/signal_detect_vitis/signal_detect_platform/hw/signal_detect_bd_wrapper.xsa
TRACE::2026-04-26.19:36:35::SCWPlatform::DSA given C:/Users/suren/Documents/ECE_520/Final_Project/Sandbox/signal_detect_vitis/signal_detect_platform/hw/signal_detect_bd_wrapper.xsa
TRACE::2026-04-26.19:36:35::SCWPlatform::DSA absoulate path C:/Users/suren/Documents/ECE_520/Final_Project/Sandbox/signal_detect_vitis/signal_detect_platform/hw/signal_detect_bd_wrapper.xsa
TRACE::2026-04-26.19:36:35::SCWPlatform::DSA directory C:/Users/suren/Documents/ECE_520/Final_Project/Sandbox/signal_detect_vitis/signal_detect_platform/hw
TRACE::2026-04-26.19:36:35::SCWPlatform:: Platform Path C:/Users/suren/Documents/ECE_520/Final_Project/Sandbox/signal_detect_vitis/signal_detect_platform/hw/signal_detect_bd_wrapper.xsa
TRACE::2026-04-26.19:36:35::SCWPlatform:: Unique name xilinx:zybo-z7-10::0.0
TRACE::2026-04-26.19:36:35::SCWPlatform::Trying to set the existing hwdb with name signal_detect_bd_wrapper_21
TRACE::2026-04-26.19:36:35::SCWPlatform::Opened existing hwdb signal_detect_bd_wrapper_21
TRACE::2026-04-26.19:36:35::SCWPlatform::Found the Hw Db part of the input DSA
TRACE::2026-04-26.19:36:35::SCWMssOS::Checking the sw design at  C:/Users/suren/Documents/ECE_520/Final_Project/Sandbox/signal_detect_vitis/signal_detect_platform/ps7_cortexa9_0/standalone_domain/bsp/system.mss
TRACE::2026-04-26.19:36:35::SCWMssOS::DEBUG:  swdes dump  C:/Users/suren/Documents/ECE_520/Final_Project/Sandbox/signal_detect_vitis/signal_detect_platform/zynq_fsbl/zynq_fsbl_bsp/system.mss|system||

TRACE::2026-04-26.19:36:35::SCWMssOS::No sw design opened at  C:/Users/suren/Documents/ECE_520/Final_Project/Sandbox/signal_detect_vitis/signal_detect_platform/ps7_cortexa9_0/standalone_domain/bsp/system.mss
TRACE::2026-04-26.19:36:35::SCWMssOS::mss exists loading the mss file  C:/Users/suren/Documents/ECE_520/Final_Project/Sandbox/signal_detect_vitis/signal_detect_platform/ps7_cortexa9_0/standalone_domain/bsp/system.mss
TRACE::2026-04-26.19:36:35::SCWMssOS::Opened the sw design from mss  C:/Users/suren/Documents/ECE_520/Final_Project/Sandbox/signal_detect_vitis/signal_detect_platform/ps7_cortexa9_0/standalone_domain/bsp/system.mss
TRACE::2026-04-26.19:36:35::SCWMssOS::Adding the swdes entry C:/Users/suren/Documents/ECE_520/Final_Project/Sandbox/signal_detect_vitis/signal_detect_platform/ps7_cortexa9_0/standalone_domain/bsp/system.mss with des name system_0
TRACE::2026-04-26.19:36:35::SCWMssOS::updating the scw layer about changes
TRACE::2026-04-26.19:36:35::SCWMssOS::Opened the sw design.  C:/Users/suren/Documents/ECE_520/Final_Project/Sandbox/signal_detect_vitis/signal_detect_platform/ps7_cortexa9_0/standalone_domain/bsp/system.mss
TRACE::2026-04-26.19:36:35::SCWMssOS::Saving the mss changes C:/Users/suren/Documents/ECE_520/Final_Project/Sandbox/signal_detect_vitis/signal_detect_platform/ps7_cortexa9_0/standalone_domain/bsp/system.mss
TRACE::2026-04-26.19:36:35::SCWMssOS::Found a swdesign opened with the mssfile.
TRACE::2026-04-26.19:36:35::SCWMssOS::Completed writemss as part of save.
TRACE::2026-04-26.19:36:35::SCWMssOS::Commit changes completed.
TRACE::2026-04-26.19:36:35::SCWReader::Adding prebuilt librarypaths as   
TRACE::2026-04-26.19:36:35::SCWReader::Adding prebuilt incpaths  as   
TRACE::2026-04-26.19:36:35::SCWPlatform::Trying to open the hw design at C:/Users/suren/Documents/ECE_520/Final_Project/Sandbox/signal_detect_vitis/signal_detect_platform/hw/signal_detect_bd_wrapper.xsa
TRACE::2026-04-26.19:36:35::SCWPlatform::DSA given C:/Users/suren/Documents/ECE_520/Final_Project/Sandbox/signal_detect_vitis/signal_detect_platform/hw/signal_detect_bd_wrapper.xsa
TRACE::2026-04-26.19:36:35::SCWPlatform::DSA absoulate path C:/Users/suren/Documents/ECE_520/Final_Project/Sandbox/signal_detect_vitis/signal_detect_platform/hw/signal_detect_bd_wrapper.xsa
TRACE::2026-04-26.19:36:35::SCWPlatform::DSA directory C:/Users/suren/Documents/ECE_520/Final_Project/Sandbox/signal_detect_vitis/signal_detect_platform/hw
TRACE::2026-04-26.19:36:35::SCWPlatform:: Platform Path C:/Users/suren/Documents/ECE_520/Final_Project/Sandbox/signal_detect_vitis/signal_detect_platform/hw/signal_detect_bd_wrapper.xsa
TRACE::2026-04-26.19:36:35::SCWPlatform:: Unique name xilinx:zybo-z7-10::0.0
TRACE::2026-04-26.19:36:35::SCWPlatform::Trying to set the existing hwdb with name signal_detect_bd_wrapper_21
TRACE::2026-04-26.19:36:35::SCWPlatform::Opened existing hwdb signal_detect_bd_wrapper_21
TRACE::2026-04-26.19:36:35::SCWPlatform::Found the Hw Db part of the input DSA
TRACE::2026-04-26.19:36:35::SCWMssOS::Checking the sw design at  C:/Users/suren/Documents/ECE_520/Final_Project/Sandbox/signal_detect_vitis/signal_detect_platform/ps7_cortexa9_0/standalone_domain/bsp/system.mss
TRACE::2026-04-26.19:36:35::SCWMssOS::DEBUG:  swdes dump  C:/Users/suren/Documents/ECE_520/Final_Project/Sandbox/signal_detect_vitis/signal_detect_platform/ps7_cortexa9_0/standalone_domain/bsp/system.mss|system_0||
C:/Users/suren/Documents/ECE_520/Final_Project/Sandbox/signal_detect_vitis/signal_detect_platform/zynq_fsbl/zynq_fsbl_bsp/system.mss|system||

TRACE::2026-04-26.19:36:35::SCWMssOS::Sw design exists and opened at  C:/Users/suren/Documents/ECE_520/Final_Project/Sandbox/signal_detect_vitis/signal_detect_platform/ps7_cortexa9_0/standalone_domain/bsp/system.mss
TRACE::2026-04-26.19:36:35::SCWReader::No isolation master present  
LOG::2026-04-26.19:36:45::SCWPlatform::Started generating the artifacts platform signal_detect_platform
TRACE::2026-04-26.19:36:45::SCWPlatform::Sanity checking of platform is completed
LOG::2026-04-26.19:36:45::SCWPlatform::Started generating the artifacts for system configuration signal_detect_platform
LOG::2026-04-26.19:36:45::SCWSystem::Checking the domain zynq_fsbl
LOG::2026-04-26.19:36:45::SCWSystem::Doing application build for :  zynq_fsbl
TRACE::2026-04-26.19:36:45::SCWBDomain::Not a forced makefile updation, No changes are present. 
TRACE::2026-04-26.19:36:45::SCWDomain::Skipping the build for domain :  zynq_fsbl
LOG::2026-04-26.19:36:45::SCWSystem::Checking the domain standalone_domain
LOG::2026-04-26.19:36:45::SCWSystem::Not a boot domain 
LOG::2026-04-26.19:36:45::SCWSystem::Started Processing the domain standalone_domain
TRACE::2026-04-26.19:36:45::SCWDomain::Generating domain artifcats
TRACE::2026-04-26.19:36:45::SCWMssOS::Generating standalone artifcats
TRACE::2026-04-26.19:36:45::SCWMssOS::Copying the qemu file from  C:/Users/suren/Documents/ECE_520/Final_Project/Sandbox/signal_detect_vitis/signal_detect_platform/resources/signal_detect_platform/standalone_domain/qemu_args.txt To C:/Users/suren/Documents/ECE_520/Final_Project/Sandbox/signal_detect_vitis/signal_detect_platform/export/signal_detect_platform/sw/signal_detect_platform/qemu/
TRACE::2026-04-26.19:36:45::SCWMssOS::Copying the qemu file from  C:/Users/suren/Documents/ECE_520/Final_Project/Sandbox/signal_detect_vitis/signal_detect_platform/resources/signal_detect_platform/standalone_domain/qemu_args.txt To C:/Users/suren/Documents/ECE_520/Final_Project/Sandbox/signal_detect_vitis/signal_detect_platform/export/signal_detect_platform/sw/signal_detect_platform/standalone_domain/qemu/
TRACE::2026-04-26.19:36:45::SCWMssOS:: Copying the user libraries. 
TRACE::2026-04-26.19:36:45::SCWPlatform::Trying to open the hw design at C:/Users/suren/Documents/ECE_520/Final_Project/Sandbox/signal_detect_vitis/signal_detect_platform/hw/signal_detect_bd_wrapper.xsa
TRACE::2026-04-26.19:36:45::SCWPlatform::DSA given C:/Users/suren/Documents/ECE_520/Final_Project/Sandbox/signal_detect_vitis/signal_detect_platform/hw/signal_detect_bd_wrapper.xsa
TRACE::2026-04-26.19:36:45::SCWPlatform::DSA absoulate path C:/Users/suren/Documents/ECE_520/Final_Project/Sandbox/signal_detect_vitis/signal_detect_platform/hw/signal_detect_bd_wrapper.xsa
TRACE::2026-04-26.19:36:45::SCWPlatform::DSA directory C:/Users/suren/Documents/ECE_520/Final_Project/Sandbox/signal_detect_vitis/signal_detect_platform/hw
TRACE::2026-04-26.19:36:45::SCWPlatform:: Platform Path C:/Users/suren/Documents/ECE_520/Final_Project/Sandbox/signal_detect_vitis/signal_detect_platform/hw/signal_detect_bd_wrapper.xsa
TRACE::2026-04-26.19:36:45::SCWPlatform:: Unique name xilinx:zybo-z7-10::0.0
TRACE::2026-04-26.19:36:45::SCWPlatform::Trying to set the existing hwdb with name signal_detect_bd_wrapper_21
TRACE::2026-04-26.19:36:45::SCWPlatform::Could not get the HWDB from existing dbname
TRACE::2026-04-26.19:36:45::SCWPlatform::Do not have an existing db opened. Attempting to open the hwDb. 
TRACE::2026-04-26.19:36:45::SCWPlatform::Opened new HwDB with name signal_detect_bd_wrapper_22
TRACE::2026-04-26.19:36:45::SCWMssOS::Checking the sw design at  C:/Users/suren/Documents/ECE_520/Final_Project/Sandbox/signal_detect_vitis/signal_detect_platform/ps7_cortexa9_0/standalone_domain/bsp/system.mss
TRACE::2026-04-26.19:36:45::SCWMssOS::DEBUG:  swdes dump  C:/Users/suren/Documents/ECE_520/Final_Project/Sandbox/signal_detect_vitis/signal_detect_platform/ps7_cortexa9_0/standalone_domain/bsp/system.mss|system_0||
C:/Users/suren/Documents/ECE_520/Final_Project/Sandbox/signal_detect_vitis/signal_detect_platform/zynq_fsbl/zynq_fsbl_bsp/system.mss|system||

TRACE::2026-04-26.19:36:45::SCWMssOS::Sw design exists and opened at  C:/Users/suren/Documents/ECE_520/Final_Project/Sandbox/signal_detect_vitis/signal_detect_platform/ps7_cortexa9_0/standalone_domain/bsp/system.mss
TRACE::2026-04-26.19:36:45::SCWMssOS::Completed writing the mss file at C:/Users/suren/Documents/ECE_520/Final_Project/Sandbox/signal_detect_vitis/signal_detect_platform/ps7_cortexa9_0/standalone_domain/bsp
TRACE::2026-04-26.19:36:45::SCWMssOS::Mss edits present, copying mssfile into export location C:/Users/suren/Documents/ECE_520/Final_Project/Sandbox/signal_detect_vitis/signal_detect_platform/ps7_cortexa9_0/standalone_domain/bsp/system.mss
TRACE::2026-04-26.19:36:45::SCWMssOS::bsp generated is stale removing and regenerating. 
TRACE::2026-04-26.19:36:46::SCWMssOS::doing bsp build ... 
TRACE::2026-04-26.19:36:46::SCWMssOS::System Command Ran  C: & cd  C:/Users/suren/Documents/ECE_520/Final_Project/Sandbox/signal_detect_vitis/signal_detect_platform/ps7_cortexa9_0/standalone_domain/bsp & make 
TRACE::2026-04-26.19:36:46::SCWMssOS::make --no-print-directory seq_libs

TRACE::2026-04-26.19:36:46::SCWMssOS::'Finished building libraries sequentially.'

TRACE::2026-04-26.19:36:46::SCWMssOS::make -j 6 --no-print-directory par_libs

TRACE::2026-04-26.19:36:46::SCWMssOS::"Running Make include in ps7_cortexa9_0/libsrc/coresightps_dcc_v1_8/src"

TRACE::2026-04-26.19:36:46::SCWMssOS::make -C ps7_cortexa9_0/libsrc/coresightps_dcc_v1_8/src -s include  "SHELL=CMD" "COMPILER=arm-none-eabi-gcc" "ASSEMBLER=arm-none
TRACE::2026-04-26.19:36:46::SCWMssOS::-eabi-as" "ARCHIVER=arm-none-eabi-ar" "COMPILER_FLAGS=  -O2 -c" "EXTRA_COMPILER_FLAGS=-mcpu=cortex-a9 -mfpu=vfpv3 -mfloat-abi=h
TRACE::2026-04-26.19:36:46::SCWMssOS::ard -nostartfiles -g -Wall -Wextra -fno-tree-loop-distribute-patterns"

TRACE::2026-04-26.19:36:46::SCWMssOS::"Running Make include in ps7_cortexa9_0/libsrc/cpu_cortexa9_v2_11/src"

TRACE::2026-04-26.19:36:46::SCWMssOS::make -C ps7_cortexa9_0/libsrc/cpu_cortexa9_v2_11/src -s include  "SHELL=CMD" "COMPILER=arm-none-eabi-gcc" "ASSEMBLER=arm-none-e
TRACE::2026-04-26.19:36:46::SCWMssOS::abi-as" "ARCHIVER=arm-none-eabi-ar" "COMPILER_FLAGS=  -O2 -c" "EXTRA_COMPILER_FLAGS=-mcpu=cortex-a9 -mfpu=vfpv3 -mfloat-abi=har
TRACE::2026-04-26.19:36:46::SCWMssOS::d -nostartfiles -g -Wall -Wextra -fno-tree-loop-distribute-patterns"

TRACE::2026-04-26.19:36:46::SCWMssOS::"Running Make include in ps7_cortexa9_0/libsrc/ddrps_v1_2/src"

TRACE::2026-04-26.19:36:46::SCWMssOS::make -C ps7_cortexa9_0/libsrc/ddrps_v1_2/src -s include  "SHELL=CMD" "COMPILER=arm-none-eabi-gcc" "ASSEMBLER=arm-none-eabi-as" 
TRACE::2026-04-26.19:36:46::SCWMssOS::"ARCHIVER=arm-none-eabi-ar" "COMPILER_FLAGS=  -O2 -c" "EXTRA_COMPILER_FLAGS=-mcpu=cortex-a9 -mfpu=vfpv3 -mfloat-abi=hard -nosta
TRACE::2026-04-26.19:36:46::SCWMssOS::rtfiles -g -Wall -Wextra -fno-tree-loop-distribute-patterns"

TRACE::2026-04-26.19:36:46::SCWMssOS::"Running Make include in ps7_cortexa9_0/libsrc/devcfg_v3_7/src"

TRACE::2026-04-26.19:36:46::SCWMssOS::make -C ps7_cortexa9_0/libsrc/devcfg_v3_7/src -s include  "SHELL=CMD" "COMPILER=arm-none-eabi-gcc" "ASSEMBLER=arm-none-eabi-as"
TRACE::2026-04-26.19:36:46::SCWMssOS:: "ARCHIVER=arm-none-eabi-ar" "COMPILER_FLAGS=  -O2 -c" "EXTRA_COMPILER_FLAGS=-mcpu=cortex-a9 -mfpu=vfpv3 -mfloat-abi=hard -nost
TRACE::2026-04-26.19:36:46::SCWMssOS::artfiles -g -Wall -Wextra -fno-tree-loop-distribute-patterns"

TRACE::2026-04-26.19:36:46::SCWMssOS::"Running Make include in ps7_cortexa9_0/libsrc/dmaps_v2_8/src"

TRACE::2026-04-26.19:36:46::SCWMssOS::make -C ps7_cortexa9_0/libsrc/dmaps_v2_8/src -s include  "SHELL=CMD" "COMPILER=arm-none-eabi-gcc" "ASSEMBLER=arm-none-eabi-as" 
TRACE::2026-04-26.19:36:46::SCWMssOS::"ARCHIVER=arm-none-eabi-ar" "COMPILER_FLAGS=  -O2 -c" "EXTRA_COMPILER_FLAGS=-mcpu=cortex-a9 -mfpu=vfpv3 -mfloat-abi=hard -nosta
TRACE::2026-04-26.19:36:46::SCWMssOS::rtfiles -g -Wall -Wextra -fno-tree-loop-distribute-patterns"

TRACE::2026-04-26.19:36:46::SCWMssOS::"Running Make include in ps7_cortexa9_0/libsrc/emacps_v3_18/src"

TRACE::2026-04-26.19:36:46::SCWMssOS::make -C ps7_cortexa9_0/libsrc/emacps_v3_18/src -s include  "SHELL=CMD" "COMPILER=arm-none-eabi-gcc" "ASSEMBLER=arm-none-eabi-as
TRACE::2026-04-26.19:36:46::SCWMssOS::" "ARCHIVER=arm-none-eabi-ar" "COMPILER_FLAGS=  -O2 -c" "EXTRA_COMPILER_FLAGS=-mcpu=cortex-a9 -mfpu=vfpv3 -mfloat-abi=hard -nos
TRACE::2026-04-26.19:36:46::SCWMssOS::tartfiles -g -Wall -Wextra -fno-tree-loop-distribute-patterns"

TRACE::2026-04-26.19:36:46::SCWMssOS::"Running Make include in ps7_cortexa9_0/libsrc/gpiops_v3_11/src"

TRACE::2026-04-26.19:36:46::SCWMssOS::make -C ps7_cortexa9_0/libsrc/gpiops_v3_11/src -s include  "SHELL=CMD" "COMPILER=arm-none-eabi-gcc" "ASSEMBLER=arm-none-eabi-as
TRACE::2026-04-26.19:36:46::SCWMssOS::" "ARCHIVER=arm-none-eabi-ar" "COMPILER_FLAGS=  -O2 -c" "EXTRA_COMPILER_FLAGS=-mcpu=cortex-a9 -mfpu=vfpv3 -mfloat-abi=hard -nos
TRACE::2026-04-26.19:36:46::SCWMssOS::tartfiles -g -Wall -Wextra -fno-tree-loop-distribute-patterns"

TRACE::2026-04-26.19:36:46::SCWMssOS::"Running Make include in ps7_cortexa9_0/libsrc/gpio_v4_9/src"

TRACE::2026-04-26.19:36:46::SCWMssOS::make -C ps7_cortexa9_0/libsrc/gpio_v4_9/src -s include  "SHELL=CMD" "COMPILER=arm-none-eabi-gcc" "ASSEMBLER=arm-none-eabi-as" "
TRACE::2026-04-26.19:36:46::SCWMssOS::ARCHIVER=arm-none-eabi-ar" "COMPILER_FLAGS=  -O2 -c" "EXTRA_COMPILER_FLAGS=-mcpu=cortex-a9 -mfpu=vfpv3 -mfloat-abi=hard -nostar
TRACE::2026-04-26.19:36:46::SCWMssOS::tfiles -g -Wall -Wextra -fno-tree-loop-distribute-patterns"

TRACE::2026-04-26.19:36:46::SCWMssOS::"Running Make include in ps7_cortexa9_0/libsrc/qspips_v3_10/src"

TRACE::2026-04-26.19:36:46::SCWMssOS::make -C ps7_cortexa9_0/libsrc/qspips_v3_10/src -s include  "SHELL=CMD" "COMPILER=arm-none-eabi-gcc" "ASSEMBLER=arm-none-eabi-as
TRACE::2026-04-26.19:36:46::SCWMssOS::" "ARCHIVER=arm-none-eabi-ar" "COMPILER_FLAGS=  -O2 -c" "EXTRA_COMPILER_FLAGS=-mcpu=cortex-a9 -mfpu=vfpv3 -mfloat-abi=hard -nos
TRACE::2026-04-26.19:36:46::SCWMssOS::tartfiles -g -Wall -Wextra -fno-tree-loop-distribute-patterns"

TRACE::2026-04-26.19:36:46::SCWMssOS::"Running Make include in ps7_cortexa9_0/libsrc/scugic_v5_1/src"

TRACE::2026-04-26.19:36:46::SCWMssOS::make -C ps7_cortexa9_0/libsrc/scugic_v5_1/src -s include  "SHELL=CMD" "COMPILER=arm-none-eabi-gcc" "ASSEMBLER=arm-none-eabi-as"
TRACE::2026-04-26.19:36:46::SCWMssOS:: "ARCHIVER=arm-none-eabi-ar" "COMPILER_FLAGS=  -O2 -c" "EXTRA_COMPILER_FLAGS=-mcpu=cortex-a9 -mfpu=vfpv3 -mfloat-abi=hard -nost
TRACE::2026-04-26.19:36:46::SCWMssOS::artfiles -g -Wall -Wextra -fno-tree-loop-distribute-patterns"

TRACE::2026-04-26.19:36:46::SCWMssOS::"Running Make include in ps7_cortexa9_0/libsrc/scutimer_v2_4/src"

TRACE::2026-04-26.19:36:46::SCWMssOS::make -C ps7_cortexa9_0/libsrc/scutimer_v2_4/src -s include  "SHELL=CMD" "COMPILER=arm-none-eabi-gcc" "ASSEMBLER=arm-none-eabi-a
TRACE::2026-04-26.19:36:46::SCWMssOS::s" "ARCHIVER=arm-none-eabi-ar" "COMPILER_FLAGS=  -O2 -c" "EXTRA_COMPILER_FLAGS=-mcpu=cortex-a9 -mfpu=vfpv3 -mfloat-abi=hard -no
TRACE::2026-04-26.19:36:46::SCWMssOS::startfiles -g -Wall -Wextra -fno-tree-loop-distribute-patterns"

TRACE::2026-04-26.19:36:46::SCWMssOS::"Running Make include in ps7_cortexa9_0/libsrc/scuwdt_v2_4/src"

TRACE::2026-04-26.19:36:46::SCWMssOS::make -C ps7_cortexa9_0/libsrc/scuwdt_v2_4/src -s include  "SHELL=CMD" "COMPILER=arm-none-eabi-gcc" "ASSEMBLER=arm-none-eabi-as"
TRACE::2026-04-26.19:36:46::SCWMssOS:: "ARCHIVER=arm-none-eabi-ar" "COMPILER_FLAGS=  -O2 -c" "EXTRA_COMPILER_FLAGS=-mcpu=cortex-a9 -mfpu=vfpv3 -mfloat-abi=hard -nost
TRACE::2026-04-26.19:36:46::SCWMssOS::artfiles -g -Wall -Wextra -fno-tree-loop-distribute-patterns"

TRACE::2026-04-26.19:36:46::SCWMssOS::"Running Make include in ps7_cortexa9_0/libsrc/sdps_v4_1/src"

TRACE::2026-04-26.19:36:46::SCWMssOS::make -C ps7_cortexa9_0/libsrc/sdps_v4_1/src -s include  "SHELL=CMD" "COMPILER=arm-none-eabi-gcc" "ASSEMBLER=arm-none-eabi-as" "
TRACE::2026-04-26.19:36:46::SCWMssOS::ARCHIVER=arm-none-eabi-ar" "COMPILER_FLAGS=  -O2 -c" "EXTRA_COMPILER_FLAGS=-mcpu=cortex-a9 -mfpu=vfpv3 -mfloat-abi=hard -nostar
TRACE::2026-04-26.19:36:46::SCWMssOS::tfiles -g -Wall -Wextra -fno-tree-loop-distribute-patterns"

TRACE::2026-04-26.19:36:46::SCWMssOS::"Running Make include in ps7_cortexa9_0/libsrc/standalone_v8_1/src"

TRACE::2026-04-26.19:36:47::SCWMssOS::make -C ps7_cortexa9_0/libsrc/standalone_v8_1/src -s include  "SHELL=CMD" "COMPILER=arm-none-eabi-gcc" "ASSEMBLER=arm-none-eabi
TRACE::2026-04-26.19:36:47::SCWMssOS::-as" "ARCHIVER=arm-none-eabi-ar" "COMPILER_FLAGS=  -O2 -c" "EXTRA_COMPILER_FLAGS=-mcpu=cortex-a9 -mfpu=vfpv3 -mfloat-abi=hard -
TRACE::2026-04-26.19:36:47::SCWMssOS::nostartfiles -g -Wall -Wextra -fno-tree-loop-distribute-patterns"

TRACE::2026-04-26.19:36:47::SCWMssOS::"Running Make include in ps7_cortexa9_0/libsrc/uartps_v3_12/src"

TRACE::2026-04-26.19:36:47::SCWMssOS::make -C ps7_cortexa9_0/libsrc/uartps_v3_12/src -s include  "SHELL=CMD" "COMPILER=arm-none-eabi-gcc" "ASSEMBLER=arm-none-eabi-as
TRACE::2026-04-26.19:36:47::SCWMssOS::" "ARCHIVER=arm-none-eabi-ar" "COMPILER_FLAGS=  -O2 -c" "EXTRA_COMPILER_FLAGS=-mcpu=cortex-a9 -mfpu=vfpv3 -mfloat-abi=hard -nos
TRACE::2026-04-26.19:36:47::SCWMssOS::tartfiles -g -Wall -Wextra -fno-tree-loop-distribute-patterns"

TRACE::2026-04-26.19:36:47::SCWMssOS::"Running Make include in ps7_cortexa9_0/libsrc/usbps_v2_7/src"

TRACE::2026-04-26.19:36:47::SCWMssOS::make -C ps7_cortexa9_0/libsrc/usbps_v2_7/src -s include  "SHELL=CMD" "COMPILER=arm-none-eabi-gcc" "ASSEMBLER=arm-none-eabi-as" 
TRACE::2026-04-26.19:36:47::SCWMssOS::"ARCHIVER=arm-none-eabi-ar" "COMPILER_FLAGS=  -O2 -c" "EXTRA_COMPILER_FLAGS=-mcpu=cortex-a9 -mfpu=vfpv3 -mfloat-abi=hard -nosta
TRACE::2026-04-26.19:36:47::SCWMssOS::rtfiles -g -Wall -Wextra -fno-tree-loop-distribute-patterns"

TRACE::2026-04-26.19:36:47::SCWMssOS::"Running Make include in ps7_cortexa9_0/libsrc/xadcps_v2_6/src"

TRACE::2026-04-26.19:36:47::SCWMssOS::make -C ps7_cortexa9_0/libsrc/xadcps_v2_6/src -s include  "SHELL=CMD" "COMPILER=arm-none-eabi-gcc" "ASSEMBLER=arm-none-eabi-as"
TRACE::2026-04-26.19:36:47::SCWMssOS:: "ARCHIVER=arm-none-eabi-ar" "COMPILER_FLAGS=  -O2 -c" "EXTRA_COMPILER_FLAGS=-mcpu=cortex-a9 -mfpu=vfpv3 -mfloat-abi=hard -nost
TRACE::2026-04-26.19:36:47::SCWMssOS::artfiles -g -Wall -Wextra -fno-tree-loop-distribute-patterns"

TRACE::2026-04-26.19:36:48::SCWMssOS::"Running Make libs in ps7_cortexa9_0/libsrc/coresightps_dcc_v1_8/src"

TRACE::2026-04-26.19:36:48::SCWMssOS::make -C ps7_cortexa9_0/libsrc/coresightps_dcc_v1_8/src -s libs  "SHELL=CMD" "COMPILER=arm-none-eabi-gcc" "ASSEMBLER=arm-none-ea
TRACE::2026-04-26.19:36:48::SCWMssOS::bi-as" "ARCHIVER=arm-none-eabi-ar" "COMPILER_FLAGS=  -O2 -c" "EXTRA_COMPILER_FLAGS=-mcpu=cortex-a9 -mfpu=vfpv3 -mfloat-abi=hard
TRACE::2026-04-26.19:36:48::SCWMssOS:: -nostartfiles -g -Wall -Wextra -fno-tree-loop-distribute-patterns"

TRACE::2026-04-26.19:36:48::SCWMssOS::"Running Make libs in ps7_cortexa9_0/libsrc/cpu_cortexa9_v2_11/src"

TRACE::2026-04-26.19:36:48::SCWMssOS::make -C ps7_cortexa9_0/libsrc/cpu_cortexa9_v2_11/src -s libs  "SHELL=CMD" "COMPILER=arm-none-eabi-gcc" "ASSEMBLER=arm-none-eabi
TRACE::2026-04-26.19:36:48::SCWMssOS::-as" "ARCHIVER=arm-none-eabi-ar" "COMPILER_FLAGS=  -O2 -c" "EXTRA_COMPILER_FLAGS=-mcpu=cortex-a9 -mfpu=vfpv3 -mfloat-abi=hard -
TRACE::2026-04-26.19:36:48::SCWMssOS::nostartfiles -g -Wall -Wextra -fno-tree-loop-distribute-patterns"

TRACE::2026-04-26.19:36:48::SCWMssOS::"Running Make libs in ps7_cortexa9_0/libsrc/ddrps_v1_2/src"

TRACE::2026-04-26.19:36:48::SCWMssOS::make -C ps7_cortexa9_0/libsrc/ddrps_v1_2/src -s libs  "SHELL=CMD" "COMPILER=arm-none-eabi-gcc" "ASSEMBLER=arm-none-eabi-as" "AR
TRACE::2026-04-26.19:36:48::SCWMssOS::CHIVER=arm-none-eabi-ar" "COMPILER_FLAGS=  -O2 -c" "EXTRA_COMPILER_FLAGS=-mcpu=cortex-a9 -mfpu=vfpv3 -mfloat-abi=hard -nostartf
TRACE::2026-04-26.19:36:48::SCWMssOS::iles -g -Wall -Wextra -fno-tree-loop-distribute-patterns"

TRACE::2026-04-26.19:36:48::SCWMssOS::"Running Make libs in ps7_cortexa9_0/libsrc/devcfg_v3_7/src"

TRACE::2026-04-26.19:36:48::SCWMssOS::make -C ps7_cortexa9_0/libsrc/devcfg_v3_7/src -s libs  "SHELL=CMD" "COMPILER=arm-none-eabi-gcc" "ASSEMBLER=arm-none-eabi-as" "A
TRACE::2026-04-26.19:36:48::SCWMssOS::RCHIVER=arm-none-eabi-ar" "COMPILER_FLAGS=  -O2 -c" "EXTRA_COMPILER_FLAGS=-mcpu=cortex-a9 -mfpu=vfpv3 -mfloat-abi=hard -nostart
TRACE::2026-04-26.19:36:48::SCWMssOS::files -g -Wall -Wextra -fno-tree-loop-distribute-patterns"

TRACE::2026-04-26.19:36:48::SCWMssOS::"Running Make libs in ps7_cortexa9_0/libsrc/dmaps_v2_8/src"

TRACE::2026-04-26.19:36:48::SCWMssOS::make -C ps7_cortexa9_0/libsrc/dmaps_v2_8/src -s libs  "SHELL=CMD" "COMPILER=arm-none-eabi-gcc" "ASSEMBLER=arm-none-eabi-as" "AR
TRACE::2026-04-26.19:36:48::SCWMssOS::CHIVER=arm-none-eabi-ar" "COMPILER_FLAGS=  -O2 -c" "EXTRA_COMPILER_FLAGS=-mcpu=cortex-a9 -mfpu=vfpv3 -mfloat-abi=hard -nostartf
TRACE::2026-04-26.19:36:48::SCWMssOS::iles -g -Wall -Wextra -fno-tree-loop-distribute-patterns"

TRACE::2026-04-26.19:36:48::SCWMssOS::"Running Make libs in ps7_cortexa9_0/libsrc/emacps_v3_18/src"

TRACE::2026-04-26.19:36:48::SCWMssOS::make -C ps7_cortexa9_0/libsrc/emacps_v3_18/src -s libs  "SHELL=CMD" "COMPILER=arm-none-eabi-gcc" "ASSEMBLER=arm-none-eabi-as" "
TRACE::2026-04-26.19:36:48::SCWMssOS::ARCHIVER=arm-none-eabi-ar" "COMPILER_FLAGS=  -O2 -c" "EXTRA_COMPILER_FLAGS=-mcpu=cortex-a9 -mfpu=vfpv3 -mfloat-abi=hard -nostar
TRACE::2026-04-26.19:36:48::SCWMssOS::tfiles -g -Wall -Wextra -fno-tree-loop-distribute-patterns"

TRACE::2026-04-26.19:36:48::SCWMssOS::"Running Make libs in ps7_cortexa9_0/libsrc/gpiops_v3_11/src"

TRACE::2026-04-26.19:36:48::SCWMssOS::make -C ps7_cortexa9_0/libsrc/gpiops_v3_11/src -s libs  "SHELL=CMD" "COMPILER=arm-none-eabi-gcc" "ASSEMBLER=arm-none-eabi-as" "
TRACE::2026-04-26.19:36:48::SCWMssOS::ARCHIVER=arm-none-eabi-ar" "COMPILER_FLAGS=  -O2 -c" "EXTRA_COMPILER_FLAGS=-mcpu=cortex-a9 -mfpu=vfpv3 -mfloat-abi=hard -nostar
TRACE::2026-04-26.19:36:48::SCWMssOS::tfiles -g -Wall -Wextra -fno-tree-loop-distribute-patterns"

TRACE::2026-04-26.19:36:48::SCWMssOS::"Running Make libs in ps7_cortexa9_0/libsrc/gpio_v4_9/src"

TRACE::2026-04-26.19:36:48::SCWMssOS::make -C ps7_cortexa9_0/libsrc/gpio_v4_9/src -s libs  "SHELL=CMD" "COMPILER=arm-none-eabi-gcc" "ASSEMBLER=arm-none-eabi-as" "ARC
TRACE::2026-04-26.19:36:48::SCWMssOS::HIVER=arm-none-eabi-ar" "COMPILER_FLAGS=  -O2 -c" "EXTRA_COMPILER_FLAGS=-mcpu=cortex-a9 -mfpu=vfpv3 -mfloat-abi=hard -nostartfi
TRACE::2026-04-26.19:36:48::SCWMssOS::les -g -Wall -Wextra -fno-tree-loop-distribute-patterns"

TRACE::2026-04-26.19:36:48::SCWMssOS::"Running Make libs in ps7_cortexa9_0/libsrc/qspips_v3_10/src"

TRACE::2026-04-26.19:36:48::SCWMssOS::make -C ps7_cortexa9_0/libsrc/qspips_v3_10/src -s libs  "SHELL=CMD" "COMPILER=arm-none-eabi-gcc" "ASSEMBLER=arm-none-eabi-as" "
TRACE::2026-04-26.19:36:48::SCWMssOS::ARCHIVER=arm-none-eabi-ar" "COMPILER_FLAGS=  -O2 -c" "EXTRA_COMPILER_FLAGS=-mcpu=cortex-a9 -mfpu=vfpv3 -mfloat-abi=hard -nostar
TRACE::2026-04-26.19:36:48::SCWMssOS::tfiles -g -Wall -Wextra -fno-tree-loop-distribute-patterns"

TRACE::2026-04-26.19:36:49::SCWMssOS::"Running Make libs in ps7_cortexa9_0/libsrc/scugic_v5_1/src"

TRACE::2026-04-26.19:36:49::SCWMssOS::make -C ps7_cortexa9_0/libsrc/scugic_v5_1/src -s libs  "SHELL=CMD" "COMPILER=arm-none-eabi-gcc" "ASSEMBLER=arm-none-eabi-as" "A
TRACE::2026-04-26.19:36:49::SCWMssOS::RCHIVER=arm-none-eabi-ar" "COMPILER_FLAGS=  -O2 -c" "EXTRA_COMPILER_FLAGS=-mcpu=cortex-a9 -mfpu=vfpv3 -mfloat-abi=hard -nostart
TRACE::2026-04-26.19:36:49::SCWMssOS::files -g -Wall -Wextra -fno-tree-loop-distribute-patterns"

TRACE::2026-04-26.19:36:49::SCWMssOS::"Running Make libs in ps7_cortexa9_0/libsrc/scutimer_v2_4/src"

TRACE::2026-04-26.19:36:49::SCWMssOS::make -C ps7_cortexa9_0/libsrc/scutimer_v2_4/src -s libs  "SHELL=CMD" "COMPILER=arm-none-eabi-gcc" "ASSEMBLER=arm-none-eabi-as" 
TRACE::2026-04-26.19:36:49::SCWMssOS::"ARCHIVER=arm-none-eabi-ar" "COMPILER_FLAGS=  -O2 -c" "EXTRA_COMPILER_FLAGS=-mcpu=cortex-a9 -mfpu=vfpv3 -mfloat-abi=hard -nosta
TRACE::2026-04-26.19:36:49::SCWMssOS::rtfiles -g -Wall -Wextra -fno-tree-loop-distribute-patterns"

TRACE::2026-04-26.19:36:49::SCWMssOS::"Running Make libs in ps7_cortexa9_0/libsrc/scuwdt_v2_4/src"

TRACE::2026-04-26.19:36:49::SCWMssOS::make -C ps7_cortexa9_0/libsrc/scuwdt_v2_4/src -s libs  "SHELL=CMD" "COMPILER=arm-none-eabi-gcc" "ASSEMBLER=arm-none-eabi-as" "A
TRACE::2026-04-26.19:36:49::SCWMssOS::RCHIVER=arm-none-eabi-ar" "COMPILER_FLAGS=  -O2 -c" "EXTRA_COMPILER_FLAGS=-mcpu=cortex-a9 -mfpu=vfpv3 -mfloat-abi=hard -nostart
TRACE::2026-04-26.19:36:49::SCWMssOS::files -g -Wall -Wextra -fno-tree-loop-distribute-patterns"

TRACE::2026-04-26.19:36:49::SCWMssOS::"Running Make libs in ps7_cortexa9_0/libsrc/sdps_v4_1/src"

TRACE::2026-04-26.19:36:49::SCWMssOS::make -C ps7_cortexa9_0/libsrc/sdps_v4_1/src -s libs  "SHELL=CMD" "COMPILER=arm-none-eabi-gcc" "ASSEMBLER=arm-none-eabi-as" "ARC
TRACE::2026-04-26.19:36:49::SCWMssOS::HIVER=arm-none-eabi-ar" "COMPILER_FLAGS=  -O2 -c" "EXTRA_COMPILER_FLAGS=-mcpu=cortex-a9 -mfpu=vfpv3 -mfloat-abi=hard -nostartfi
TRACE::2026-04-26.19:36:49::SCWMssOS::les -g -Wall -Wextra -fno-tree-loop-distribute-patterns"

TRACE::2026-04-26.19:36:49::SCWMssOS::"Running Make libs in ps7_cortexa9_0/libsrc/standalone_v8_1/src"

TRACE::2026-04-26.19:36:49::SCWMssOS::make -C ps7_cortexa9_0/libsrc/standalone_v8_1/src -s libs  "SHELL=CMD" "COMPILER=arm-none-eabi-gcc" "ASSEMBLER=arm-none-eabi-as
TRACE::2026-04-26.19:36:49::SCWMssOS::" "ARCHIVER=arm-none-eabi-ar" "COMPILER_FLAGS=  -O2 -c" "EXTRA_COMPILER_FLAGS=-mcpu=cortex-a9 -mfpu=vfpv3 -mfloat-abi=hard -nos
TRACE::2026-04-26.19:36:49::SCWMssOS::tartfiles -g -Wall -Wextra -fno-tree-loop-distribute-patterns"

TRACE::2026-04-26.19:36:49::SCWMssOS::"Running Make libs in ps7_cortexa9_0/libsrc/uartps_v3_12/src"

TRACE::2026-04-26.19:36:49::SCWMssOS::make -C ps7_cortexa9_0/libsrc/uartps_v3_12/src -s libs  "SHELL=CMD" "COMPILER=arm-none-eabi-gcc" "ASSEMBLER=arm-none-eabi-as" "
TRACE::2026-04-26.19:36:49::SCWMssOS::ARCHIVER=arm-none-eabi-ar" "COMPILER_FLAGS=  -O2 -c" "EXTRA_COMPILER_FLAGS=-mcpu=cortex-a9 -mfpu=vfpv3 -mfloat-abi=hard -nostar
TRACE::2026-04-26.19:36:49::SCWMssOS::tfiles -g -Wall -Wextra -fno-tree-loop-distribute-patterns"

TRACE::2026-04-26.19:36:49::SCWMssOS::"Running Make libs in ps7_cortexa9_0/libsrc/usbps_v2_7/src"

TRACE::2026-04-26.19:36:49::SCWMssOS::make -C ps7_cortexa9_0/libsrc/usbps_v2_7/src -s libs  "SHELL=CMD" "COMPILER=arm-none-eabi-gcc" "ASSEMBLER=arm-none-eabi-as" "AR
TRACE::2026-04-26.19:36:49::SCWMssOS::CHIVER=arm-none-eabi-ar" "COMPILER_FLAGS=  -O2 -c" "EXTRA_COMPILER_FLAGS=-mcpu=cortex-a9 -mfpu=vfpv3 -mfloat-abi=hard -nostartf
TRACE::2026-04-26.19:36:49::SCWMssOS::iles -g -Wall -Wextra -fno-tree-loop-distribute-patterns"

TRACE::2026-04-26.19:36:49::SCWMssOS::"Running Make libs in ps7_cortexa9_0/libsrc/xadcps_v2_6/src"

TRACE::2026-04-26.19:36:49::SCWMssOS::make -C ps7_cortexa9_0/libsrc/xadcps_v2_6/src -s libs  "SHELL=CMD" "COMPILER=arm-none-eabi-gcc" "ASSEMBLER=arm-none-eabi-as" "A
TRACE::2026-04-26.19:36:49::SCWMssOS::RCHIVER=arm-none-eabi-ar" "COMPILER_FLAGS=  -O2 -c" "EXTRA_COMPILER_FLAGS=-mcpu=cortex-a9 -mfpu=vfpv3 -mfloat-abi=hard -nostart
TRACE::2026-04-26.19:36:49::SCWMssOS::files -g -Wall -Wextra -fno-tree-loop-distribute-patterns"

TRACE::2026-04-26.19:36:51::SCWMssOS::'Finished building libraries parallelly.'

TRACE::2026-04-26.19:36:51::SCWMssOS::make --no-print-directory archive

TRACE::2026-04-26.19:36:51::SCWMssOS::arm-none-eabi-ar -r  ps7_cortexa9_0/lib/libxil.a ps7_cortexa9_0/lib/_exit.o ps7_cortexa9_0/lib/_open.o ps7_cortexa9_0/lib/_sbrk
TRACE::2026-04-26.19:36:51::SCWMssOS::.o ps7_cortexa9_0/lib/abort.o ps7_cortexa9_0/lib/asm_vectors.o ps7_cortexa9_0/lib/boot.o ps7_cortexa9_0/lib/close.o ps7_cortexa
TRACE::2026-04-26.19:36:51::SCWMssOS::9_0/lib/cpputest_time.o ps7_cortexa9_0/lib/cpu_init.o ps7_cortexa9_0/lib/errno.o ps7_cortexa9_0/lib/fcntl.o ps7_cortexa9_0/lib/
TRACE::2026-04-26.19:36:51::SCWMssOS::fstat.o ps7_cortexa9_0/lib/getentropy.o ps7_cortexa9_0/lib/getpid.o ps7_cortexa9_0/lib/inbyte.o ps7_cortexa9_0/lib/isatty.o ps7
TRACE::2026-04-26.19:36:51::SCWMssOS::_cortexa9_0/lib/kill.o ps7_cortexa9_0/lib/lseek.o ps7_cortexa9_0/lib/open.o ps7_cortexa9_0/lib/outbyte.o ps7_cortexa9_0/lib/pri
TRACE::2026-04-26.19:36:51::SCWMssOS::nt.o ps7_cortexa9_0/lib/putnum.o ps7_cortexa9_0/lib/read.o ps7_cortexa9_0/lib/sbrk.o ps7_cortexa9_0/lib/sleep.o ps7_cortexa9_0/
TRACE::2026-04-26.19:36:51::SCWMssOS::lib/time.o ps7_cortexa9_0/lib/translation_table.o ps7_cortexa9_0/lib/unlink.o ps7_cortexa9_0/lib/usleep.o ps7_cortexa9_0/lib/ve
TRACE::2026-04-26.19:36:51::SCWMssOS::ctors.o ps7_cortexa9_0/lib/write.o ps7_cortexa9_0/lib/xadcps.o ps7_cortexa9_0/lib/xadcps_g.o ps7_cortexa9_0/lib/xadcps_intr.o p
TRACE::2026-04-26.19:36:51::SCWMssOS::s7_cortexa9_0/lib/xadcps_selftest.o ps7_cortexa9_0/lib/xadcps_sinit.o ps7_cortexa9_0/lib/xcoresightpsdcc.o ps7_cortexa9_0/lib/x
TRACE::2026-04-26.19:36:51::SCWMssOS::devcfg.o ps7_cortexa9_0/lib/xdevcfg_g.o ps7_cortexa9_0/lib/xdevcfg_hw.o ps7_cortexa9_0/lib/xdevcfg_intr.o ps7_cortexa9_0/lib/xd
TRACE::2026-04-26.19:36:51::SCWMssOS::evcfg_selftest.o ps7_cortexa9_0/lib/xdevcfg_sinit.o ps7_cortexa9_0/lib/xdmaps.o ps7_cortexa9_0/lib/xdmaps_g.o ps7_cortexa9_0/li
TRACE::2026-04-26.19:36:51::SCWMssOS::b/xdmaps_hw.o ps7_cortexa9_0/lib/xdmaps_selftest.o ps7_cortexa9_0/lib/xdmaps_sinit.o ps7_cortexa9_0/lib/xemacps.o ps7_cortexa9_
TRACE::2026-04-26.19:36:51::SCWMssOS::0/lib/xemacps_bdring.o ps7_cortexa9_0/lib/xemacps_control.o ps7_cortexa9_0/lib/xemacps_g.o ps7_cortexa9_0/lib/xemacps_hw.o ps7_
TRACE::2026-04-26.19:36:51::SCWMssOS::cortexa9_0/lib/xemacps_intr.o ps7_cortexa9_0/lib/xemacps_sinit.o ps7_cortexa9_0/lib/xgpio.o ps7_cortexa9_0/lib/xgpio_extra.o ps
TRACE::2026-04-26.19:36:51::SCWMssOS::7_cortexa9_0/lib/xgpio_g.o ps7_cortexa9_0/lib/xgpio_intr.o ps7_cortexa9_0/lib/xgpio_selftest.o ps7_cortexa9_0/lib/xgpio_sinit.o
TRACE::2026-04-26.19:36:51::SCWMssOS:: ps7_cortexa9_0/lib/xgpiops.o ps7_cortexa9_0/lib/xgpiops_g.o ps7_cortexa9_0/lib/xgpiops_hw.o ps7_cortexa9_0/lib/xgpiops_intr.o 
TRACE::2026-04-26.19:36:51::SCWMssOS::ps7_cortexa9_0/lib/xgpiops_selftest.o ps7_cortexa9_0/lib/xgpiops_sinit.o ps7_cortexa9_0/lib/xil-crt0.o ps7_cortexa9_0/lib/xil_a
TRACE::2026-04-26.19:36:51::SCWMssOS::ssert.o ps7_cortexa9_0/lib/xil_cache.o ps7_cortexa9_0/lib/xil_clocking.o ps7_cortexa9_0/lib/xil_exception.o ps7_cortexa9_0/lib/
TRACE::2026-04-26.19:36:51::SCWMssOS::xil_mem.o ps7_cortexa9_0/lib/xil_misc_psreset_api.o ps7_cortexa9_0/lib/xil_mmu.o ps7_cortexa9_0/lib/xil_printf.o ps7_cortexa9_0
TRACE::2026-04-26.19:36:51::SCWMssOS::/lib/xil_sleepcommon.o ps7_cortexa9_0/lib/xil_sleeptimer.o ps7_cortexa9_0/lib/xil_spinlock.o ps7_cortexa9_0/lib/xil_testcache.o
TRACE::2026-04-26.19:36:51::SCWMssOS:: ps7_cortexa9_0/lib/xil_testio.o ps7_cortexa9_0/lib/xil_testmem.o ps7_cortexa9_0/lib/xil_util.o ps7_cortexa9_0/lib/xinterrupt_w
TRACE::2026-04-26.19:36:51::SCWMssOS::rap.o ps7_cortexa9_0/lib/xl2cc_counter.o ps7_cortexa9_0/lib/xplatform_info.o ps7_cortexa9_0/lib/xpm_counter.o ps7_cortexa9_0/li
TRACE::2026-04-26.19:36:51::SCWMssOS::b/xqspips.o ps7_cortexa9_0/lib/xqspips_g.o ps7_cortexa9_0/lib/xqspips_hw.o ps7_cortexa9_0/lib/xqspips_options.o ps7_cortexa9_0/
TRACE::2026-04-26.19:36:51::SCWMssOS::lib/xqspips_selftest.o ps7_cortexa9_0/lib/xqspips_sinit.o ps7_cortexa9_0/lib/xscugic.o ps7_cortexa9_0/lib/xscugic_g.o ps7_corte
TRACE::2026-04-26.19:36:51::SCWMssOS::xa9_0/lib/xscugic_hw.o ps7_cortexa9_0/lib/xscugic_intr.o ps7_cortexa9_0/lib/xscugic_selftest.o ps7_cortexa9_0/lib/xscugic_sinit
TRACE::2026-04-26.19:36:51::SCWMssOS::.o ps7_cortexa9_0/lib/xscutimer.o ps7_cortexa9_0/lib/xscutimer_g.o ps7_cortexa9_0/lib/xscutimer_selftest.o ps7_cortexa9_0/lib/x
TRACE::2026-04-26.19:36:51::SCWMssOS::scutimer_sinit.o ps7_cortexa9_0/lib/xscuwdt.o ps7_cortexa9_0/lib/xscuwdt_g.o ps7_cortexa9_0/lib/xscuwdt_selftest.o ps7_cortexa9
TRACE::2026-04-26.19:36:51::SCWMssOS::_0/lib/xscuwdt_sinit.o ps7_cortexa9_0/lib/xsdps.o ps7_cortexa9_0/lib/xsdps_card.o ps7_cortexa9_0/lib/xsdps_g.o ps7_cortexa9_0/l
TRACE::2026-04-26.19:36:51::SCWMssOS::ib/xsdps_host.o ps7_cortexa9_0/lib/xsdps_options.o ps7_cortexa9_0/lib/xsdps_sinit.o ps7_cortexa9_0/lib/xtime_l.o ps7_cortexa9_0
TRACE::2026-04-26.19:36:51::SCWMssOS::/lib/xuartps.o ps7_cortexa9_0/lib/xuartps_g.o ps7_cortexa9_0/lib/xuartps_hw.o ps7_cortexa9_0/lib/xuartps_intr.o ps7_cortexa9_0/
TRACE::2026-04-26.19:36:51::SCWMssOS::lib/xuartps_options.o ps7_cortexa9_0/lib/xuartps_selftest.o ps7_cortexa9_0/lib/xuartps_sinit.o ps7_cortexa9_0/lib/xusbps.o ps7_
TRACE::2026-04-26.19:36:51::SCWMssOS::cortexa9_0/lib/xusbps_endpoint.o ps7_cortexa9_0/lib/xusbps_g.o ps7_cortexa9_0/lib/xusbps_hw.o ps7_cortexa9_0/lib/xusbps_intr.o 
TRACE::2026-04-26.19:36:51::SCWMssOS::ps7_cortexa9_0/lib/xusbps_sinit.o

TRACE::2026-04-26.19:36:51::SCWMssOS::'Finished building libraries'

TRACE::2026-04-26.19:36:51::SCWMssOS:: Checking if to create the Supporting Applications
TRACE::2026-04-26.19:36:51::SCWMssOS:: No Linux domain exists, trying to generate FSBL 
LOG::2026-04-26.19:36:51::SCWSystem::Completed Processing the domain standalone_domain
LOG::2026-04-26.19:36:51::SCWSystem::Completed Processing the sysconfig signal_detect_platform
LOG::2026-04-26.19:36:51::SCWPlatform::Completed generating the artifacts for system configuration signal_detect_platform
TRACE::2026-04-26.19:36:51::SCWPlatform::Started preparing the platform 
TRACE::2026-04-26.19:36:51::SCWSystem::Writing the bif file for system config signal_detect_platform
TRACE::2026-04-26.19:36:51::SCWSystem::dir created 
TRACE::2026-04-26.19:36:51::SCWSystem::Writing the bif 
TRACE::2026-04-26.19:36:51::SCWPlatform::Started writing the spfm file 
TRACE::2026-04-26.19:36:51::SCWPlatform::Started writing the xpfm file 
TRACE::2026-04-26.19:36:51::SCWPlatform::Completed generating the platform
TRACE::2026-04-26.19:36:51::SCWMssOS::Saving the mss changes C:/Users/suren/Documents/ECE_520/Final_Project/Sandbox/signal_detect_vitis/signal_detect_platform/zynq_fsbl/zynq_fsbl_bsp/system.mss
TRACE::2026-04-26.19:36:51::SCWMssOS::Found a swdesign opened with the mssfile.
TRACE::2026-04-26.19:36:51::SCWMssOS::Completed writemss as part of save.
TRACE::2026-04-26.19:36:51::SCWMssOS::Commit changes completed.
TRACE::2026-04-26.19:36:51::SCWMssOS::Saving the mss changes C:/Users/suren/Documents/ECE_520/Final_Project/Sandbox/signal_detect_vitis/signal_detect_platform/ps7_cortexa9_0/standalone_domain/bsp/system.mss
TRACE::2026-04-26.19:36:51::SCWMssOS::Adding the swdes entry, mss present, able to open swdb C:/Users/suren/Documents/ECE_520/Final_Project/Sandbox/signal_detect_vitis/signal_detect_platform/ps7_cortexa9_0/standalone_domain/bsp/system.mss with des name system_0
TRACE::2026-04-26.19:36:51::SCWMssOS::Writing the mss file completed C:/Users/suren/Documents/ECE_520/Final_Project/Sandbox/signal_detect_vitis/signal_detect_platform/ps7_cortexa9_0/standalone_domain/bsp/system.mss
TRACE::2026-04-26.19:36:51::SCWMssOS::Commit changes completed.
TRACE::2026-04-26.19:36:51::SCWPlatform::Trying to open the hw design at C:/Users/suren/Documents/ECE_520/Final_Project/Sandbox/signal_detect_vitis/signal_detect_platform/hw/signal_detect_bd_wrapper.xsa
TRACE::2026-04-26.19:36:51::SCWPlatform::DSA given C:/Users/suren/Documents/ECE_520/Final_Project/Sandbox/signal_detect_vitis/signal_detect_platform/hw/signal_detect_bd_wrapper.xsa
TRACE::2026-04-26.19:36:51::SCWPlatform::DSA absoulate path C:/Users/suren/Documents/ECE_520/Final_Project/Sandbox/signal_detect_vitis/signal_detect_platform/hw/signal_detect_bd_wrapper.xsa
TRACE::2026-04-26.19:36:51::SCWPlatform::DSA directory C:/Users/suren/Documents/ECE_520/Final_Project/Sandbox/signal_detect_vitis/signal_detect_platform/hw
TRACE::2026-04-26.19:36:51::SCWPlatform:: Platform Path C:/Users/suren/Documents/ECE_520/Final_Project/Sandbox/signal_detect_vitis/signal_detect_platform/hw/signal_detect_bd_wrapper.xsa
TRACE::2026-04-26.19:36:51::SCWPlatform:: Unique name xilinx:zybo-z7-10::0.0
TRACE::2026-04-26.19:36:51::SCWPlatform::Trying to set the existing hwdb with name signal_detect_bd_wrapper_22
TRACE::2026-04-26.19:36:51::SCWPlatform::Opened existing hwdb signal_detect_bd_wrapper_22
TRACE::2026-04-26.19:36:51::SCWPlatform::Found the Hw Db part of the input DSA
TRACE::2026-04-26.19:36:51::SCWMssOS::Checking the sw design at  C:/Users/suren/Documents/ECE_520/Final_Project/Sandbox/signal_detect_vitis/signal_detect_platform/zynq_fsbl/zynq_fsbl_bsp/system.mss
TRACE::2026-04-26.19:36:51::SCWMssOS::DEBUG:  swdes dump  C:/Users/suren/Documents/ECE_520/Final_Project/Sandbox/signal_detect_vitis/signal_detect_platform/ps7_cortexa9_0/standalone_domain/bsp/system.mss|system_0||
C:/Users/suren/Documents/ECE_520/Final_Project/Sandbox/signal_detect_vitis/signal_detect_platform/zynq_fsbl/zynq_fsbl_bsp/system.mss|system||

TRACE::2026-04-26.19:36:51::SCWMssOS::Sw design exists and opened at  C:/Users/suren/Documents/ECE_520/Final_Project/Sandbox/signal_detect_vitis/signal_detect_platform/zynq_fsbl/zynq_fsbl_bsp/system.mss
TRACE::2026-04-26.19:36:51::SCWPlatform::Trying to open the hw design at C:/Users/suren/Documents/ECE_520/Final_Project/Sandbox/signal_detect_vitis/signal_detect_platform/hw/signal_detect_bd_wrapper.xsa
TRACE::2026-04-26.19:36:51::SCWPlatform::DSA given C:/Users/suren/Documents/ECE_520/Final_Project/Sandbox/signal_detect_vitis/signal_detect_platform/hw/signal_detect_bd_wrapper.xsa
TRACE::2026-04-26.19:36:51::SCWPlatform::DSA absoulate path C:/Users/suren/Documents/ECE_520/Final_Project/Sandbox/signal_detect_vitis/signal_detect_platform/hw/signal_detect_bd_wrapper.xsa
TRACE::2026-04-26.19:36:51::SCWPlatform::DSA directory C:/Users/suren/Documents/ECE_520/Final_Project/Sandbox/signal_detect_vitis/signal_detect_platform/hw
TRACE::2026-04-26.19:36:51::SCWPlatform:: Platform Path C:/Users/suren/Documents/ECE_520/Final_Project/Sandbox/signal_detect_vitis/signal_detect_platform/hw/signal_detect_bd_wrapper.xsa
TRACE::2026-04-26.19:36:51::SCWPlatform:: Unique name xilinx:zybo-z7-10::0.0
TRACE::2026-04-26.19:36:51::SCWPlatform::Trying to set the existing hwdb with name signal_detect_bd_wrapper_22
TRACE::2026-04-26.19:36:51::SCWPlatform::Opened existing hwdb signal_detect_bd_wrapper_22
TRACE::2026-04-26.19:36:51::SCWPlatform::Found the Hw Db part of the input DSA
TRACE::2026-04-26.19:36:51::SCWMssOS::Checking the sw design at  C:/Users/suren/Documents/ECE_520/Final_Project/Sandbox/signal_detect_vitis/signal_detect_platform/ps7_cortexa9_0/standalone_domain/bsp/system.mss
TRACE::2026-04-26.19:36:51::SCWMssOS::DEBUG:  swdes dump  C:/Users/suren/Documents/ECE_520/Final_Project/Sandbox/signal_detect_vitis/signal_detect_platform/ps7_cortexa9_0/standalone_domain/bsp/system.mss|system_0||
C:/Users/suren/Documents/ECE_520/Final_Project/Sandbox/signal_detect_vitis/signal_detect_platform/zynq_fsbl/zynq_fsbl_bsp/system.mss|system||

TRACE::2026-04-26.19:36:51::SCWMssOS::Sw design exists and opened at  C:/Users/suren/Documents/ECE_520/Final_Project/Sandbox/signal_detect_vitis/signal_detect_platform/ps7_cortexa9_0/standalone_domain/bsp/system.mss
TRACE::2026-04-26.19:36:51::SCWWriter::formatted JSON is {
	"platformName":	"signal_detect_platform",
	"sprVersion":	"2.0",
	"mode":	"gui",
	"dsaType":	"Fixed",
	"platformDesc":	"signal_detect_platform",
	"platHandOff":	"C:/Users/suren/Documents/ECE_520/Final_Project/Sandbox/signal_detect_sb/signal_detect_bd_wrapper.xsa",
	"platIntHandOff":	"<platformDir>/hw/signal_detect_bd_wrapper.xsa",
	"deviceType":	"zynq",
	"platIsPrebuiltAutogen":	"false",
	"platIsNoBootBsp":	"false",
	"hasFsblMakeHasChanges":	"false",
	"hasPmufwMakeHasChanges":	"false",
	"fsblExtraCompilerFlags":	"-MMD -MP       -mcpu=cortex-a9 -mfpu=vfpv3 -mfloat-abi=hard ",
	"platPreBuiltFlag":	false,
	"platformSamplesDir":	"",
	"platActiveSys":	"signal_detect_platform",
	"systems":	[{
			"systemName":	"signal_detect_platform",
			"systemDesc":	"signal_detect_platform",
			"sysIsBootAutoGen":	"true",
			"systemDispName":	"signal_detect_platform",
			"sysActiveDom":	"standalone_domain",
			"sysDefaultDom":	"standalone_domain",
			"domains":	[{
					"domainName":	"zynq_fsbl",
					"domainDispName":	"zynq_fsbl",
					"domainDesc":	"FSBL Application BSP - Auto Generated.",
					"processors":	"ps7_cortexa9_0",
					"os":	"standalone",
					"sdxOs":	"standalone",
					"debugEnable":	"",
					"domRuntimes":	["cpp"],
					"swRepo":	"",
					"mssOsVer":	"8.1",
					"mssFile":	"",
					"md5Digest":	"24e81f5df4a1b28986eb4269e22351fe1",
					"compatibleApp":	"zynq_fsbl",
					"domType":	"bootDomain",
					"arch":	"32-bit",
					"appSettings":	{
						"appCompilerFlags":	"",
						"appLinkerFlags":	""
					},
					"addedLibs":	["xilffs:5.0", "xilrsa:1.6"],
					"libOptions":	{
						"libsContainingOptions":	[]
					},
					"prebuiltLibs":	{
						"prebuiltIncPath":	[],
						"prebuiltLibPath":	[]
					},
					"isolation":	{
					}
				}, {
					"domainName":	"standalone_domain",
					"domainDispName":	"standalone on ps7_cortexa9_0",
					"domainDesc":	"standalone_domain",
					"processors":	"ps7_cortexa9_0",
					"os":	"standalone",
					"sdxOs":	"standalone",
					"qemuArgs":	"<platformDir>/resources/signal_detect_platform/standalone_domain/qemu_args.txt",
					"qemuData":	"<platformDir>/resources/signal_detect_platform/standalone_domain/qemu",
					"debugEnable":	"False",
					"domRuntimes":	["cpp"],
					"swRepo":	"",
					"mssOsVer":	"8.1",
					"mssFile":	"",
					"md5Digest":	"9d9647dd92d7d30efd40c762a4ad2096",
					"compatibleApp":	"",
					"domType":	"mssDomain",
					"appSettings":	{
						"appCompilerFlags":	"",
						"appLinkerFlags":	""
					},
					"addedLibs":	[],
					"libOptions":	{
						"libsContainingOptions":	[]
					},
					"prebuiltLibs":	{
						"prebuiltIncPath":	[],
						"prebuiltLibPath":	[]
					},
					"isolation":	{
					}
				}]
		}]
}
KEYINFO::2026-04-26.19:36:51::SCWPlatform::updated the xpfm file.
TRACE::2026-04-26.19:36:52::SCWPlatform::Trying to open the hw design at C:/Users/suren/Documents/ECE_520/Final_Project/Sandbox/signal_detect_vitis/signal_detect_platform/hw/signal_detect_bd_wrapper.xsa
TRACE::2026-04-26.19:36:52::SCWPlatform::DSA given C:/Users/suren/Documents/ECE_520/Final_Project/Sandbox/signal_detect_vitis/signal_detect_platform/hw/signal_detect_bd_wrapper.xsa
TRACE::2026-04-26.19:36:52::SCWPlatform::DSA absoulate path C:/Users/suren/Documents/ECE_520/Final_Project/Sandbox/signal_detect_vitis/signal_detect_platform/hw/signal_detect_bd_wrapper.xsa
TRACE::2026-04-26.19:36:52::SCWPlatform::DSA directory C:/Users/suren/Documents/ECE_520/Final_Project/Sandbox/signal_detect_vitis/signal_detect_platform/hw
TRACE::2026-04-26.19:36:52::SCWPlatform:: Platform Path C:/Users/suren/Documents/ECE_520/Final_Project/Sandbox/signal_detect_vitis/signal_detect_platform/hw/signal_detect_bd_wrapper.xsa
TRACE::2026-04-26.19:36:52::SCWPlatform:: Unique name xilinx:zybo-z7-10::0.0
TRACE::2026-04-26.19:36:52::SCWPlatform::Trying to set the existing hwdb with name signal_detect_bd_wrapper_22
TRACE::2026-04-26.19:36:52::SCWPlatform::Opened existing hwdb signal_detect_bd_wrapper_22
TRACE::2026-04-26.19:36:52::SCWPlatform::Found the Hw Db part of the input DSA
TRACE::2026-04-26.19:36:52::SCWMssOS::Checking the sw design at  C:/Users/suren/Documents/ECE_520/Final_Project/Sandbox/signal_detect_vitis/signal_detect_platform/ps7_cortexa9_0/standalone_domain/bsp/system.mss
TRACE::2026-04-26.19:36:52::SCWMssOS::DEBUG:  swdes dump  C:/Users/suren/Documents/ECE_520/Final_Project/Sandbox/signal_detect_vitis/signal_detect_platform/ps7_cortexa9_0/standalone_domain/bsp/system.mss|system_0||
C:/Users/suren/Documents/ECE_520/Final_Project/Sandbox/signal_detect_vitis/signal_detect_platform/zynq_fsbl/zynq_fsbl_bsp/system.mss|system||

TRACE::2026-04-26.19:36:52::SCWMssOS::Sw design exists and opened at  C:/Users/suren/Documents/ECE_520/Final_Project/Sandbox/signal_detect_vitis/signal_detect_platform/ps7_cortexa9_0/standalone_domain/bsp/system.mss
TRACE::2026-04-26.19:49:01::SCWPlatform::DSA given C:/Users/suren/Documents/ECE_520/Final_Project/Sandbox/signal_detect_vitis/signal_detect_platform/tempdsa/signal_detect_bd_wrapper.xsa
TRACE::2026-04-26.19:49:01::SCWPlatform::DSA absoulate path C:/Users/suren/Documents/ECE_520/Final_Project/Sandbox/signal_detect_vitis/signal_detect_platform/tempdsa/signal_detect_bd_wrapper.xsa
TRACE::2026-04-26.19:49:01::SCWPlatform:: Platform location is C:/Users/suren/Documents/ECE_520/Final_Project/Sandbox/signal_detect_vitis/signal_detect_platform/tempdsa
TRACE::2026-04-26.19:49:01::SCWPlatform:: Platform Path C:/Users/suren/Documents/ECE_520/Final_Project/Sandbox/signal_detect_vitis/signal_detect_platform/tempdsa/signal_detect_bd_wrapper.xsa
TRACE::2026-04-26.19:49:01::SCWPlatform:: Unique name xilinx:zybo-z7-10::0.0
TRACE::2026-04-26.19:49:02::SCWPlatform::Found the Hw Db part of the input DSA
TRACE::2026-04-26.19:49:02::SCWMssOS::Doing hw sync for the mss in domain: zynq_fsbl
TRACE::2026-04-26.19:49:02::SCWPlatform::Trying to open the hw design at C:/Users/suren/Documents/ECE_520/Final_Project/Sandbox/signal_detect_vitis/signal_detect_platform/hw/signal_detect_bd_wrapper.xsa
TRACE::2026-04-26.19:49:02::SCWPlatform::DSA given C:/Users/suren/Documents/ECE_520/Final_Project/Sandbox/signal_detect_vitis/signal_detect_platform/hw/signal_detect_bd_wrapper.xsa
TRACE::2026-04-26.19:49:02::SCWPlatform::DSA absoulate path C:/Users/suren/Documents/ECE_520/Final_Project/Sandbox/signal_detect_vitis/signal_detect_platform/hw/signal_detect_bd_wrapper.xsa
TRACE::2026-04-26.19:49:02::SCWPlatform::DSA directory C:/Users/suren/Documents/ECE_520/Final_Project/Sandbox/signal_detect_vitis/signal_detect_platform/hw
TRACE::2026-04-26.19:49:02::SCWPlatform:: Platform Path C:/Users/suren/Documents/ECE_520/Final_Project/Sandbox/signal_detect_vitis/signal_detect_platform/hw/signal_detect_bd_wrapper.xsa
TRACE::2026-04-26.19:49:02::SCWPlatform:: Unique name xilinx:zybo-z7-10::0.0
TRACE::2026-04-26.19:49:02::SCWPlatform::Trying to set the existing hwdb with name signal_detect_bd_wrapper_22
TRACE::2026-04-26.19:49:02::SCWPlatform::Opened existing hwdb signal_detect_bd_wrapper_22
TRACE::2026-04-26.19:49:02::SCWPlatform::Found the Hw Db part of the input DSA
TRACE::2026-04-26.19:49:02::SCWPlatform::Trying to open the hw design at C:/Users/suren/Documents/ECE_520/Final_Project/Sandbox/signal_detect_vitis/signal_detect_platform/hw/signal_detect_bd_wrapper.xsa
TRACE::2026-04-26.19:49:02::SCWPlatform::DSA given C:/Users/suren/Documents/ECE_520/Final_Project/Sandbox/signal_detect_vitis/signal_detect_platform/hw/signal_detect_bd_wrapper.xsa
TRACE::2026-04-26.19:49:02::SCWPlatform::DSA absoulate path C:/Users/suren/Documents/ECE_520/Final_Project/Sandbox/signal_detect_vitis/signal_detect_platform/hw/signal_detect_bd_wrapper.xsa
TRACE::2026-04-26.19:49:02::SCWPlatform::DSA directory C:/Users/suren/Documents/ECE_520/Final_Project/Sandbox/signal_detect_vitis/signal_detect_platform/hw
TRACE::2026-04-26.19:49:02::SCWPlatform:: Platform Path C:/Users/suren/Documents/ECE_520/Final_Project/Sandbox/signal_detect_vitis/signal_detect_platform/hw/signal_detect_bd_wrapper.xsa
TRACE::2026-04-26.19:49:02::SCWPlatform:: Unique name xilinx:zybo-z7-10::0.0
TRACE::2026-04-26.19:49:02::SCWPlatform::Trying to set the existing hwdb with name signal_detect_bd_wrapper_22
TRACE::2026-04-26.19:49:02::SCWPlatform::Opened existing hwdb signal_detect_bd_wrapper_22
TRACE::2026-04-26.19:49:02::SCWPlatform::Found the Hw Db part of the input DSA
TRACE::2026-04-26.19:49:02::SCWMssOS::Checking the sw design at  C:/Users/suren/Documents/ECE_520/Final_Project/Sandbox/signal_detect_vitis/signal_detect_platform/zynq_fsbl/zynq_fsbl_bsp/system.mss
TRACE::2026-04-26.19:49:02::SCWMssOS::DEBUG:  swdes dump  C:/Users/suren/Documents/ECE_520/Final_Project/Sandbox/signal_detect_vitis/signal_detect_platform/ps7_cortexa9_0/standalone_domain/bsp/system.mss|system_0||
C:/Users/suren/Documents/ECE_520/Final_Project/Sandbox/signal_detect_vitis/signal_detect_platform/zynq_fsbl/zynq_fsbl_bsp/system.mss|system||

TRACE::2026-04-26.19:49:02::SCWMssOS::Sw design exists and opened at  C:/Users/suren/Documents/ECE_520/Final_Project/Sandbox/signal_detect_vitis/signal_detect_platform/zynq_fsbl/zynq_fsbl_bsp/system.mss
TRACE::2026-04-26.19:49:02::SCWPlatform::Trying to open the hw design at C:/Users/suren/Documents/ECE_520/Final_Project/Sandbox/signal_detect_vitis/signal_detect_platform/tempdsa/signal_detect_bd_wrapper.xsa
TRACE::2026-04-26.19:49:02::SCWPlatform::DSA given C:/Users/suren/Documents/ECE_520/Final_Project/Sandbox/signal_detect_vitis/signal_detect_platform/tempdsa/signal_detect_bd_wrapper.xsa
TRACE::2026-04-26.19:49:02::SCWPlatform::DSA absoulate path C:/Users/suren/Documents/ECE_520/Final_Project/Sandbox/signal_detect_vitis/signal_detect_platform/tempdsa/signal_detect_bd_wrapper.xsa
TRACE::2026-04-26.19:49:02::SCWPlatform::DSA directory C:/Users/suren/Documents/ECE_520/Final_Project/Sandbox/signal_detect_vitis/signal_detect_platform/tempdsa
TRACE::2026-04-26.19:49:02::SCWPlatform:: Platform Path C:/Users/suren/Documents/ECE_520/Final_Project/Sandbox/signal_detect_vitis/signal_detect_platform/tempdsa/signal_detect_bd_wrapper.xsa
TRACE::2026-04-26.19:49:02::SCWPlatform:: Unique name xilinx:zybo-z7-10::0.0
TRACE::2026-04-26.19:49:02::SCWPlatform::update - Opened existing hwdb signal_detect_bd_wrapper_24
TRACE::2026-04-26.19:49:02::SCWPlatform::Found the Hw Db part of the input DSA
TRACE::2026-04-26.19:49:02::SCWMssOS::Doing hw sync for the mss in domain: standalone_domain
TRACE::2026-04-26.19:49:02::SCWPlatform::Trying to open the hw design at C:/Users/suren/Documents/ECE_520/Final_Project/Sandbox/signal_detect_vitis/signal_detect_platform/hw/signal_detect_bd_wrapper.xsa
TRACE::2026-04-26.19:49:02::SCWPlatform::DSA given C:/Users/suren/Documents/ECE_520/Final_Project/Sandbox/signal_detect_vitis/signal_detect_platform/hw/signal_detect_bd_wrapper.xsa
TRACE::2026-04-26.19:49:02::SCWPlatform::DSA absoulate path C:/Users/suren/Documents/ECE_520/Final_Project/Sandbox/signal_detect_vitis/signal_detect_platform/hw/signal_detect_bd_wrapper.xsa
TRACE::2026-04-26.19:49:02::SCWPlatform::DSA directory C:/Users/suren/Documents/ECE_520/Final_Project/Sandbox/signal_detect_vitis/signal_detect_platform/hw
TRACE::2026-04-26.19:49:02::SCWPlatform:: Platform Path C:/Users/suren/Documents/ECE_520/Final_Project/Sandbox/signal_detect_vitis/signal_detect_platform/hw/signal_detect_bd_wrapper.xsa
TRACE::2026-04-26.19:49:02::SCWPlatform:: Unique name xilinx:zybo-z7-10::0.0
TRACE::2026-04-26.19:49:02::SCWPlatform::Trying to set the existing hwdb with name signal_detect_bd_wrapper_22
TRACE::2026-04-26.19:49:02::SCWPlatform::Opened existing hwdb signal_detect_bd_wrapper_22
TRACE::2026-04-26.19:49:02::SCWPlatform::Found the Hw Db part of the input DSA
TRACE::2026-04-26.19:49:02::SCWPlatform::Trying to open the hw design at C:/Users/suren/Documents/ECE_520/Final_Project/Sandbox/signal_detect_vitis/signal_detect_platform/hw/signal_detect_bd_wrapper.xsa
TRACE::2026-04-26.19:49:02::SCWPlatform::DSA given C:/Users/suren/Documents/ECE_520/Final_Project/Sandbox/signal_detect_vitis/signal_detect_platform/hw/signal_detect_bd_wrapper.xsa
TRACE::2026-04-26.19:49:02::SCWPlatform::DSA absoulate path C:/Users/suren/Documents/ECE_520/Final_Project/Sandbox/signal_detect_vitis/signal_detect_platform/hw/signal_detect_bd_wrapper.xsa
TRACE::2026-04-26.19:49:02::SCWPlatform::DSA directory C:/Users/suren/Documents/ECE_520/Final_Project/Sandbox/signal_detect_vitis/signal_detect_platform/hw
TRACE::2026-04-26.19:49:02::SCWPlatform:: Platform Path C:/Users/suren/Documents/ECE_520/Final_Project/Sandbox/signal_detect_vitis/signal_detect_platform/hw/signal_detect_bd_wrapper.xsa
TRACE::2026-04-26.19:49:02::SCWPlatform:: Unique name xilinx:zybo-z7-10::0.0
TRACE::2026-04-26.19:49:02::SCWPlatform::Trying to set the existing hwdb with name signal_detect_bd_wrapper_22
TRACE::2026-04-26.19:49:02::SCWPlatform::Opened existing hwdb signal_detect_bd_wrapper_22
TRACE::2026-04-26.19:49:02::SCWPlatform::Found the Hw Db part of the input DSA
TRACE::2026-04-26.19:49:02::SCWMssOS::Checking the sw design at  C:/Users/suren/Documents/ECE_520/Final_Project/Sandbox/signal_detect_vitis/signal_detect_platform/ps7_cortexa9_0/standalone_domain/bsp/system.mss
TRACE::2026-04-26.19:49:02::SCWMssOS::DEBUG:  swdes dump  C:/Users/suren/Documents/ECE_520/Final_Project/Sandbox/signal_detect_vitis/signal_detect_platform/ps7_cortexa9_0/standalone_domain/bsp/system.mss|system_0||
C:/Users/suren/Documents/ECE_520/Final_Project/Sandbox/signal_detect_vitis/signal_detect_platform/zynq_fsbl/zynq_fsbl_bsp/system.mss|system||

TRACE::2026-04-26.19:49:02::SCWMssOS::Sw design exists and opened at  C:/Users/suren/Documents/ECE_520/Final_Project/Sandbox/signal_detect_vitis/signal_detect_platform/ps7_cortexa9_0/standalone_domain/bsp/system.mss
TRACE::2026-04-26.19:49:02::SCWPlatform::Trying to open the hw design at C:/Users/suren/Documents/ECE_520/Final_Project/Sandbox/signal_detect_vitis/signal_detect_platform/tempdsa/signal_detect_bd_wrapper.xsa
TRACE::2026-04-26.19:49:02::SCWPlatform::DSA given C:/Users/suren/Documents/ECE_520/Final_Project/Sandbox/signal_detect_vitis/signal_detect_platform/tempdsa/signal_detect_bd_wrapper.xsa
TRACE::2026-04-26.19:49:02::SCWPlatform::DSA absoulate path C:/Users/suren/Documents/ECE_520/Final_Project/Sandbox/signal_detect_vitis/signal_detect_platform/tempdsa/signal_detect_bd_wrapper.xsa
TRACE::2026-04-26.19:49:02::SCWPlatform::DSA directory C:/Users/suren/Documents/ECE_520/Final_Project/Sandbox/signal_detect_vitis/signal_detect_platform/tempdsa
TRACE::2026-04-26.19:49:02::SCWPlatform:: Platform Path C:/Users/suren/Documents/ECE_520/Final_Project/Sandbox/signal_detect_vitis/signal_detect_platform/tempdsa/signal_detect_bd_wrapper.xsa
TRACE::2026-04-26.19:49:02::SCWPlatform:: Unique name xilinx:zybo-z7-10::0.0
TRACE::2026-04-26.19:49:02::SCWPlatform::update - Opened existing hwdb signal_detect_bd_wrapper_24
TRACE::2026-04-26.19:49:02::SCWPlatform::Found the Hw Db part of the input DSA
TRACE::2026-04-26.19:49:02::SCWMssOS::Saving the mss changes C:/Users/suren/Documents/ECE_520/Final_Project/Sandbox/signal_detect_vitis/signal_detect_platform/zynq_fsbl/zynq_fsbl_bsp/system.mss
TRACE::2026-04-26.19:49:02::SCWMssOS::Found a swdesign opened with the mssfile.
TRACE::2026-04-26.19:49:02::SCWMssOS::Completed writemss as part of save.
TRACE::2026-04-26.19:49:02::SCWMssOS::Commit changes completed.
TRACE::2026-04-26.19:49:02::SCWMssOS::Completed hw sync for the mss in domain: zynq_fsbl
TRACE::2026-04-26.19:49:02::SCWMssOS::Removing the swdes entry for  C:/Users/suren/Documents/ECE_520/Final_Project/Sandbox/signal_detect_vitis/signal_detect_platform/zynq_fsbl/zynq_fsbl_bsp/system.mss
TRACE::2026-04-26.19:49:02::SCWMssOS::Saving the mss changes C:/Users/suren/Documents/ECE_520/Final_Project/Sandbox/signal_detect_vitis/signal_detect_platform/ps7_cortexa9_0/standalone_domain/bsp/system.mss
TRACE::2026-04-26.19:49:02::SCWMssOS::Found a swdesign opened with the mssfile.
TRACE::2026-04-26.19:49:02::SCWMssOS::Completed writemss as part of save.
TRACE::2026-04-26.19:49:02::SCWMssOS::Commit changes completed.
TRACE::2026-04-26.19:49:02::SCWMssOS::Completed hw sync for the mss in domain: standalone_domain
TRACE::2026-04-26.19:49:02::SCWMssOS::Removing the swdes entry for  C:/Users/suren/Documents/ECE_520/Final_Project/Sandbox/signal_detect_vitis/signal_detect_platform/ps7_cortexa9_0/standalone_domain/bsp/system.mss
TRACE::2026-04-26.19:49:02::SCWPlatform::Trying to open the hw design at C:/Users/suren/Documents/ECE_520/Final_Project/Sandbox/signal_detect_vitis/signal_detect_platform/hw/signal_detect_bd_wrapper.xsa
TRACE::2026-04-26.19:49:02::SCWPlatform::DSA given C:/Users/suren/Documents/ECE_520/Final_Project/Sandbox/signal_detect_vitis/signal_detect_platform/hw/signal_detect_bd_wrapper.xsa
TRACE::2026-04-26.19:49:02::SCWPlatform::DSA absoulate path C:/Users/suren/Documents/ECE_520/Final_Project/Sandbox/signal_detect_vitis/signal_detect_platform/hw/signal_detect_bd_wrapper.xsa
TRACE::2026-04-26.19:49:02::SCWPlatform::DSA directory C:/Users/suren/Documents/ECE_520/Final_Project/Sandbox/signal_detect_vitis/signal_detect_platform/hw
TRACE::2026-04-26.19:49:02::SCWPlatform:: Platform Path C:/Users/suren/Documents/ECE_520/Final_Project/Sandbox/signal_detect_vitis/signal_detect_platform/hw/signal_detect_bd_wrapper.xsa
TRACE::2026-04-26.19:49:02::SCWPlatform:: Unique name xilinx:zybo-z7-10::0.0
TRACE::2026-04-26.19:49:02::SCWPlatform::Do not have an existing db opened. 
TRACE::2026-04-26.19:49:03::SCWPlatform::Opened new HwDB with name signal_detect_bd_wrapper_25
TRACE::2026-04-26.19:49:03::SCWMssOS::Saving the mss changes C:/Users/suren/Documents/ECE_520/Final_Project/Sandbox/signal_detect_vitis/signal_detect_platform/zynq_fsbl/zynq_fsbl_bsp/system.mss
TRACE::2026-04-26.19:49:03::SCWMssOS::Adding the swdes entry, mss present, able to open swdb C:/Users/suren/Documents/ECE_520/Final_Project/Sandbox/signal_detect_vitis/signal_detect_platform/zynq_fsbl/zynq_fsbl_bsp/system.mss with des name system
TRACE::2026-04-26.19:49:03::SCWMssOS::Writing the mss file completed C:/Users/suren/Documents/ECE_520/Final_Project/Sandbox/signal_detect_vitis/signal_detect_platform/zynq_fsbl/zynq_fsbl_bsp/system.mss
TRACE::2026-04-26.19:49:03::SCWMssOS::Commit changes completed.
TRACE::2026-04-26.19:49:03::SCWMssOS::Saving the mss changes C:/Users/suren/Documents/ECE_520/Final_Project/Sandbox/signal_detect_vitis/signal_detect_platform/ps7_cortexa9_0/standalone_domain/bsp/system.mss
TRACE::2026-04-26.19:49:03::SCWMssOS::Adding the swdes entry, mss present, able to open swdb C:/Users/suren/Documents/ECE_520/Final_Project/Sandbox/signal_detect_vitis/signal_detect_platform/ps7_cortexa9_0/standalone_domain/bsp/system.mss with des name system_0
TRACE::2026-04-26.19:49:03::SCWMssOS::Writing the mss file completed C:/Users/suren/Documents/ECE_520/Final_Project/Sandbox/signal_detect_vitis/signal_detect_platform/ps7_cortexa9_0/standalone_domain/bsp/system.mss
TRACE::2026-04-26.19:49:03::SCWMssOS::Commit changes completed.
TRACE::2026-04-26.19:49:03::SCWPlatform::Trying to open the hw design at C:/Users/suren/Documents/ECE_520/Final_Project/Sandbox/signal_detect_vitis/signal_detect_platform/hw/signal_detect_bd_wrapper.xsa
TRACE::2026-04-26.19:49:03::SCWPlatform::DSA given C:/Users/suren/Documents/ECE_520/Final_Project/Sandbox/signal_detect_vitis/signal_detect_platform/hw/signal_detect_bd_wrapper.xsa
TRACE::2026-04-26.19:49:03::SCWPlatform::DSA absoulate path C:/Users/suren/Documents/ECE_520/Final_Project/Sandbox/signal_detect_vitis/signal_detect_platform/hw/signal_detect_bd_wrapper.xsa
TRACE::2026-04-26.19:49:03::SCWPlatform::DSA directory C:/Users/suren/Documents/ECE_520/Final_Project/Sandbox/signal_detect_vitis/signal_detect_platform/hw
TRACE::2026-04-26.19:49:03::SCWPlatform:: Platform Path C:/Users/suren/Documents/ECE_520/Final_Project/Sandbox/signal_detect_vitis/signal_detect_platform/hw/signal_detect_bd_wrapper.xsa
TRACE::2026-04-26.19:49:03::SCWPlatform:: Unique name xilinx:zybo-z7-10::0.0
TRACE::2026-04-26.19:49:03::SCWPlatform::Trying to set the existing hwdb with name signal_detect_bd_wrapper_25
TRACE::2026-04-26.19:49:03::SCWPlatform::Opened existing hwdb signal_detect_bd_wrapper_25
TRACE::2026-04-26.19:49:03::SCWPlatform::Found the Hw Db part of the input DSA
TRACE::2026-04-26.19:49:03::SCWMssOS::Checking the sw design at  C:/Users/suren/Documents/ECE_520/Final_Project/Sandbox/signal_detect_vitis/signal_detect_platform/zynq_fsbl/zynq_fsbl_bsp/system.mss
TRACE::2026-04-26.19:49:03::SCWMssOS::DEBUG:  swdes dump  C:/Users/suren/Documents/ECE_520/Final_Project/Sandbox/signal_detect_vitis/signal_detect_platform/ps7_cortexa9_0/standalone_domain/bsp/system.mss|system_0||
C:/Users/suren/Documents/ECE_520/Final_Project/Sandbox/signal_detect_vitis/signal_detect_platform/zynq_fsbl/zynq_fsbl_bsp/system.mss|system||

TRACE::2026-04-26.19:49:03::SCWMssOS::Sw design exists and opened at  C:/Users/suren/Documents/ECE_520/Final_Project/Sandbox/signal_detect_vitis/signal_detect_platform/zynq_fsbl/zynq_fsbl_bsp/system.mss
TRACE::2026-04-26.19:49:03::SCWPlatform::Trying to open the hw design at C:/Users/suren/Documents/ECE_520/Final_Project/Sandbox/signal_detect_vitis/signal_detect_platform/hw/signal_detect_bd_wrapper.xsa
TRACE::2026-04-26.19:49:03::SCWPlatform::DSA given C:/Users/suren/Documents/ECE_520/Final_Project/Sandbox/signal_detect_vitis/signal_detect_platform/hw/signal_detect_bd_wrapper.xsa
TRACE::2026-04-26.19:49:03::SCWPlatform::DSA absoulate path C:/Users/suren/Documents/ECE_520/Final_Project/Sandbox/signal_detect_vitis/signal_detect_platform/hw/signal_detect_bd_wrapper.xsa
TRACE::2026-04-26.19:49:03::SCWPlatform::DSA directory C:/Users/suren/Documents/ECE_520/Final_Project/Sandbox/signal_detect_vitis/signal_detect_platform/hw
TRACE::2026-04-26.19:49:03::SCWPlatform:: Platform Path C:/Users/suren/Documents/ECE_520/Final_Project/Sandbox/signal_detect_vitis/signal_detect_platform/hw/signal_detect_bd_wrapper.xsa
TRACE::2026-04-26.19:49:03::SCWPlatform:: Unique name xilinx:zybo-z7-10::0.0
TRACE::2026-04-26.19:49:03::SCWPlatform::Trying to set the existing hwdb with name signal_detect_bd_wrapper_25
TRACE::2026-04-26.19:49:03::SCWPlatform::Opened existing hwdb signal_detect_bd_wrapper_25
TRACE::2026-04-26.19:49:03::SCWPlatform::Found the Hw Db part of the input DSA
TRACE::2026-04-26.19:49:03::SCWMssOS::Checking the sw design at  C:/Users/suren/Documents/ECE_520/Final_Project/Sandbox/signal_detect_vitis/signal_detect_platform/ps7_cortexa9_0/standalone_domain/bsp/system.mss
TRACE::2026-04-26.19:49:03::SCWMssOS::DEBUG:  swdes dump  C:/Users/suren/Documents/ECE_520/Final_Project/Sandbox/signal_detect_vitis/signal_detect_platform/ps7_cortexa9_0/standalone_domain/bsp/system.mss|system_0||
C:/Users/suren/Documents/ECE_520/Final_Project/Sandbox/signal_detect_vitis/signal_detect_platform/zynq_fsbl/zynq_fsbl_bsp/system.mss|system||

TRACE::2026-04-26.19:49:03::SCWMssOS::Sw design exists and opened at  C:/Users/suren/Documents/ECE_520/Final_Project/Sandbox/signal_detect_vitis/signal_detect_platform/ps7_cortexa9_0/standalone_domain/bsp/system.mss
TRACE::2026-04-26.19:49:03::SCWWriter::formatted JSON is {
	"platformName":	"signal_detect_platform",
	"sprVersion":	"2.0",
	"mode":	"gui",
	"dsaType":	"Fixed",
	"platformDesc":	"signal_detect_platform",
	"platHandOff":	"C:/Users/suren/Documents/ECE_520/Final_Project/Sandbox/signal_detect_sb/signal_detect_bd_wrapper.xsa",
	"platIntHandOff":	"<platformDir>/hw/signal_detect_bd_wrapper.xsa",
	"deviceType":	"zynq",
	"platIsPrebuiltAutogen":	"false",
	"platIsNoBootBsp":	"false",
	"hasFsblMakeHasChanges":	"false",
	"hasPmufwMakeHasChanges":	"false",
	"fsblExtraCompilerFlags":	"-MMD -MP       -mcpu=cortex-a9 -mfpu=vfpv3 -mfloat-abi=hard ",
	"platPreBuiltFlag":	false,
	"platformSamplesDir":	"",
	"platActiveSys":	"signal_detect_platform",
	"systems":	[{
			"systemName":	"signal_detect_platform",
			"systemDesc":	"signal_detect_platform",
			"sysIsBootAutoGen":	"true",
			"systemDispName":	"signal_detect_platform",
			"sysActiveDom":	"standalone_domain",
			"sysDefaultDom":	"standalone_domain",
			"domains":	[{
					"domainName":	"zynq_fsbl",
					"domainDispName":	"zynq_fsbl",
					"domainDesc":	"FSBL Application BSP - Auto Generated.",
					"processors":	"ps7_cortexa9_0",
					"os":	"standalone",
					"sdxOs":	"standalone",
					"debugEnable":	"",
					"domRuntimes":	["cpp"],
					"swRepo":	"",
					"mssOsVer":	"8.1",
					"mssFile":	"",
					"md5Digest":	"24e81f5df4a1b28986eb4269e22351fe1",
					"compatibleApp":	"zynq_fsbl",
					"domType":	"bootDomain",
					"arch":	"32-bit",
					"appSettings":	{
						"appCompilerFlags":	"",
						"appLinkerFlags":	""
					},
					"addedLibs":	["xilffs:5.0", "xilrsa:1.6"],
					"libOptions":	{
						"libsContainingOptions":	[]
					},
					"prebuiltLibs":	{
						"prebuiltIncPath":	[],
						"prebuiltLibPath":	[]
					},
					"isolation":	{
					}
				}, {
					"domainName":	"standalone_domain",
					"domainDispName":	"standalone on ps7_cortexa9_0",
					"domainDesc":	"standalone_domain",
					"processors":	"ps7_cortexa9_0",
					"os":	"standalone",
					"sdxOs":	"standalone",
					"qemuArgs":	"<platformDir>/resources/signal_detect_platform/standalone_domain/qemu_args.txt",
					"qemuData":	"<platformDir>/resources/signal_detect_platform/standalone_domain/qemu",
					"debugEnable":	"False",
					"domRuntimes":	["cpp"],
					"swRepo":	"",
					"mssOsVer":	"8.1",
					"mssFile":	"",
					"md5Digest":	"9d9647dd92d7d30efd40c762a4ad20961",
					"compatibleApp":	"",
					"domType":	"mssDomain",
					"appSettings":	{
						"appCompilerFlags":	"",
						"appLinkerFlags":	""
					},
					"addedLibs":	[],
					"libOptions":	{
						"libsContainingOptions":	[]
					},
					"prebuiltLibs":	{
						"prebuiltIncPath":	[],
						"prebuiltLibPath":	[]
					},
					"isolation":	{
					}
				}]
		}]
}
TRACE::2026-04-26.19:49:05::SCWPlatform::Clearing the existing platform
TRACE::2026-04-26.19:49:05::SCWSystem::Clearing the existing sysconfig
TRACE::2026-04-26.19:49:05::SCWBDomain::clearing the fsbl build
TRACE::2026-04-26.19:49:05::SCWMssOS::Removing the swdes entry for  C:/Users/suren/Documents/ECE_520/Final_Project/Sandbox/signal_detect_vitis/signal_detect_platform/zynq_fsbl/zynq_fsbl_bsp/system.mss
TRACE::2026-04-26.19:49:05::SCWMssOS::Removing the swdes entry for  C:/Users/suren/Documents/ECE_520/Final_Project/Sandbox/signal_detect_vitis/signal_detect_platform/ps7_cortexa9_0/standalone_domain/bsp/system.mss
TRACE::2026-04-26.19:49:05::SCWSystem::Clearing the domains completed.
TRACE::2026-04-26.19:49:05::SCWPlatform::Clearing the opened hw db.
TRACE::2026-04-26.19:49:05::SCWPlatform::DSA given C:/Users/suren/Documents/ECE_520/Final_Project/Sandbox/signal_detect_vitis/signal_detect_platform/hw/signal_detect_bd_wrapper.xsa
TRACE::2026-04-26.19:49:05::SCWPlatform::DSA absoulate path C:/Users/suren/Documents/ECE_520/Final_Project/Sandbox/signal_detect_vitis/signal_detect_platform/hw/signal_detect_bd_wrapper.xsa
TRACE::2026-04-26.19:49:05::SCWPlatform:: Platform location is C:/Users/suren/Documents/ECE_520/Final_Project/Sandbox/signal_detect_vitis/signal_detect_platform/hw
TRACE::2026-04-26.19:49:05::SCWPlatform:: Platform Path C:/Users/suren/Documents/ECE_520/Final_Project/Sandbox/signal_detect_vitis/signal_detect_platform/hw/signal_detect_bd_wrapper.xsa
TRACE::2026-04-26.19:49:05::SCWPlatform:: Unique name xilinx:zybo-z7-10::0.0
TRACE::2026-04-26.19:49:05::SCWPlatform::Removing the HwDB with name C:/Users/suren/Documents/ECE_520/Final_Project/Sandbox/signal_detect_vitis/signal_detect_platform/hw/signal_detect_bd_wrapper.xsa
TRACE::2026-04-26.19:49:05::SCWPlatform::Trying to open the hw design at C:/Users/suren/Documents/ECE_520/Final_Project/Sandbox/signal_detect_vitis/signal_detect_platform/hw/signal_detect_bd_wrapper.xsa
TRACE::2026-04-26.19:49:05::SCWPlatform::DSA given C:/Users/suren/Documents/ECE_520/Final_Project/Sandbox/signal_detect_vitis/signal_detect_platform/hw/signal_detect_bd_wrapper.xsa
TRACE::2026-04-26.19:49:05::SCWPlatform::DSA absoulate path C:/Users/suren/Documents/ECE_520/Final_Project/Sandbox/signal_detect_vitis/signal_detect_platform/hw/signal_detect_bd_wrapper.xsa
TRACE::2026-04-26.19:49:05::SCWPlatform::DSA directory C:/Users/suren/Documents/ECE_520/Final_Project/Sandbox/signal_detect_vitis/signal_detect_platform/hw
TRACE::2026-04-26.19:49:05::SCWPlatform:: Platform Path C:/Users/suren/Documents/ECE_520/Final_Project/Sandbox/signal_detect_vitis/signal_detect_platform/hw/signal_detect_bd_wrapper.xsa
TRACE::2026-04-26.19:49:05::SCWPlatform:: Unique name xilinx:zybo-z7-10::0.0
TRACE::2026-04-26.19:49:05::SCWPlatform::Do not have an existing db opened. 
TRACE::2026-04-26.19:49:06::SCWPlatform::Opened new HwDB with name signal_detect_bd_wrapper_26
TRACE::2026-04-26.19:49:06::SCWReader::Active system found as  signal_detect_platform
TRACE::2026-04-26.19:49:06::SCWReader::Handling sysconfig signal_detect_platform
TRACE::2026-04-26.19:49:06::SCWDomain::checking for install qemu data   : 
TRACE::2026-04-26.19:49:06::SCWDomain:: Using the QEMU Data from install at  : C:/Xilinx/Vitis/2023.1/data/emulation/platforms/zynq/sw/a9_standalone/qemu/
TRACE::2026-04-26.19:49:06::SCWDomain:: Using the QEMU args  from install at  : C:/Xilinx/Vitis/2023.1/data/emulation/platforms/zynq/sw/a9_standalone/qemu/qemu_args.txt
TRACE::2026-04-26.19:49:06::SCWPlatform::Trying to open the hw design at C:/Users/suren/Documents/ECE_520/Final_Project/Sandbox/signal_detect_vitis/signal_detect_platform/hw/signal_detect_bd_wrapper.xsa
TRACE::2026-04-26.19:49:06::SCWPlatform::DSA given C:/Users/suren/Documents/ECE_520/Final_Project/Sandbox/signal_detect_vitis/signal_detect_platform/hw/signal_detect_bd_wrapper.xsa
TRACE::2026-04-26.19:49:06::SCWPlatform::DSA absoulate path C:/Users/suren/Documents/ECE_520/Final_Project/Sandbox/signal_detect_vitis/signal_detect_platform/hw/signal_detect_bd_wrapper.xsa
TRACE::2026-04-26.19:49:06::SCWPlatform::DSA directory C:/Users/suren/Documents/ECE_520/Final_Project/Sandbox/signal_detect_vitis/signal_detect_platform/hw
TRACE::2026-04-26.19:49:06::SCWPlatform:: Platform Path C:/Users/suren/Documents/ECE_520/Final_Project/Sandbox/signal_detect_vitis/signal_detect_platform/hw/signal_detect_bd_wrapper.xsa
TRACE::2026-04-26.19:49:06::SCWPlatform:: Unique name xilinx:zybo-z7-10::0.0
TRACE::2026-04-26.19:49:06::SCWPlatform::Trying to set the existing hwdb with name signal_detect_bd_wrapper_26
TRACE::2026-04-26.19:49:06::SCWPlatform::Opened existing hwdb signal_detect_bd_wrapper_26
TRACE::2026-04-26.19:49:06::SCWPlatform::Found the Hw Db part of the input DSA
TRACE::2026-04-26.19:49:06::SCWPlatform::Trying to open the hw design at C:/Users/suren/Documents/ECE_520/Final_Project/Sandbox/signal_detect_vitis/signal_detect_platform/hw/signal_detect_bd_wrapper.xsa
TRACE::2026-04-26.19:49:06::SCWPlatform::DSA given C:/Users/suren/Documents/ECE_520/Final_Project/Sandbox/signal_detect_vitis/signal_detect_platform/hw/signal_detect_bd_wrapper.xsa
TRACE::2026-04-26.19:49:06::SCWPlatform::DSA absoulate path C:/Users/suren/Documents/ECE_520/Final_Project/Sandbox/signal_detect_vitis/signal_detect_platform/hw/signal_detect_bd_wrapper.xsa
TRACE::2026-04-26.19:49:06::SCWPlatform::DSA directory C:/Users/suren/Documents/ECE_520/Final_Project/Sandbox/signal_detect_vitis/signal_detect_platform/hw
TRACE::2026-04-26.19:49:06::SCWPlatform:: Platform Path C:/Users/suren/Documents/ECE_520/Final_Project/Sandbox/signal_detect_vitis/signal_detect_platform/hw/signal_detect_bd_wrapper.xsa
TRACE::2026-04-26.19:49:06::SCWPlatform:: Unique name xilinx:zybo-z7-10::0.0
TRACE::2026-04-26.19:49:06::SCWPlatform::Trying to set the existing hwdb with name signal_detect_bd_wrapper_26
TRACE::2026-04-26.19:49:06::SCWPlatform::Opened existing hwdb signal_detect_bd_wrapper_26
TRACE::2026-04-26.19:49:06::SCWPlatform::Found the Hw Db part of the input DSA
TRACE::2026-04-26.19:49:06::SCWPlatform::Trying to open the hw design at C:/Users/suren/Documents/ECE_520/Final_Project/Sandbox/signal_detect_vitis/signal_detect_platform/hw/signal_detect_bd_wrapper.xsa
TRACE::2026-04-26.19:49:06::SCWPlatform::DSA given C:/Users/suren/Documents/ECE_520/Final_Project/Sandbox/signal_detect_vitis/signal_detect_platform/hw/signal_detect_bd_wrapper.xsa
TRACE::2026-04-26.19:49:06::SCWPlatform::DSA absoulate path C:/Users/suren/Documents/ECE_520/Final_Project/Sandbox/signal_detect_vitis/signal_detect_platform/hw/signal_detect_bd_wrapper.xsa
TRACE::2026-04-26.19:49:06::SCWPlatform::DSA directory C:/Users/suren/Documents/ECE_520/Final_Project/Sandbox/signal_detect_vitis/signal_detect_platform/hw
TRACE::2026-04-26.19:49:06::SCWPlatform:: Platform Path C:/Users/suren/Documents/ECE_520/Final_Project/Sandbox/signal_detect_vitis/signal_detect_platform/hw/signal_detect_bd_wrapper.xsa
TRACE::2026-04-26.19:49:06::SCWPlatform:: Unique name xilinx:zybo-z7-10::0.0
TRACE::2026-04-26.19:49:06::SCWPlatform::Trying to set the existing hwdb with name signal_detect_bd_wrapper_26
TRACE::2026-04-26.19:49:06::SCWPlatform::Opened existing hwdb signal_detect_bd_wrapper_26
TRACE::2026-04-26.19:49:06::SCWPlatform::Found the Hw Db part of the input DSA
TRACE::2026-04-26.19:49:06::SCWReader::Boot application domain added for zynq_fsbl
TRACE::2026-04-26.19:49:06::SCWPlatform::Trying to open the hw design at C:/Users/suren/Documents/ECE_520/Final_Project/Sandbox/signal_detect_vitis/signal_detect_platform/hw/signal_detect_bd_wrapper.xsa
TRACE::2026-04-26.19:49:06::SCWPlatform::DSA given C:/Users/suren/Documents/ECE_520/Final_Project/Sandbox/signal_detect_vitis/signal_detect_platform/hw/signal_detect_bd_wrapper.xsa
TRACE::2026-04-26.19:49:06::SCWPlatform::DSA absoulate path C:/Users/suren/Documents/ECE_520/Final_Project/Sandbox/signal_detect_vitis/signal_detect_platform/hw/signal_detect_bd_wrapper.xsa
TRACE::2026-04-26.19:49:06::SCWPlatform::DSA directory C:/Users/suren/Documents/ECE_520/Final_Project/Sandbox/signal_detect_vitis/signal_detect_platform/hw
TRACE::2026-04-26.19:49:06::SCWPlatform:: Platform Path C:/Users/suren/Documents/ECE_520/Final_Project/Sandbox/signal_detect_vitis/signal_detect_platform/hw/signal_detect_bd_wrapper.xsa
TRACE::2026-04-26.19:49:06::SCWPlatform:: Unique name xilinx:zybo-z7-10::0.0
TRACE::2026-04-26.19:49:06::SCWPlatform::Trying to set the existing hwdb with name signal_detect_bd_wrapper_26
TRACE::2026-04-26.19:49:06::SCWPlatform::Opened existing hwdb signal_detect_bd_wrapper_26
TRACE::2026-04-26.19:49:06::SCWPlatform::Found the Hw Db part of the input DSA
TRACE::2026-04-26.19:49:06::SCWMssOS::Checking the sw design at  C:/Users/suren/Documents/ECE_520/Final_Project/Sandbox/signal_detect_vitis/signal_detect_platform/zynq_fsbl/zynq_fsbl_bsp/system.mss
TRACE::2026-04-26.19:49:06::SCWMssOS::DEBUG:  swdes dump  
TRACE::2026-04-26.19:49:06::SCWMssOS::No sw design opened at  C:/Users/suren/Documents/ECE_520/Final_Project/Sandbox/signal_detect_vitis/signal_detect_platform/zynq_fsbl/zynq_fsbl_bsp/system.mss
TRACE::2026-04-26.19:49:06::SCWMssOS::mss exists loading the mss file  C:/Users/suren/Documents/ECE_520/Final_Project/Sandbox/signal_detect_vitis/signal_detect_platform/zynq_fsbl/zynq_fsbl_bsp/system.mss
TRACE::2026-04-26.19:49:06::SCWMssOS::Opened the sw design from mss  C:/Users/suren/Documents/ECE_520/Final_Project/Sandbox/signal_detect_vitis/signal_detect_platform/zynq_fsbl/zynq_fsbl_bsp/system.mss
TRACE::2026-04-26.19:49:06::SCWMssOS::Adding the swdes entry C:/Users/suren/Documents/ECE_520/Final_Project/Sandbox/signal_detect_vitis/signal_detect_platform/zynq_fsbl/zynq_fsbl_bsp/system.mss with des name system
TRACE::2026-04-26.19:49:06::SCWMssOS::updating the scw layer about changes
TRACE::2026-04-26.19:49:06::SCWMssOS::Opened the sw design.  C:/Users/suren/Documents/ECE_520/Final_Project/Sandbox/signal_detect_vitis/signal_detect_platform/zynq_fsbl/zynq_fsbl_bsp/system.mss
TRACE::2026-04-26.19:49:06::SCWPlatform::Trying to open the hw design at C:/Users/suren/Documents/ECE_520/Final_Project/Sandbox/signal_detect_vitis/signal_detect_platform/hw/signal_detect_bd_wrapper.xsa
TRACE::2026-04-26.19:49:06::SCWPlatform::DSA given C:/Users/suren/Documents/ECE_520/Final_Project/Sandbox/signal_detect_vitis/signal_detect_platform/hw/signal_detect_bd_wrapper.xsa
TRACE::2026-04-26.19:49:06::SCWPlatform::DSA absoulate path C:/Users/suren/Documents/ECE_520/Final_Project/Sandbox/signal_detect_vitis/signal_detect_platform/hw/signal_detect_bd_wrapper.xsa
TRACE::2026-04-26.19:49:06::SCWPlatform::DSA directory C:/Users/suren/Documents/ECE_520/Final_Project/Sandbox/signal_detect_vitis/signal_detect_platform/hw
TRACE::2026-04-26.19:49:06::SCWPlatform:: Platform Path C:/Users/suren/Documents/ECE_520/Final_Project/Sandbox/signal_detect_vitis/signal_detect_platform/hw/signal_detect_bd_wrapper.xsa
TRACE::2026-04-26.19:49:06::SCWPlatform:: Unique name xilinx:zybo-z7-10::0.0
TRACE::2026-04-26.19:49:06::SCWPlatform::Trying to set the existing hwdb with name signal_detect_bd_wrapper_26
TRACE::2026-04-26.19:49:06::SCWPlatform::Opened existing hwdb signal_detect_bd_wrapper_26
TRACE::2026-04-26.19:49:06::SCWPlatform::Found the Hw Db part of the input DSA
TRACE::2026-04-26.19:49:06::SCWMssOS::Checking the sw design at  C:/Users/suren/Documents/ECE_520/Final_Project/Sandbox/signal_detect_vitis/signal_detect_platform/zynq_fsbl/zynq_fsbl_bsp/system.mss
TRACE::2026-04-26.19:49:06::SCWMssOS::DEBUG:  swdes dump  C:/Users/suren/Documents/ECE_520/Final_Project/Sandbox/signal_detect_vitis/signal_detect_platform/zynq_fsbl/zynq_fsbl_bsp/system.mss|system||

TRACE::2026-04-26.19:49:06::SCWMssOS::Sw design exists and opened at  C:/Users/suren/Documents/ECE_520/Final_Project/Sandbox/signal_detect_vitis/signal_detect_platform/zynq_fsbl/zynq_fsbl_bsp/system.mss
TRACE::2026-04-26.19:49:06::SCWMssOS:: library already available in sw design:  xilffs:5.0
TRACE::2026-04-26.19:49:06::SCWPlatform::Trying to open the hw design at C:/Users/suren/Documents/ECE_520/Final_Project/Sandbox/signal_detect_vitis/signal_detect_platform/hw/signal_detect_bd_wrapper.xsa
TRACE::2026-04-26.19:49:06::SCWPlatform::DSA given C:/Users/suren/Documents/ECE_520/Final_Project/Sandbox/signal_detect_vitis/signal_detect_platform/hw/signal_detect_bd_wrapper.xsa
TRACE::2026-04-26.19:49:06::SCWPlatform::DSA absoulate path C:/Users/suren/Documents/ECE_520/Final_Project/Sandbox/signal_detect_vitis/signal_detect_platform/hw/signal_detect_bd_wrapper.xsa
TRACE::2026-04-26.19:49:06::SCWPlatform::DSA directory C:/Users/suren/Documents/ECE_520/Final_Project/Sandbox/signal_detect_vitis/signal_detect_platform/hw
TRACE::2026-04-26.19:49:06::SCWPlatform:: Platform Path C:/Users/suren/Documents/ECE_520/Final_Project/Sandbox/signal_detect_vitis/signal_detect_platform/hw/signal_detect_bd_wrapper.xsa
TRACE::2026-04-26.19:49:06::SCWPlatform:: Unique name xilinx:zybo-z7-10::0.0
TRACE::2026-04-26.19:49:06::SCWPlatform::Trying to set the existing hwdb with name signal_detect_bd_wrapper_26
TRACE::2026-04-26.19:49:06::SCWPlatform::Opened existing hwdb signal_detect_bd_wrapper_26
TRACE::2026-04-26.19:49:06::SCWPlatform::Found the Hw Db part of the input DSA
TRACE::2026-04-26.19:49:06::SCWMssOS::Checking the sw design at  C:/Users/suren/Documents/ECE_520/Final_Project/Sandbox/signal_detect_vitis/signal_detect_platform/zynq_fsbl/zynq_fsbl_bsp/system.mss
TRACE::2026-04-26.19:49:06::SCWMssOS::DEBUG:  swdes dump  C:/Users/suren/Documents/ECE_520/Final_Project/Sandbox/signal_detect_vitis/signal_detect_platform/zynq_fsbl/zynq_fsbl_bsp/system.mss|system||

TRACE::2026-04-26.19:49:06::SCWMssOS::Sw design exists and opened at  C:/Users/suren/Documents/ECE_520/Final_Project/Sandbox/signal_detect_vitis/signal_detect_platform/zynq_fsbl/zynq_fsbl_bsp/system.mss
TRACE::2026-04-26.19:49:06::SCWMssOS:: library already available in sw design:  xilrsa:1.6
TRACE::2026-04-26.19:49:06::SCWMssOS::Saving the mss changes C:/Users/suren/Documents/ECE_520/Final_Project/Sandbox/signal_detect_vitis/signal_detect_platform/zynq_fsbl/zynq_fsbl_bsp/system.mss
TRACE::2026-04-26.19:49:06::SCWMssOS::Found a swdesign opened with the mssfile.
TRACE::2026-04-26.19:49:06::SCWMssOS::Completed writemss as part of save.
TRACE::2026-04-26.19:49:06::SCWMssOS::Commit changes completed.
TRACE::2026-04-26.19:49:06::SCWReader::Adding prebuilt librarypaths as   
TRACE::2026-04-26.19:49:06::SCWReader::Adding prebuilt incpaths  as   
TRACE::2026-04-26.19:49:06::SCWPlatform::Trying to open the hw design at C:/Users/suren/Documents/ECE_520/Final_Project/Sandbox/signal_detect_vitis/signal_detect_platform/hw/signal_detect_bd_wrapper.xsa
TRACE::2026-04-26.19:49:06::SCWPlatform::DSA given C:/Users/suren/Documents/ECE_520/Final_Project/Sandbox/signal_detect_vitis/signal_detect_platform/hw/signal_detect_bd_wrapper.xsa
TRACE::2026-04-26.19:49:06::SCWPlatform::DSA absoulate path C:/Users/suren/Documents/ECE_520/Final_Project/Sandbox/signal_detect_vitis/signal_detect_platform/hw/signal_detect_bd_wrapper.xsa
TRACE::2026-04-26.19:49:06::SCWPlatform::DSA directory C:/Users/suren/Documents/ECE_520/Final_Project/Sandbox/signal_detect_vitis/signal_detect_platform/hw
TRACE::2026-04-26.19:49:06::SCWPlatform:: Platform Path C:/Users/suren/Documents/ECE_520/Final_Project/Sandbox/signal_detect_vitis/signal_detect_platform/hw/signal_detect_bd_wrapper.xsa
TRACE::2026-04-26.19:49:06::SCWPlatform:: Unique name xilinx:zybo-z7-10::0.0
TRACE::2026-04-26.19:49:06::SCWPlatform::Trying to set the existing hwdb with name signal_detect_bd_wrapper_26
TRACE::2026-04-26.19:49:06::SCWPlatform::Opened existing hwdb signal_detect_bd_wrapper_26
TRACE::2026-04-26.19:49:06::SCWPlatform::Found the Hw Db part of the input DSA
TRACE::2026-04-26.19:49:06::SCWMssOS::Checking the sw design at  C:/Users/suren/Documents/ECE_520/Final_Project/Sandbox/signal_detect_vitis/signal_detect_platform/zynq_fsbl/zynq_fsbl_bsp/system.mss
TRACE::2026-04-26.19:49:06::SCWMssOS::DEBUG:  swdes dump  C:/Users/suren/Documents/ECE_520/Final_Project/Sandbox/signal_detect_vitis/signal_detect_platform/zynq_fsbl/zynq_fsbl_bsp/system.mss|system||

TRACE::2026-04-26.19:49:06::SCWMssOS::Sw design exists and opened at  C:/Users/suren/Documents/ECE_520/Final_Project/Sandbox/signal_detect_vitis/signal_detect_platform/zynq_fsbl/zynq_fsbl_bsp/system.mss
TRACE::2026-04-26.19:49:06::SCWReader::No isolation master present  
TRACE::2026-04-26.19:49:06::SCWDomain::checking for install qemu data   : 
TRACE::2026-04-26.19:49:06::SCWDomain:: Using the QEMU Data from install at  : C:/Xilinx/Vitis/2023.1/data/emulation/platforms/zynq/sw/a9_standalone/qemu/
TRACE::2026-04-26.19:49:06::SCWDomain:: Using the QEMU args  from install at  : C:/Xilinx/Vitis/2023.1/data/emulation/platforms/zynq/sw/a9_standalone/qemu/qemu_args.txt
TRACE::2026-04-26.19:49:06::SCWPlatform::Trying to open the hw design at C:/Users/suren/Documents/ECE_520/Final_Project/Sandbox/signal_detect_vitis/signal_detect_platform/hw/signal_detect_bd_wrapper.xsa
TRACE::2026-04-26.19:49:06::SCWPlatform::DSA given C:/Users/suren/Documents/ECE_520/Final_Project/Sandbox/signal_detect_vitis/signal_detect_platform/hw/signal_detect_bd_wrapper.xsa
TRACE::2026-04-26.19:49:06::SCWPlatform::DSA absoulate path C:/Users/suren/Documents/ECE_520/Final_Project/Sandbox/signal_detect_vitis/signal_detect_platform/hw/signal_detect_bd_wrapper.xsa
TRACE::2026-04-26.19:49:06::SCWPlatform::DSA directory C:/Users/suren/Documents/ECE_520/Final_Project/Sandbox/signal_detect_vitis/signal_detect_platform/hw
TRACE::2026-04-26.19:49:06::SCWPlatform:: Platform Path C:/Users/suren/Documents/ECE_520/Final_Project/Sandbox/signal_detect_vitis/signal_detect_platform/hw/signal_detect_bd_wrapper.xsa
TRACE::2026-04-26.19:49:06::SCWPlatform:: Unique name xilinx:zybo-z7-10::0.0
TRACE::2026-04-26.19:49:06::SCWPlatform::Trying to set the existing hwdb with name signal_detect_bd_wrapper_26
TRACE::2026-04-26.19:49:06::SCWPlatform::Opened existing hwdb signal_detect_bd_wrapper_26
TRACE::2026-04-26.19:49:06::SCWPlatform::Found the Hw Db part of the input DSA
TRACE::2026-04-26.19:49:06::SCWPlatform::Trying to open the hw design at C:/Users/suren/Documents/ECE_520/Final_Project/Sandbox/signal_detect_vitis/signal_detect_platform/hw/signal_detect_bd_wrapper.xsa
TRACE::2026-04-26.19:49:06::SCWPlatform::DSA given C:/Users/suren/Documents/ECE_520/Final_Project/Sandbox/signal_detect_vitis/signal_detect_platform/hw/signal_detect_bd_wrapper.xsa
TRACE::2026-04-26.19:49:06::SCWPlatform::DSA absoulate path C:/Users/suren/Documents/ECE_520/Final_Project/Sandbox/signal_detect_vitis/signal_detect_platform/hw/signal_detect_bd_wrapper.xsa
TRACE::2026-04-26.19:49:06::SCWPlatform::DSA directory C:/Users/suren/Documents/ECE_520/Final_Project/Sandbox/signal_detect_vitis/signal_detect_platform/hw
TRACE::2026-04-26.19:49:06::SCWPlatform:: Platform Path C:/Users/suren/Documents/ECE_520/Final_Project/Sandbox/signal_detect_vitis/signal_detect_platform/hw/signal_detect_bd_wrapper.xsa
TRACE::2026-04-26.19:49:06::SCWPlatform:: Unique name xilinx:zybo-z7-10::0.0
TRACE::2026-04-26.19:49:06::SCWPlatform::Trying to set the existing hwdb with name signal_detect_bd_wrapper_26
TRACE::2026-04-26.19:49:06::SCWPlatform::Opened existing hwdb signal_detect_bd_wrapper_26
TRACE::2026-04-26.19:49:06::SCWPlatform::Found the Hw Db part of the input DSA
TRACE::2026-04-26.19:49:06::SCWPlatform::Trying to open the hw design at C:/Users/suren/Documents/ECE_520/Final_Project/Sandbox/signal_detect_vitis/signal_detect_platform/hw/signal_detect_bd_wrapper.xsa
TRACE::2026-04-26.19:49:06::SCWPlatform::DSA given C:/Users/suren/Documents/ECE_520/Final_Project/Sandbox/signal_detect_vitis/signal_detect_platform/hw/signal_detect_bd_wrapper.xsa
TRACE::2026-04-26.19:49:06::SCWPlatform::DSA absoulate path C:/Users/suren/Documents/ECE_520/Final_Project/Sandbox/signal_detect_vitis/signal_detect_platform/hw/signal_detect_bd_wrapper.xsa
TRACE::2026-04-26.19:49:06::SCWPlatform::DSA directory C:/Users/suren/Documents/ECE_520/Final_Project/Sandbox/signal_detect_vitis/signal_detect_platform/hw
TRACE::2026-04-26.19:49:06::SCWPlatform:: Platform Path C:/Users/suren/Documents/ECE_520/Final_Project/Sandbox/signal_detect_vitis/signal_detect_platform/hw/signal_detect_bd_wrapper.xsa
TRACE::2026-04-26.19:49:06::SCWPlatform:: Unique name xilinx:zybo-z7-10::0.0
TRACE::2026-04-26.19:49:06::SCWPlatform::Trying to set the existing hwdb with name signal_detect_bd_wrapper_26
TRACE::2026-04-26.19:49:06::SCWPlatform::Opened existing hwdb signal_detect_bd_wrapper_26
TRACE::2026-04-26.19:49:06::SCWPlatform::Found the Hw Db part of the input DSA
TRACE::2026-04-26.19:49:06::SCWMssOS::Checking the sw design at  C:/Users/suren/Documents/ECE_520/Final_Project/Sandbox/signal_detect_vitis/signal_detect_platform/ps7_cortexa9_0/standalone_domain/bsp/system.mss
TRACE::2026-04-26.19:49:06::SCWMssOS::DEBUG:  swdes dump  C:/Users/suren/Documents/ECE_520/Final_Project/Sandbox/signal_detect_vitis/signal_detect_platform/zynq_fsbl/zynq_fsbl_bsp/system.mss|system||

TRACE::2026-04-26.19:49:06::SCWMssOS::No sw design opened at  C:/Users/suren/Documents/ECE_520/Final_Project/Sandbox/signal_detect_vitis/signal_detect_platform/ps7_cortexa9_0/standalone_domain/bsp/system.mss
TRACE::2026-04-26.19:49:06::SCWMssOS::mss exists loading the mss file  C:/Users/suren/Documents/ECE_520/Final_Project/Sandbox/signal_detect_vitis/signal_detect_platform/ps7_cortexa9_0/standalone_domain/bsp/system.mss
TRACE::2026-04-26.19:49:06::SCWMssOS::Opened the sw design from mss  C:/Users/suren/Documents/ECE_520/Final_Project/Sandbox/signal_detect_vitis/signal_detect_platform/ps7_cortexa9_0/standalone_domain/bsp/system.mss
TRACE::2026-04-26.19:49:06::SCWMssOS::Adding the swdes entry C:/Users/suren/Documents/ECE_520/Final_Project/Sandbox/signal_detect_vitis/signal_detect_platform/ps7_cortexa9_0/standalone_domain/bsp/system.mss with des name system_0
TRACE::2026-04-26.19:49:06::SCWMssOS::updating the scw layer about changes
TRACE::2026-04-26.19:49:06::SCWMssOS::Opened the sw design.  C:/Users/suren/Documents/ECE_520/Final_Project/Sandbox/signal_detect_vitis/signal_detect_platform/ps7_cortexa9_0/standalone_domain/bsp/system.mss
TRACE::2026-04-26.19:49:06::SCWMssOS::Saving the mss changes C:/Users/suren/Documents/ECE_520/Final_Project/Sandbox/signal_detect_vitis/signal_detect_platform/ps7_cortexa9_0/standalone_domain/bsp/system.mss
TRACE::2026-04-26.19:49:06::SCWMssOS::Found a swdesign opened with the mssfile.
TRACE::2026-04-26.19:49:06::SCWMssOS::Completed writemss as part of save.
TRACE::2026-04-26.19:49:06::SCWMssOS::Commit changes completed.
TRACE::2026-04-26.19:49:06::SCWReader::Adding prebuilt librarypaths as   
TRACE::2026-04-26.19:49:06::SCWReader::Adding prebuilt incpaths  as   
TRACE::2026-04-26.19:49:06::SCWPlatform::Trying to open the hw design at C:/Users/suren/Documents/ECE_520/Final_Project/Sandbox/signal_detect_vitis/signal_detect_platform/hw/signal_detect_bd_wrapper.xsa
TRACE::2026-04-26.19:49:06::SCWPlatform::DSA given C:/Users/suren/Documents/ECE_520/Final_Project/Sandbox/signal_detect_vitis/signal_detect_platform/hw/signal_detect_bd_wrapper.xsa
TRACE::2026-04-26.19:49:06::SCWPlatform::DSA absoulate path C:/Users/suren/Documents/ECE_520/Final_Project/Sandbox/signal_detect_vitis/signal_detect_platform/hw/signal_detect_bd_wrapper.xsa
TRACE::2026-04-26.19:49:06::SCWPlatform::DSA directory C:/Users/suren/Documents/ECE_520/Final_Project/Sandbox/signal_detect_vitis/signal_detect_platform/hw
TRACE::2026-04-26.19:49:06::SCWPlatform:: Platform Path C:/Users/suren/Documents/ECE_520/Final_Project/Sandbox/signal_detect_vitis/signal_detect_platform/hw/signal_detect_bd_wrapper.xsa
TRACE::2026-04-26.19:49:06::SCWPlatform:: Unique name xilinx:zybo-z7-10::0.0
TRACE::2026-04-26.19:49:06::SCWPlatform::Trying to set the existing hwdb with name signal_detect_bd_wrapper_26
TRACE::2026-04-26.19:49:06::SCWPlatform::Opened existing hwdb signal_detect_bd_wrapper_26
TRACE::2026-04-26.19:49:06::SCWPlatform::Found the Hw Db part of the input DSA
TRACE::2026-04-26.19:49:06::SCWMssOS::Checking the sw design at  C:/Users/suren/Documents/ECE_520/Final_Project/Sandbox/signal_detect_vitis/signal_detect_platform/ps7_cortexa9_0/standalone_domain/bsp/system.mss
TRACE::2026-04-26.19:49:06::SCWMssOS::DEBUG:  swdes dump  C:/Users/suren/Documents/ECE_520/Final_Project/Sandbox/signal_detect_vitis/signal_detect_platform/ps7_cortexa9_0/standalone_domain/bsp/system.mss|system_0||
C:/Users/suren/Documents/ECE_520/Final_Project/Sandbox/signal_detect_vitis/signal_detect_platform/zynq_fsbl/zynq_fsbl_bsp/system.mss|system||

TRACE::2026-04-26.19:49:06::SCWMssOS::Sw design exists and opened at  C:/Users/suren/Documents/ECE_520/Final_Project/Sandbox/signal_detect_vitis/signal_detect_platform/ps7_cortexa9_0/standalone_domain/bsp/system.mss
TRACE::2026-04-26.19:49:06::SCWReader::No isolation master present  
LOG::2026-04-26.19:49:47::SCWPlatform::Started generating the artifacts platform signal_detect_platform
TRACE::2026-04-26.19:49:47::SCWPlatform::Sanity checking of platform is completed
LOG::2026-04-26.19:49:47::SCWPlatform::Started generating the artifacts for system configuration signal_detect_platform
LOG::2026-04-26.19:49:47::SCWSystem::Checking the domain zynq_fsbl
LOG::2026-04-26.19:49:47::SCWSystem::Doing application build for :  zynq_fsbl
TRACE::2026-04-26.19:49:47::SCWBDomain::Not a forced makefile updation, No changes are present. 
TRACE::2026-04-26.19:49:47::SCWDomain::Skipping the build for domain :  zynq_fsbl
LOG::2026-04-26.19:49:47::SCWSystem::Checking the domain standalone_domain
LOG::2026-04-26.19:49:47::SCWSystem::Not a boot domain 
LOG::2026-04-26.19:49:47::SCWSystem::Started Processing the domain standalone_domain
TRACE::2026-04-26.19:49:47::SCWDomain::Generating domain artifcats
TRACE::2026-04-26.19:49:47::SCWMssOS::Generating standalone artifcats
TRACE::2026-04-26.19:49:47::SCWMssOS::Copying the qemu file from  C:/Users/suren/Documents/ECE_520/Final_Project/Sandbox/signal_detect_vitis/signal_detect_platform/resources/signal_detect_platform/standalone_domain/qemu_args.txt To C:/Users/suren/Documents/ECE_520/Final_Project/Sandbox/signal_detect_vitis/signal_detect_platform/export/signal_detect_platform/sw/signal_detect_platform/qemu/
TRACE::2026-04-26.19:49:47::SCWMssOS::Copying the qemu file from  C:/Users/suren/Documents/ECE_520/Final_Project/Sandbox/signal_detect_vitis/signal_detect_platform/resources/signal_detect_platform/standalone_domain/qemu_args.txt To C:/Users/suren/Documents/ECE_520/Final_Project/Sandbox/signal_detect_vitis/signal_detect_platform/export/signal_detect_platform/sw/signal_detect_platform/standalone_domain/qemu/
TRACE::2026-04-26.19:49:47::SCWMssOS:: Copying the user libraries. 
TRACE::2026-04-26.19:49:47::SCWPlatform::Trying to open the hw design at C:/Users/suren/Documents/ECE_520/Final_Project/Sandbox/signal_detect_vitis/signal_detect_platform/hw/signal_detect_bd_wrapper.xsa
TRACE::2026-04-26.19:49:47::SCWPlatform::DSA given C:/Users/suren/Documents/ECE_520/Final_Project/Sandbox/signal_detect_vitis/signal_detect_platform/hw/signal_detect_bd_wrapper.xsa
TRACE::2026-04-26.19:49:47::SCWPlatform::DSA absoulate path C:/Users/suren/Documents/ECE_520/Final_Project/Sandbox/signal_detect_vitis/signal_detect_platform/hw/signal_detect_bd_wrapper.xsa
TRACE::2026-04-26.19:49:47::SCWPlatform::DSA directory C:/Users/suren/Documents/ECE_520/Final_Project/Sandbox/signal_detect_vitis/signal_detect_platform/hw
TRACE::2026-04-26.19:49:47::SCWPlatform:: Platform Path C:/Users/suren/Documents/ECE_520/Final_Project/Sandbox/signal_detect_vitis/signal_detect_platform/hw/signal_detect_bd_wrapper.xsa
TRACE::2026-04-26.19:49:47::SCWPlatform:: Unique name xilinx:zybo-z7-10::0.0
TRACE::2026-04-26.19:49:47::SCWPlatform::Trying to set the existing hwdb with name signal_detect_bd_wrapper_26
TRACE::2026-04-26.19:49:47::SCWPlatform::Could not get the HWDB from existing dbname
TRACE::2026-04-26.19:49:47::SCWPlatform::Do not have an existing db opened. Attempting to open the hwDb. 
TRACE::2026-04-26.19:49:47::SCWPlatform::Opened new HwDB with name signal_detect_bd_wrapper_27
TRACE::2026-04-26.19:49:47::SCWMssOS::Checking the sw design at  C:/Users/suren/Documents/ECE_520/Final_Project/Sandbox/signal_detect_vitis/signal_detect_platform/ps7_cortexa9_0/standalone_domain/bsp/system.mss
TRACE::2026-04-26.19:49:47::SCWMssOS::DEBUG:  swdes dump  C:/Users/suren/Documents/ECE_520/Final_Project/Sandbox/signal_detect_vitis/signal_detect_platform/ps7_cortexa9_0/standalone_domain/bsp/system.mss|system_0||
C:/Users/suren/Documents/ECE_520/Final_Project/Sandbox/signal_detect_vitis/signal_detect_platform/zynq_fsbl/zynq_fsbl_bsp/system.mss|system||

TRACE::2026-04-26.19:49:47::SCWMssOS::Sw design exists and opened at  C:/Users/suren/Documents/ECE_520/Final_Project/Sandbox/signal_detect_vitis/signal_detect_platform/ps7_cortexa9_0/standalone_domain/bsp/system.mss
TRACE::2026-04-26.19:49:47::SCWMssOS::Completed writing the mss file at C:/Users/suren/Documents/ECE_520/Final_Project/Sandbox/signal_detect_vitis/signal_detect_platform/ps7_cortexa9_0/standalone_domain/bsp
TRACE::2026-04-26.19:49:47::SCWMssOS::Mss edits present, copying mssfile into export location C:/Users/suren/Documents/ECE_520/Final_Project/Sandbox/signal_detect_vitis/signal_detect_platform/ps7_cortexa9_0/standalone_domain/bsp/system.mss
TRACE::2026-04-26.19:49:47::SCWMssOS::bsp generated is stale removing and regenerating. 
TRACE::2026-04-26.19:49:50::SCWMssOS::doing bsp build ... 
TRACE::2026-04-26.19:49:50::SCWMssOS::System Command Ran  C: & cd  C:/Users/suren/Documents/ECE_520/Final_Project/Sandbox/signal_detect_vitis/signal_detect_platform/ps7_cortexa9_0/standalone_domain/bsp & make 
TRACE::2026-04-26.19:49:50::SCWMssOS::make --no-print-directory seq_libs

TRACE::2026-04-26.19:49:50::SCWMssOS::'Finished building libraries sequentially.'

TRACE::2026-04-26.19:49:50::SCWMssOS::make -j 6 --no-print-directory par_libs

TRACE::2026-04-26.19:49:51::SCWMssOS::"Running Make include in ps7_cortexa9_0/libsrc/coresightps_dcc_v1_8/src"

TRACE::2026-04-26.19:49:51::SCWMssOS::make -C ps7_cortexa9_0/libsrc/coresightps_dcc_v1_8/src -s include  "SHELL=CMD" "COMPILER=arm-none-eabi-gcc" "ASSEMBLER=arm-none
TRACE::2026-04-26.19:49:51::SCWMssOS::-eabi-as" "ARCHIVER=arm-none-eabi-ar" "COMPILER_FLAGS=  -O2 -c" "EXTRA_COMPILER_FLAGS=-mcpu=cortex-a9 -mfpu=vfpv3 -mfloat-abi=h
TRACE::2026-04-26.19:49:51::SCWMssOS::ard -nostartfiles -g -Wall -Wextra -fno-tree-loop-distribute-patterns"

TRACE::2026-04-26.19:49:51::SCWMssOS::"Running Make include in ps7_cortexa9_0/libsrc/cpu_cortexa9_v2_11/src"

TRACE::2026-04-26.19:49:51::SCWMssOS::make -C ps7_cortexa9_0/libsrc/cpu_cortexa9_v2_11/src -s include  "SHELL=CMD" "COMPILER=arm-none-eabi-gcc" "ASSEMBLER=arm-none-e
TRACE::2026-04-26.19:49:51::SCWMssOS::abi-as" "ARCHIVER=arm-none-eabi-ar" "COMPILER_FLAGS=  -O2 -c" "EXTRA_COMPILER_FLAGS=-mcpu=cortex-a9 -mfpu=vfpv3 -mfloat-abi=har
TRACE::2026-04-26.19:49:51::SCWMssOS::d -nostartfiles -g -Wall -Wextra -fno-tree-loop-distribute-patterns"

TRACE::2026-04-26.19:49:51::SCWMssOS::"Running Make include in ps7_cortexa9_0/libsrc/ddrps_v1_2/src"

TRACE::2026-04-26.19:49:51::SCWMssOS::make -C ps7_cortexa9_0/libsrc/ddrps_v1_2/src -s include  "SHELL=CMD" "COMPILER=arm-none-eabi-gcc" "ASSEMBLER=arm-none-eabi-as" 
TRACE::2026-04-26.19:49:51::SCWMssOS::"ARCHIVER=arm-none-eabi-ar" "COMPILER_FLAGS=  -O2 -c" "EXTRA_COMPILER_FLAGS=-mcpu=cortex-a9 -mfpu=vfpv3 -mfloat-abi=hard -nosta
TRACE::2026-04-26.19:49:51::SCWMssOS::rtfiles -g -Wall -Wextra -fno-tree-loop-distribute-patterns"

TRACE::2026-04-26.19:49:51::SCWMssOS::"Running Make include in ps7_cortexa9_0/libsrc/devcfg_v3_7/src"

TRACE::2026-04-26.19:49:51::SCWMssOS::make -C ps7_cortexa9_0/libsrc/devcfg_v3_7/src -s include  "SHELL=CMD" "COMPILER=arm-none-eabi-gcc" "ASSEMBLER=arm-none-eabi-as"
TRACE::2026-04-26.19:49:51::SCWMssOS:: "ARCHIVER=arm-none-eabi-ar" "COMPILER_FLAGS=  -O2 -c" "EXTRA_COMPILER_FLAGS=-mcpu=cortex-a9 -mfpu=vfpv3 -mfloat-abi=hard -nost
TRACE::2026-04-26.19:49:51::SCWMssOS::artfiles -g -Wall -Wextra -fno-tree-loop-distribute-patterns"

TRACE::2026-04-26.19:49:51::SCWMssOS::"Running Make include in ps7_cortexa9_0/libsrc/dmaps_v2_8/src"

TRACE::2026-04-26.19:49:51::SCWMssOS::make -C ps7_cortexa9_0/libsrc/dmaps_v2_8/src -s include  "SHELL=CMD" "COMPILER=arm-none-eabi-gcc" "ASSEMBLER=arm-none-eabi-as" 
TRACE::2026-04-26.19:49:51::SCWMssOS::"ARCHIVER=arm-none-eabi-ar" "COMPILER_FLAGS=  -O2 -c" "EXTRA_COMPILER_FLAGS=-mcpu=cortex-a9 -mfpu=vfpv3 -mfloat-abi=hard -nosta
TRACE::2026-04-26.19:49:51::SCWMssOS::rtfiles -g -Wall -Wextra -fno-tree-loop-distribute-patterns"

TRACE::2026-04-26.19:49:51::SCWMssOS::"Running Make include in ps7_cortexa9_0/libsrc/emacps_v3_18/src"

TRACE::2026-04-26.19:49:51::SCWMssOS::make -C ps7_cortexa9_0/libsrc/emacps_v3_18/src -s include  "SHELL=CMD" "COMPILER=arm-none-eabi-gcc" "ASSEMBLER=arm-none-eabi-as
TRACE::2026-04-26.19:49:51::SCWMssOS::" "ARCHIVER=arm-none-eabi-ar" "COMPILER_FLAGS=  -O2 -c" "EXTRA_COMPILER_FLAGS=-mcpu=cortex-a9 -mfpu=vfpv3 -mfloat-abi=hard -nos
TRACE::2026-04-26.19:49:51::SCWMssOS::tartfiles -g -Wall -Wextra -fno-tree-loop-distribute-patterns"

TRACE::2026-04-26.19:49:51::SCWMssOS::"Running Make include in ps7_cortexa9_0/libsrc/gpiops_v3_11/src"

TRACE::2026-04-26.19:49:51::SCWMssOS::make -C ps7_cortexa9_0/libsrc/gpiops_v3_11/src -s include  "SHELL=CMD" "COMPILER=arm-none-eabi-gcc" "ASSEMBLER=arm-none-eabi-as
TRACE::2026-04-26.19:49:51::SCWMssOS::" "ARCHIVER=arm-none-eabi-ar" "COMPILER_FLAGS=  -O2 -c" "EXTRA_COMPILER_FLAGS=-mcpu=cortex-a9 -mfpu=vfpv3 -mfloat-abi=hard -nos
TRACE::2026-04-26.19:49:51::SCWMssOS::tartfiles -g -Wall -Wextra -fno-tree-loop-distribute-patterns"

TRACE::2026-04-26.19:49:51::SCWMssOS::"Running Make include in ps7_cortexa9_0/libsrc/gpio_v4_9/src"

TRACE::2026-04-26.19:49:51::SCWMssOS::make -C ps7_cortexa9_0/libsrc/gpio_v4_9/src -s include  "SHELL=CMD" "COMPILER=arm-none-eabi-gcc" "ASSEMBLER=arm-none-eabi-as" "
TRACE::2026-04-26.19:49:51::SCWMssOS::ARCHIVER=arm-none-eabi-ar" "COMPILER_FLAGS=  -O2 -c" "EXTRA_COMPILER_FLAGS=-mcpu=cortex-a9 -mfpu=vfpv3 -mfloat-abi=hard -nostar
TRACE::2026-04-26.19:49:51::SCWMssOS::tfiles -g -Wall -Wextra -fno-tree-loop-distribute-patterns"

TRACE::2026-04-26.19:49:51::SCWMssOS::"Running Make include in ps7_cortexa9_0/libsrc/qspips_v3_10/src"

TRACE::2026-04-26.19:49:51::SCWMssOS::make -C ps7_cortexa9_0/libsrc/qspips_v3_10/src -s include  "SHELL=CMD" "COMPILER=arm-none-eabi-gcc" "ASSEMBLER=arm-none-eabi-as
TRACE::2026-04-26.19:49:51::SCWMssOS::" "ARCHIVER=arm-none-eabi-ar" "COMPILER_FLAGS=  -O2 -c" "EXTRA_COMPILER_FLAGS=-mcpu=cortex-a9 -mfpu=vfpv3 -mfloat-abi=hard -nos
TRACE::2026-04-26.19:49:51::SCWMssOS::tartfiles -g -Wall -Wextra -fno-tree-loop-distribute-patterns"

TRACE::2026-04-26.19:49:51::SCWMssOS::"Running Make include in ps7_cortexa9_0/libsrc/scugic_v5_1/src"

TRACE::2026-04-26.19:49:51::SCWMssOS::make -C ps7_cortexa9_0/libsrc/scugic_v5_1/src -s include  "SHELL=CMD" "COMPILER=arm-none-eabi-gcc" "ASSEMBLER=arm-none-eabi-as"
TRACE::2026-04-26.19:49:51::SCWMssOS:: "ARCHIVER=arm-none-eabi-ar" "COMPILER_FLAGS=  -O2 -c" "EXTRA_COMPILER_FLAGS=-mcpu=cortex-a9 -mfpu=vfpv3 -mfloat-abi=hard -nost
TRACE::2026-04-26.19:49:51::SCWMssOS::artfiles -g -Wall -Wextra -fno-tree-loop-distribute-patterns"

TRACE::2026-04-26.19:49:51::SCWMssOS::"Running Make include in ps7_cortexa9_0/libsrc/scutimer_v2_4/src"

TRACE::2026-04-26.19:49:51::SCWMssOS::make -C ps7_cortexa9_0/libsrc/scutimer_v2_4/src -s include  "SHELL=CMD" "COMPILER=arm-none-eabi-gcc" "ASSEMBLER=arm-none-eabi-a
TRACE::2026-04-26.19:49:51::SCWMssOS::s" "ARCHIVER=arm-none-eabi-ar" "COMPILER_FLAGS=  -O2 -c" "EXTRA_COMPILER_FLAGS=-mcpu=cortex-a9 -mfpu=vfpv3 -mfloat-abi=hard -no
TRACE::2026-04-26.19:49:51::SCWMssOS::startfiles -g -Wall -Wextra -fno-tree-loop-distribute-patterns"

TRACE::2026-04-26.19:49:51::SCWMssOS::"Running Make include in ps7_cortexa9_0/libsrc/scuwdt_v2_4/src"

TRACE::2026-04-26.19:49:51::SCWMssOS::make -C ps7_cortexa9_0/libsrc/scuwdt_v2_4/src -s include  "SHELL=CMD" "COMPILER=arm-none-eabi-gcc" "ASSEMBLER=arm-none-eabi-as"
TRACE::2026-04-26.19:49:51::SCWMssOS:: "ARCHIVER=arm-none-eabi-ar" "COMPILER_FLAGS=  -O2 -c" "EXTRA_COMPILER_FLAGS=-mcpu=cortex-a9 -mfpu=vfpv3 -mfloat-abi=hard -nost
TRACE::2026-04-26.19:49:51::SCWMssOS::artfiles -g -Wall -Wextra -fno-tree-loop-distribute-patterns"

TRACE::2026-04-26.19:49:51::SCWMssOS::"Running Make include in ps7_cortexa9_0/libsrc/sdps_v4_1/src"

TRACE::2026-04-26.19:49:51::SCWMssOS::make -C ps7_cortexa9_0/libsrc/sdps_v4_1/src -s include  "SHELL=CMD" "COMPILER=arm-none-eabi-gcc" "ASSEMBLER=arm-none-eabi-as" "
TRACE::2026-04-26.19:49:51::SCWMssOS::ARCHIVER=arm-none-eabi-ar" "COMPILER_FLAGS=  -O2 -c" "EXTRA_COMPILER_FLAGS=-mcpu=cortex-a9 -mfpu=vfpv3 -mfloat-abi=hard -nostar
TRACE::2026-04-26.19:49:51::SCWMssOS::tfiles -g -Wall -Wextra -fno-tree-loop-distribute-patterns"

TRACE::2026-04-26.19:49:51::SCWMssOS::"Running Make include in ps7_cortexa9_0/libsrc/standalone_v8_1/src"

TRACE::2026-04-26.19:49:51::SCWMssOS::make -C ps7_cortexa9_0/libsrc/standalone_v8_1/src -s include  "SHELL=CMD" "COMPILER=arm-none-eabi-gcc" "ASSEMBLER=arm-none-eabi
TRACE::2026-04-26.19:49:51::SCWMssOS::-as" "ARCHIVER=arm-none-eabi-ar" "COMPILER_FLAGS=  -O2 -c" "EXTRA_COMPILER_FLAGS=-mcpu=cortex-a9 -mfpu=vfpv3 -mfloat-abi=hard -
TRACE::2026-04-26.19:49:51::SCWMssOS::nostartfiles -g -Wall -Wextra -fno-tree-loop-distribute-patterns"

TRACE::2026-04-26.19:49:51::SCWMssOS::"Running Make include in ps7_cortexa9_0/libsrc/uartps_v3_12/src"

TRACE::2026-04-26.19:49:51::SCWMssOS::make -C ps7_cortexa9_0/libsrc/uartps_v3_12/src -s include  "SHELL=CMD" "COMPILER=arm-none-eabi-gcc" "ASSEMBLER=arm-none-eabi-as
TRACE::2026-04-26.19:49:51::SCWMssOS::" "ARCHIVER=arm-none-eabi-ar" "COMPILER_FLAGS=  -O2 -c" "EXTRA_COMPILER_FLAGS=-mcpu=cortex-a9 -mfpu=vfpv3 -mfloat-abi=hard -nos
TRACE::2026-04-26.19:49:51::SCWMssOS::tartfiles -g -Wall -Wextra -fno-tree-loop-distribute-patterns"

TRACE::2026-04-26.19:49:51::SCWMssOS::"Running Make include in ps7_cortexa9_0/libsrc/usbps_v2_7/src"

TRACE::2026-04-26.19:49:51::SCWMssOS::make -C ps7_cortexa9_0/libsrc/usbps_v2_7/src -s include  "SHELL=CMD" "COMPILER=arm-none-eabi-gcc" "ASSEMBLER=arm-none-eabi-as" 
TRACE::2026-04-26.19:49:51::SCWMssOS::"ARCHIVER=arm-none-eabi-ar" "COMPILER_FLAGS=  -O2 -c" "EXTRA_COMPILER_FLAGS=-mcpu=cortex-a9 -mfpu=vfpv3 -mfloat-abi=hard -nosta
TRACE::2026-04-26.19:49:51::SCWMssOS::rtfiles -g -Wall -Wextra -fno-tree-loop-distribute-patterns"

TRACE::2026-04-26.19:49:51::SCWMssOS::"Running Make include in ps7_cortexa9_0/libsrc/xadcps_v2_6/src"

TRACE::2026-04-26.19:49:51::SCWMssOS::make -C ps7_cortexa9_0/libsrc/xadcps_v2_6/src -s include  "SHELL=CMD" "COMPILER=arm-none-eabi-gcc" "ASSEMBLER=arm-none-eabi-as"
TRACE::2026-04-26.19:49:51::SCWMssOS:: "ARCHIVER=arm-none-eabi-ar" "COMPILER_FLAGS=  -O2 -c" "EXTRA_COMPILER_FLAGS=-mcpu=cortex-a9 -mfpu=vfpv3 -mfloat-abi=hard -nost
TRACE::2026-04-26.19:49:51::SCWMssOS::artfiles -g -Wall -Wextra -fno-tree-loop-distribute-patterns"

TRACE::2026-04-26.19:49:51::SCWMssOS::"Running Make libs in ps7_cortexa9_0/libsrc/coresightps_dcc_v1_8/src"

TRACE::2026-04-26.19:49:51::SCWMssOS::make -C ps7_cortexa9_0/libsrc/coresightps_dcc_v1_8/src -s libs  "SHELL=CMD" "COMPILER=arm-none-eabi-gcc" "ASSEMBLER=arm-none-ea
TRACE::2026-04-26.19:49:51::SCWMssOS::bi-as" "ARCHIVER=arm-none-eabi-ar" "COMPILER_FLAGS=  -O2 -c" "EXTRA_COMPILER_FLAGS=-mcpu=cortex-a9 -mfpu=vfpv3 -mfloat-abi=hard
TRACE::2026-04-26.19:49:51::SCWMssOS:: -nostartfiles -g -Wall -Wextra -fno-tree-loop-distribute-patterns"

TRACE::2026-04-26.19:49:51::SCWMssOS::"Running Make libs in ps7_cortexa9_0/libsrc/cpu_cortexa9_v2_11/src"

TRACE::2026-04-26.19:49:51::SCWMssOS::make -C ps7_cortexa9_0/libsrc/cpu_cortexa9_v2_11/src -s libs  "SHELL=CMD" "COMPILER=arm-none-eabi-gcc" "ASSEMBLER=arm-none-eabi
TRACE::2026-04-26.19:49:51::SCWMssOS::-as" "ARCHIVER=arm-none-eabi-ar" "COMPILER_FLAGS=  -O2 -c" "EXTRA_COMPILER_FLAGS=-mcpu=cortex-a9 -mfpu=vfpv3 -mfloat-abi=hard -
TRACE::2026-04-26.19:49:51::SCWMssOS::nostartfiles -g -Wall -Wextra -fno-tree-loop-distribute-patterns"

TRACE::2026-04-26.19:49:51::SCWMssOS::"Running Make libs in ps7_cortexa9_0/libsrc/ddrps_v1_2/src"

TRACE::2026-04-26.19:49:51::SCWMssOS::make -C ps7_cortexa9_0/libsrc/ddrps_v1_2/src -s libs  "SHELL=CMD" "COMPILER=arm-none-eabi-gcc" "ASSEMBLER=arm-none-eabi-as" "AR
TRACE::2026-04-26.19:49:51::SCWMssOS::CHIVER=arm-none-eabi-ar" "COMPILER_FLAGS=  -O2 -c" "EXTRA_COMPILER_FLAGS=-mcpu=cortex-a9 -mfpu=vfpv3 -mfloat-abi=hard -nostartf
TRACE::2026-04-26.19:49:51::SCWMssOS::iles -g -Wall -Wextra -fno-tree-loop-distribute-patterns"

TRACE::2026-04-26.19:49:51::SCWMssOS::"Running Make libs in ps7_cortexa9_0/libsrc/devcfg_v3_7/src"

TRACE::2026-04-26.19:49:51::SCWMssOS::make -C ps7_cortexa9_0/libsrc/devcfg_v3_7/src -s libs  "SHELL=CMD" "COMPILER=arm-none-eabi-gcc" "ASSEMBLER=arm-none-eabi-as" "A
TRACE::2026-04-26.19:49:51::SCWMssOS::RCHIVER=arm-none-eabi-ar" "COMPILER_FLAGS=  -O2 -c" "EXTRA_COMPILER_FLAGS=-mcpu=cortex-a9 -mfpu=vfpv3 -mfloat-abi=hard -nostart
TRACE::2026-04-26.19:49:51::SCWMssOS::files -g -Wall -Wextra -fno-tree-loop-distribute-patterns"

TRACE::2026-04-26.19:49:51::SCWMssOS::"Running Make libs in ps7_cortexa9_0/libsrc/dmaps_v2_8/src"

TRACE::2026-04-26.19:49:52::SCWMssOS::make -C ps7_cortexa9_0/libsrc/dmaps_v2_8/src -s libs  "SHELL=CMD" "COMPILER=arm-none-eabi-gcc" "ASSEMBLER=arm-none-eabi-as" "AR
TRACE::2026-04-26.19:49:52::SCWMssOS::CHIVER=arm-none-eabi-ar" "COMPILER_FLAGS=  -O2 -c" "EXTRA_COMPILER_FLAGS=-mcpu=cortex-a9 -mfpu=vfpv3 -mfloat-abi=hard -nostartf
TRACE::2026-04-26.19:49:52::SCWMssOS::iles -g -Wall -Wextra -fno-tree-loop-distribute-patterns"

TRACE::2026-04-26.19:49:52::SCWMssOS::"Running Make libs in ps7_cortexa9_0/libsrc/emacps_v3_18/src"

TRACE::2026-04-26.19:49:52::SCWMssOS::make -C ps7_cortexa9_0/libsrc/emacps_v3_18/src -s libs  "SHELL=CMD" "COMPILER=arm-none-eabi-gcc" "ASSEMBLER=arm-none-eabi-as" "
TRACE::2026-04-26.19:49:52::SCWMssOS::ARCHIVER=arm-none-eabi-ar" "COMPILER_FLAGS=  -O2 -c" "EXTRA_COMPILER_FLAGS=-mcpu=cortex-a9 -mfpu=vfpv3 -mfloat-abi=hard -nostar
TRACE::2026-04-26.19:49:52::SCWMssOS::tfiles -g -Wall -Wextra -fno-tree-loop-distribute-patterns"

TRACE::2026-04-26.19:49:52::SCWMssOS::"Running Make libs in ps7_cortexa9_0/libsrc/gpiops_v3_11/src"

TRACE::2026-04-26.19:49:52::SCWMssOS::make -C ps7_cortexa9_0/libsrc/gpiops_v3_11/src -s libs  "SHELL=CMD" "COMPILER=arm-none-eabi-gcc" "ASSEMBLER=arm-none-eabi-as" "
TRACE::2026-04-26.19:49:52::SCWMssOS::ARCHIVER=arm-none-eabi-ar" "COMPILER_FLAGS=  -O2 -c" "EXTRA_COMPILER_FLAGS=-mcpu=cortex-a9 -mfpu=vfpv3 -mfloat-abi=hard -nostar
TRACE::2026-04-26.19:49:52::SCWMssOS::tfiles -g -Wall -Wextra -fno-tree-loop-distribute-patterns"

TRACE::2026-04-26.19:49:52::SCWMssOS::"Running Make libs in ps7_cortexa9_0/libsrc/gpio_v4_9/src"

TRACE::2026-04-26.19:49:52::SCWMssOS::make -C ps7_cortexa9_0/libsrc/gpio_v4_9/src -s libs  "SHELL=CMD" "COMPILER=arm-none-eabi-gcc" "ASSEMBLER=arm-none-eabi-as" "ARC
TRACE::2026-04-26.19:49:52::SCWMssOS::HIVER=arm-none-eabi-ar" "COMPILER_FLAGS=  -O2 -c" "EXTRA_COMPILER_FLAGS=-mcpu=cortex-a9 -mfpu=vfpv3 -mfloat-abi=hard -nostartfi
TRACE::2026-04-26.19:49:52::SCWMssOS::les -g -Wall -Wextra -fno-tree-loop-distribute-patterns"

TRACE::2026-04-26.19:49:52::SCWMssOS::"Running Make libs in ps7_cortexa9_0/libsrc/qspips_v3_10/src"

TRACE::2026-04-26.19:49:52::SCWMssOS::make -C ps7_cortexa9_0/libsrc/qspips_v3_10/src -s libs  "SHELL=CMD" "COMPILER=arm-none-eabi-gcc" "ASSEMBLER=arm-none-eabi-as" "
TRACE::2026-04-26.19:49:52::SCWMssOS::ARCHIVER=arm-none-eabi-ar" "COMPILER_FLAGS=  -O2 -c" "EXTRA_COMPILER_FLAGS=-mcpu=cortex-a9 -mfpu=vfpv3 -mfloat-abi=hard -nostar
TRACE::2026-04-26.19:49:52::SCWMssOS::tfiles -g -Wall -Wextra -fno-tree-loop-distribute-patterns"

TRACE::2026-04-26.19:49:52::SCWMssOS::"Running Make libs in ps7_cortexa9_0/libsrc/scugic_v5_1/src"

TRACE::2026-04-26.19:49:52::SCWMssOS::make -C ps7_cortexa9_0/libsrc/scugic_v5_1/src -s libs  "SHELL=CMD" "COMPILER=arm-none-eabi-gcc" "ASSEMBLER=arm-none-eabi-as" "A
TRACE::2026-04-26.19:49:52::SCWMssOS::RCHIVER=arm-none-eabi-ar" "COMPILER_FLAGS=  -O2 -c" "EXTRA_COMPILER_FLAGS=-mcpu=cortex-a9 -mfpu=vfpv3 -mfloat-abi=hard -nostart
TRACE::2026-04-26.19:49:52::SCWMssOS::files -g -Wall -Wextra -fno-tree-loop-distribute-patterns"

TRACE::2026-04-26.19:49:52::SCWMssOS::"Running Make libs in ps7_cortexa9_0/libsrc/scutimer_v2_4/src"

TRACE::2026-04-26.19:49:53::SCWMssOS::make -C ps7_cortexa9_0/libsrc/scutimer_v2_4/src -s libs  "SHELL=CMD" "COMPILER=arm-none-eabi-gcc" "ASSEMBLER=arm-none-eabi-as" 
TRACE::2026-04-26.19:49:53::SCWMssOS::"ARCHIVER=arm-none-eabi-ar" "COMPILER_FLAGS=  -O2 -c" "EXTRA_COMPILER_FLAGS=-mcpu=cortex-a9 -mfpu=vfpv3 -mfloat-abi=hard -nosta
TRACE::2026-04-26.19:49:53::SCWMssOS::rtfiles -g -Wall -Wextra -fno-tree-loop-distribute-patterns"

TRACE::2026-04-26.19:49:53::SCWMssOS::"Running Make libs in ps7_cortexa9_0/libsrc/scuwdt_v2_4/src"

TRACE::2026-04-26.19:49:53::SCWMssOS::make -C ps7_cortexa9_0/libsrc/scuwdt_v2_4/src -s libs  "SHELL=CMD" "COMPILER=arm-none-eabi-gcc" "ASSEMBLER=arm-none-eabi-as" "A
TRACE::2026-04-26.19:49:53::SCWMssOS::RCHIVER=arm-none-eabi-ar" "COMPILER_FLAGS=  -O2 -c" "EXTRA_COMPILER_FLAGS=-mcpu=cortex-a9 -mfpu=vfpv3 -mfloat-abi=hard -nostart
TRACE::2026-04-26.19:49:53::SCWMssOS::files -g -Wall -Wextra -fno-tree-loop-distribute-patterns"

TRACE::2026-04-26.19:49:53::SCWMssOS::"Running Make libs in ps7_cortexa9_0/libsrc/sdps_v4_1/src"

TRACE::2026-04-26.19:49:53::SCWMssOS::make -C ps7_cortexa9_0/libsrc/sdps_v4_1/src -s libs  "SHELL=CMD" "COMPILER=arm-none-eabi-gcc" "ASSEMBLER=arm-none-eabi-as" "ARC
TRACE::2026-04-26.19:49:53::SCWMssOS::HIVER=arm-none-eabi-ar" "COMPILER_FLAGS=  -O2 -c" "EXTRA_COMPILER_FLAGS=-mcpu=cortex-a9 -mfpu=vfpv3 -mfloat-abi=hard -nostartfi
TRACE::2026-04-26.19:49:53::SCWMssOS::les -g -Wall -Wextra -fno-tree-loop-distribute-patterns"

TRACE::2026-04-26.19:49:53::SCWMssOS::"Running Make libs in ps7_cortexa9_0/libsrc/standalone_v8_1/src"

TRACE::2026-04-26.19:49:53::SCWMssOS::make -C ps7_cortexa9_0/libsrc/standalone_v8_1/src -s libs  "SHELL=CMD" "COMPILER=arm-none-eabi-gcc" "ASSEMBLER=arm-none-eabi-as
TRACE::2026-04-26.19:49:53::SCWMssOS::" "ARCHIVER=arm-none-eabi-ar" "COMPILER_FLAGS=  -O2 -c" "EXTRA_COMPILER_FLAGS=-mcpu=cortex-a9 -mfpu=vfpv3 -mfloat-abi=hard -nos
TRACE::2026-04-26.19:49:53::SCWMssOS::tartfiles -g -Wall -Wextra -fno-tree-loop-distribute-patterns"

TRACE::2026-04-26.19:49:53::SCWMssOS::"Running Make libs in ps7_cortexa9_0/libsrc/uartps_v3_12/src"

TRACE::2026-04-26.19:49:53::SCWMssOS::make -C ps7_cortexa9_0/libsrc/uartps_v3_12/src -s libs  "SHELL=CMD" "COMPILER=arm-none-eabi-gcc" "ASSEMBLER=arm-none-eabi-as" "
TRACE::2026-04-26.19:49:53::SCWMssOS::ARCHIVER=arm-none-eabi-ar" "COMPILER_FLAGS=  -O2 -c" "EXTRA_COMPILER_FLAGS=-mcpu=cortex-a9 -mfpu=vfpv3 -mfloat-abi=hard -nostar
TRACE::2026-04-26.19:49:53::SCWMssOS::tfiles -g -Wall -Wextra -fno-tree-loop-distribute-patterns"

TRACE::2026-04-26.19:49:53::SCWMssOS::"Running Make libs in ps7_cortexa9_0/libsrc/usbps_v2_7/src"

TRACE::2026-04-26.19:49:53::SCWMssOS::make -C ps7_cortexa9_0/libsrc/usbps_v2_7/src -s libs  "SHELL=CMD" "COMPILER=arm-none-eabi-gcc" "ASSEMBLER=arm-none-eabi-as" "AR
TRACE::2026-04-26.19:49:53::SCWMssOS::CHIVER=arm-none-eabi-ar" "COMPILER_FLAGS=  -O2 -c" "EXTRA_COMPILER_FLAGS=-mcpu=cortex-a9 -mfpu=vfpv3 -mfloat-abi=hard -nostartf
TRACE::2026-04-26.19:49:53::SCWMssOS::iles -g -Wall -Wextra -fno-tree-loop-distribute-patterns"

TRACE::2026-04-26.19:49:54::SCWMssOS::"Running Make libs in ps7_cortexa9_0/libsrc/xadcps_v2_6/src"

TRACE::2026-04-26.19:49:54::SCWMssOS::make -C ps7_cortexa9_0/libsrc/xadcps_v2_6/src -s libs  "SHELL=CMD" "COMPILER=arm-none-eabi-gcc" "ASSEMBLER=arm-none-eabi-as" "A
TRACE::2026-04-26.19:49:54::SCWMssOS::RCHIVER=arm-none-eabi-ar" "COMPILER_FLAGS=  -O2 -c" "EXTRA_COMPILER_FLAGS=-mcpu=cortex-a9 -mfpu=vfpv3 -mfloat-abi=hard -nostart
TRACE::2026-04-26.19:49:54::SCWMssOS::files -g -Wall -Wextra -fno-tree-loop-distribute-patterns"

TRACE::2026-04-26.19:49:55::SCWMssOS::'Finished building libraries parallelly.'

TRACE::2026-04-26.19:49:55::SCWMssOS::make --no-print-directory archive

TRACE::2026-04-26.19:49:55::SCWMssOS::arm-none-eabi-ar -r  ps7_cortexa9_0/lib/libxil.a ps7_cortexa9_0/lib/_exit.o ps7_cortexa9_0/lib/_open.o ps7_cortexa9_0/lib/_sbrk
TRACE::2026-04-26.19:49:55::SCWMssOS::.o ps7_cortexa9_0/lib/abort.o ps7_cortexa9_0/lib/asm_vectors.o ps7_cortexa9_0/lib/boot.o ps7_cortexa9_0/lib/close.o ps7_cortexa
TRACE::2026-04-26.19:49:55::SCWMssOS::9_0/lib/cpputest_time.o ps7_cortexa9_0/lib/cpu_init.o ps7_cortexa9_0/lib/errno.o ps7_cortexa9_0/lib/fcntl.o ps7_cortexa9_0/lib/
TRACE::2026-04-26.19:49:55::SCWMssOS::fstat.o ps7_cortexa9_0/lib/getentropy.o ps7_cortexa9_0/lib/getpid.o ps7_cortexa9_0/lib/inbyte.o ps7_cortexa9_0/lib/isatty.o ps7
TRACE::2026-04-26.19:49:55::SCWMssOS::_cortexa9_0/lib/kill.o ps7_cortexa9_0/lib/lseek.o ps7_cortexa9_0/lib/open.o ps7_cortexa9_0/lib/outbyte.o ps7_cortexa9_0/lib/pri
TRACE::2026-04-26.19:49:55::SCWMssOS::nt.o ps7_cortexa9_0/lib/putnum.o ps7_cortexa9_0/lib/read.o ps7_cortexa9_0/lib/sbrk.o ps7_cortexa9_0/lib/sleep.o ps7_cortexa9_0/
TRACE::2026-04-26.19:49:55::SCWMssOS::lib/time.o ps7_cortexa9_0/lib/translation_table.o ps7_cortexa9_0/lib/unlink.o ps7_cortexa9_0/lib/usleep.o ps7_cortexa9_0/lib/ve
TRACE::2026-04-26.19:49:55::SCWMssOS::ctors.o ps7_cortexa9_0/lib/write.o ps7_cortexa9_0/lib/xadcps.o ps7_cortexa9_0/lib/xadcps_g.o ps7_cortexa9_0/lib/xadcps_intr.o p
TRACE::2026-04-26.19:49:55::SCWMssOS::s7_cortexa9_0/lib/xadcps_selftest.o ps7_cortexa9_0/lib/xadcps_sinit.o ps7_cortexa9_0/lib/xcoresightpsdcc.o ps7_cortexa9_0/lib/x
TRACE::2026-04-26.19:49:55::SCWMssOS::devcfg.o ps7_cortexa9_0/lib/xdevcfg_g.o ps7_cortexa9_0/lib/xdevcfg_hw.o ps7_cortexa9_0/lib/xdevcfg_intr.o ps7_cortexa9_0/lib/xd
TRACE::2026-04-26.19:49:55::SCWMssOS::evcfg_selftest.o ps7_cortexa9_0/lib/xdevcfg_sinit.o ps7_cortexa9_0/lib/xdmaps.o ps7_cortexa9_0/lib/xdmaps_g.o ps7_cortexa9_0/li
TRACE::2026-04-26.19:49:55::SCWMssOS::b/xdmaps_hw.o ps7_cortexa9_0/lib/xdmaps_selftest.o ps7_cortexa9_0/lib/xdmaps_sinit.o ps7_cortexa9_0/lib/xemacps.o ps7_cortexa9_
TRACE::2026-04-26.19:49:55::SCWMssOS::0/lib/xemacps_bdring.o ps7_cortexa9_0/lib/xemacps_control.o ps7_cortexa9_0/lib/xemacps_g.o ps7_cortexa9_0/lib/xemacps_hw.o ps7_
TRACE::2026-04-26.19:49:55::SCWMssOS::cortexa9_0/lib/xemacps_intr.o ps7_cortexa9_0/lib/xemacps_sinit.o ps7_cortexa9_0/lib/xgpio.o ps7_cortexa9_0/lib/xgpio_extra.o ps
TRACE::2026-04-26.19:49:55::SCWMssOS::7_cortexa9_0/lib/xgpio_g.o ps7_cortexa9_0/lib/xgpio_intr.o ps7_cortexa9_0/lib/xgpio_selftest.o ps7_cortexa9_0/lib/xgpio_sinit.o
TRACE::2026-04-26.19:49:55::SCWMssOS:: ps7_cortexa9_0/lib/xgpiops.o ps7_cortexa9_0/lib/xgpiops_g.o ps7_cortexa9_0/lib/xgpiops_hw.o ps7_cortexa9_0/lib/xgpiops_intr.o 
TRACE::2026-04-26.19:49:55::SCWMssOS::ps7_cortexa9_0/lib/xgpiops_selftest.o ps7_cortexa9_0/lib/xgpiops_sinit.o ps7_cortexa9_0/lib/xil-crt0.o ps7_cortexa9_0/lib/xil_a
TRACE::2026-04-26.19:49:55::SCWMssOS::ssert.o ps7_cortexa9_0/lib/xil_cache.o ps7_cortexa9_0/lib/xil_clocking.o ps7_cortexa9_0/lib/xil_exception.o ps7_cortexa9_0/lib/
TRACE::2026-04-26.19:49:55::SCWMssOS::xil_mem.o ps7_cortexa9_0/lib/xil_misc_psreset_api.o ps7_cortexa9_0/lib/xil_mmu.o ps7_cortexa9_0/lib/xil_printf.o ps7_cortexa9_0
TRACE::2026-04-26.19:49:55::SCWMssOS::/lib/xil_sleepcommon.o ps7_cortexa9_0/lib/xil_sleeptimer.o ps7_cortexa9_0/lib/xil_spinlock.o ps7_cortexa9_0/lib/xil_testcache.o
TRACE::2026-04-26.19:49:55::SCWMssOS:: ps7_cortexa9_0/lib/xil_testio.o ps7_cortexa9_0/lib/xil_testmem.o ps7_cortexa9_0/lib/xil_util.o ps7_cortexa9_0/lib/xinterrupt_w
TRACE::2026-04-26.19:49:55::SCWMssOS::rap.o ps7_cortexa9_0/lib/xl2cc_counter.o ps7_cortexa9_0/lib/xplatform_info.o ps7_cortexa9_0/lib/xpm_counter.o ps7_cortexa9_0/li
TRACE::2026-04-26.19:49:55::SCWMssOS::b/xqspips.o ps7_cortexa9_0/lib/xqspips_g.o ps7_cortexa9_0/lib/xqspips_hw.o ps7_cortexa9_0/lib/xqspips_options.o ps7_cortexa9_0/
TRACE::2026-04-26.19:49:55::SCWMssOS::lib/xqspips_selftest.o ps7_cortexa9_0/lib/xqspips_sinit.o ps7_cortexa9_0/lib/xscugic.o ps7_cortexa9_0/lib/xscugic_g.o ps7_corte
TRACE::2026-04-26.19:49:55::SCWMssOS::xa9_0/lib/xscugic_hw.o ps7_cortexa9_0/lib/xscugic_intr.o ps7_cortexa9_0/lib/xscugic_selftest.o ps7_cortexa9_0/lib/xscugic_sinit
TRACE::2026-04-26.19:49:55::SCWMssOS::.o ps7_cortexa9_0/lib/xscutimer.o ps7_cortexa9_0/lib/xscutimer_g.o ps7_cortexa9_0/lib/xscutimer_selftest.o ps7_cortexa9_0/lib/x
TRACE::2026-04-26.19:49:55::SCWMssOS::scutimer_sinit.o ps7_cortexa9_0/lib/xscuwdt.o ps7_cortexa9_0/lib/xscuwdt_g.o ps7_cortexa9_0/lib/xscuwdt_selftest.o ps7_cortexa9
TRACE::2026-04-26.19:49:55::SCWMssOS::_0/lib/xscuwdt_sinit.o ps7_cortexa9_0/lib/xsdps.o ps7_cortexa9_0/lib/xsdps_card.o ps7_cortexa9_0/lib/xsdps_g.o ps7_cortexa9_0/l
TRACE::2026-04-26.19:49:55::SCWMssOS::ib/xsdps_host.o ps7_cortexa9_0/lib/xsdps_options.o ps7_cortexa9_0/lib/xsdps_sinit.o ps7_cortexa9_0/lib/xtime_l.o ps7_cortexa9_0
TRACE::2026-04-26.19:49:55::SCWMssOS::/lib/xuartps.o ps7_cortexa9_0/lib/xuartps_g.o ps7_cortexa9_0/lib/xuartps_hw.o ps7_cortexa9_0/lib/xuartps_intr.o ps7_cortexa9_0/
TRACE::2026-04-26.19:49:55::SCWMssOS::lib/xuartps_options.o ps7_cortexa9_0/lib/xuartps_selftest.o ps7_cortexa9_0/lib/xuartps_sinit.o ps7_cortexa9_0/lib/xusbps.o ps7_
TRACE::2026-04-26.19:49:55::SCWMssOS::cortexa9_0/lib/xusbps_endpoint.o ps7_cortexa9_0/lib/xusbps_g.o ps7_cortexa9_0/lib/xusbps_hw.o ps7_cortexa9_0/lib/xusbps_intr.o 
TRACE::2026-04-26.19:49:55::SCWMssOS::ps7_cortexa9_0/lib/xusbps_sinit.o

TRACE::2026-04-26.19:49:55::SCWMssOS::'Finished building libraries'

TRACE::2026-04-26.19:49:55::SCWMssOS:: Checking if to create the Supporting Applications
TRACE::2026-04-26.19:49:55::SCWMssOS:: No Linux domain exists, trying to generate FSBL 
LOG::2026-04-26.19:49:55::SCWSystem::Completed Processing the domain standalone_domain
LOG::2026-04-26.19:49:55::SCWSystem::Completed Processing the sysconfig signal_detect_platform
LOG::2026-04-26.19:49:55::SCWPlatform::Completed generating the artifacts for system configuration signal_detect_platform
TRACE::2026-04-26.19:49:55::SCWPlatform::Started preparing the platform 
TRACE::2026-04-26.19:49:55::SCWSystem::Writing the bif file for system config signal_detect_platform
TRACE::2026-04-26.19:49:55::SCWSystem::dir created 
TRACE::2026-04-26.19:49:55::SCWSystem::Writing the bif 
TRACE::2026-04-26.19:49:55::SCWPlatform::Started writing the spfm file 
TRACE::2026-04-26.19:49:55::SCWPlatform::Started writing the xpfm file 
TRACE::2026-04-26.19:49:55::SCWPlatform::Completed generating the platform
TRACE::2026-04-26.19:49:55::SCWMssOS::Saving the mss changes C:/Users/suren/Documents/ECE_520/Final_Project/Sandbox/signal_detect_vitis/signal_detect_platform/zynq_fsbl/zynq_fsbl_bsp/system.mss
TRACE::2026-04-26.19:49:55::SCWMssOS::Found a swdesign opened with the mssfile.
TRACE::2026-04-26.19:49:55::SCWMssOS::Completed writemss as part of save.
TRACE::2026-04-26.19:49:55::SCWMssOS::Commit changes completed.
TRACE::2026-04-26.19:49:55::SCWMssOS::Saving the mss changes C:/Users/suren/Documents/ECE_520/Final_Project/Sandbox/signal_detect_vitis/signal_detect_platform/ps7_cortexa9_0/standalone_domain/bsp/system.mss
TRACE::2026-04-26.19:49:55::SCWMssOS::Adding the swdes entry, mss present, able to open swdb C:/Users/suren/Documents/ECE_520/Final_Project/Sandbox/signal_detect_vitis/signal_detect_platform/ps7_cortexa9_0/standalone_domain/bsp/system.mss with des name system_0
TRACE::2026-04-26.19:49:55::SCWMssOS::Writing the mss file completed C:/Users/suren/Documents/ECE_520/Final_Project/Sandbox/signal_detect_vitis/signal_detect_platform/ps7_cortexa9_0/standalone_domain/bsp/system.mss
TRACE::2026-04-26.19:49:55::SCWMssOS::Commit changes completed.
TRACE::2026-04-26.19:49:55::SCWPlatform::Trying to open the hw design at C:/Users/suren/Documents/ECE_520/Final_Project/Sandbox/signal_detect_vitis/signal_detect_platform/hw/signal_detect_bd_wrapper.xsa
TRACE::2026-04-26.19:49:55::SCWPlatform::DSA given C:/Users/suren/Documents/ECE_520/Final_Project/Sandbox/signal_detect_vitis/signal_detect_platform/hw/signal_detect_bd_wrapper.xsa
TRACE::2026-04-26.19:49:55::SCWPlatform::DSA absoulate path C:/Users/suren/Documents/ECE_520/Final_Project/Sandbox/signal_detect_vitis/signal_detect_platform/hw/signal_detect_bd_wrapper.xsa
TRACE::2026-04-26.19:49:55::SCWPlatform::DSA directory C:/Users/suren/Documents/ECE_520/Final_Project/Sandbox/signal_detect_vitis/signal_detect_platform/hw
TRACE::2026-04-26.19:49:55::SCWPlatform:: Platform Path C:/Users/suren/Documents/ECE_520/Final_Project/Sandbox/signal_detect_vitis/signal_detect_platform/hw/signal_detect_bd_wrapper.xsa
TRACE::2026-04-26.19:49:55::SCWPlatform:: Unique name xilinx:zybo-z7-10::0.0
TRACE::2026-04-26.19:49:55::SCWPlatform::Trying to set the existing hwdb with name signal_detect_bd_wrapper_27
TRACE::2026-04-26.19:49:55::SCWPlatform::Opened existing hwdb signal_detect_bd_wrapper_27
TRACE::2026-04-26.19:49:55::SCWPlatform::Found the Hw Db part of the input DSA
TRACE::2026-04-26.19:49:55::SCWMssOS::Checking the sw design at  C:/Users/suren/Documents/ECE_520/Final_Project/Sandbox/signal_detect_vitis/signal_detect_platform/zynq_fsbl/zynq_fsbl_bsp/system.mss
TRACE::2026-04-26.19:49:55::SCWMssOS::DEBUG:  swdes dump  C:/Users/suren/Documents/ECE_520/Final_Project/Sandbox/signal_detect_vitis/signal_detect_platform/ps7_cortexa9_0/standalone_domain/bsp/system.mss|system_0||
C:/Users/suren/Documents/ECE_520/Final_Project/Sandbox/signal_detect_vitis/signal_detect_platform/zynq_fsbl/zynq_fsbl_bsp/system.mss|system||

TRACE::2026-04-26.19:49:55::SCWMssOS::Sw design exists and opened at  C:/Users/suren/Documents/ECE_520/Final_Project/Sandbox/signal_detect_vitis/signal_detect_platform/zynq_fsbl/zynq_fsbl_bsp/system.mss
TRACE::2026-04-26.19:49:55::SCWPlatform::Trying to open the hw design at C:/Users/suren/Documents/ECE_520/Final_Project/Sandbox/signal_detect_vitis/signal_detect_platform/hw/signal_detect_bd_wrapper.xsa
TRACE::2026-04-26.19:49:55::SCWPlatform::DSA given C:/Users/suren/Documents/ECE_520/Final_Project/Sandbox/signal_detect_vitis/signal_detect_platform/hw/signal_detect_bd_wrapper.xsa
TRACE::2026-04-26.19:49:55::SCWPlatform::DSA absoulate path C:/Users/suren/Documents/ECE_520/Final_Project/Sandbox/signal_detect_vitis/signal_detect_platform/hw/signal_detect_bd_wrapper.xsa
TRACE::2026-04-26.19:49:55::SCWPlatform::DSA directory C:/Users/suren/Documents/ECE_520/Final_Project/Sandbox/signal_detect_vitis/signal_detect_platform/hw
TRACE::2026-04-26.19:49:55::SCWPlatform:: Platform Path C:/Users/suren/Documents/ECE_520/Final_Project/Sandbox/signal_detect_vitis/signal_detect_platform/hw/signal_detect_bd_wrapper.xsa
TRACE::2026-04-26.19:49:55::SCWPlatform:: Unique name xilinx:zybo-z7-10::0.0
TRACE::2026-04-26.19:49:55::SCWPlatform::Trying to set the existing hwdb with name signal_detect_bd_wrapper_27
TRACE::2026-04-26.19:49:55::SCWPlatform::Opened existing hwdb signal_detect_bd_wrapper_27
TRACE::2026-04-26.19:49:55::SCWPlatform::Found the Hw Db part of the input DSA
TRACE::2026-04-26.19:49:55::SCWMssOS::Checking the sw design at  C:/Users/suren/Documents/ECE_520/Final_Project/Sandbox/signal_detect_vitis/signal_detect_platform/ps7_cortexa9_0/standalone_domain/bsp/system.mss
TRACE::2026-04-26.19:49:55::SCWMssOS::DEBUG:  swdes dump  C:/Users/suren/Documents/ECE_520/Final_Project/Sandbox/signal_detect_vitis/signal_detect_platform/ps7_cortexa9_0/standalone_domain/bsp/system.mss|system_0||
C:/Users/suren/Documents/ECE_520/Final_Project/Sandbox/signal_detect_vitis/signal_detect_platform/zynq_fsbl/zynq_fsbl_bsp/system.mss|system||

TRACE::2026-04-26.19:49:55::SCWMssOS::Sw design exists and opened at  C:/Users/suren/Documents/ECE_520/Final_Project/Sandbox/signal_detect_vitis/signal_detect_platform/ps7_cortexa9_0/standalone_domain/bsp/system.mss
TRACE::2026-04-26.19:49:55::SCWWriter::formatted JSON is {
	"platformName":	"signal_detect_platform",
	"sprVersion":	"2.0",
	"mode":	"gui",
	"dsaType":	"Fixed",
	"platformDesc":	"signal_detect_platform",
	"platHandOff":	"C:/Users/suren/Documents/ECE_520/Final_Project/Sandbox/signal_detect_sb/signal_detect_bd_wrapper.xsa",
	"platIntHandOff":	"<platformDir>/hw/signal_detect_bd_wrapper.xsa",
	"deviceType":	"zynq",
	"platIsPrebuiltAutogen":	"false",
	"platIsNoBootBsp":	"false",
	"hasFsblMakeHasChanges":	"false",
	"hasPmufwMakeHasChanges":	"false",
	"fsblExtraCompilerFlags":	"-MMD -MP       -mcpu=cortex-a9 -mfpu=vfpv3 -mfloat-abi=hard ",
	"platPreBuiltFlag":	false,
	"platformSamplesDir":	"",
	"platActiveSys":	"signal_detect_platform",
	"systems":	[{
			"systemName":	"signal_detect_platform",
			"systemDesc":	"signal_detect_platform",
			"sysIsBootAutoGen":	"true",
			"systemDispName":	"signal_detect_platform",
			"sysActiveDom":	"standalone_domain",
			"sysDefaultDom":	"standalone_domain",
			"domains":	[{
					"domainName":	"zynq_fsbl",
					"domainDispName":	"zynq_fsbl",
					"domainDesc":	"FSBL Application BSP - Auto Generated.",
					"processors":	"ps7_cortexa9_0",
					"os":	"standalone",
					"sdxOs":	"standalone",
					"debugEnable":	"",
					"domRuntimes":	["cpp"],
					"swRepo":	"",
					"mssOsVer":	"8.1",
					"mssFile":	"",
					"md5Digest":	"24e81f5df4a1b28986eb4269e22351fe1",
					"compatibleApp":	"zynq_fsbl",
					"domType":	"bootDomain",
					"arch":	"32-bit",
					"appSettings":	{
						"appCompilerFlags":	"",
						"appLinkerFlags":	""
					},
					"addedLibs":	["xilffs:5.0", "xilrsa:1.6"],
					"libOptions":	{
						"libsContainingOptions":	[]
					},
					"prebuiltLibs":	{
						"prebuiltIncPath":	[],
						"prebuiltLibPath":	[]
					},
					"isolation":	{
					}
				}, {
					"domainName":	"standalone_domain",
					"domainDispName":	"standalone on ps7_cortexa9_0",
					"domainDesc":	"standalone_domain",
					"processors":	"ps7_cortexa9_0",
					"os":	"standalone",
					"sdxOs":	"standalone",
					"qemuArgs":	"<platformDir>/resources/signal_detect_platform/standalone_domain/qemu_args.txt",
					"qemuData":	"<platformDir>/resources/signal_detect_platform/standalone_domain/qemu",
					"debugEnable":	"False",
					"domRuntimes":	["cpp"],
					"swRepo":	"",
					"mssOsVer":	"8.1",
					"mssFile":	"",
					"md5Digest":	"9d9647dd92d7d30efd40c762a4ad2096",
					"compatibleApp":	"",
					"domType":	"mssDomain",
					"appSettings":	{
						"appCompilerFlags":	"",
						"appLinkerFlags":	""
					},
					"addedLibs":	[],
					"libOptions":	{
						"libsContainingOptions":	[]
					},
					"prebuiltLibs":	{
						"prebuiltIncPath":	[],
						"prebuiltLibPath":	[]
					},
					"isolation":	{
					}
				}]
		}]
}
KEYINFO::2026-04-26.19:49:55::SCWPlatform::updated the xpfm file.
TRACE::2026-04-26.19:49:55::SCWPlatform::Trying to open the hw design at C:/Users/suren/Documents/ECE_520/Final_Project/Sandbox/signal_detect_vitis/signal_detect_platform/hw/signal_detect_bd_wrapper.xsa
TRACE::2026-04-26.19:49:55::SCWPlatform::DSA given C:/Users/suren/Documents/ECE_520/Final_Project/Sandbox/signal_detect_vitis/signal_detect_platform/hw/signal_detect_bd_wrapper.xsa
TRACE::2026-04-26.19:49:55::SCWPlatform::DSA absoulate path C:/Users/suren/Documents/ECE_520/Final_Project/Sandbox/signal_detect_vitis/signal_detect_platform/hw/signal_detect_bd_wrapper.xsa
TRACE::2026-04-26.19:49:55::SCWPlatform::DSA directory C:/Users/suren/Documents/ECE_520/Final_Project/Sandbox/signal_detect_vitis/signal_detect_platform/hw
TRACE::2026-04-26.19:49:55::SCWPlatform:: Platform Path C:/Users/suren/Documents/ECE_520/Final_Project/Sandbox/signal_detect_vitis/signal_detect_platform/hw/signal_detect_bd_wrapper.xsa
TRACE::2026-04-26.19:49:55::SCWPlatform:: Unique name xilinx:zybo-z7-10::0.0
TRACE::2026-04-26.19:49:55::SCWPlatform::Trying to set the existing hwdb with name signal_detect_bd_wrapper_27
TRACE::2026-04-26.19:49:55::SCWPlatform::Opened existing hwdb signal_detect_bd_wrapper_27
TRACE::2026-04-26.19:49:55::SCWPlatform::Found the Hw Db part of the input DSA
TRACE::2026-04-26.19:49:55::SCWMssOS::Checking the sw design at  C:/Users/suren/Documents/ECE_520/Final_Project/Sandbox/signal_detect_vitis/signal_detect_platform/ps7_cortexa9_0/standalone_domain/bsp/system.mss
TRACE::2026-04-26.19:49:55::SCWMssOS::DEBUG:  swdes dump  C:/Users/suren/Documents/ECE_520/Final_Project/Sandbox/signal_detect_vitis/signal_detect_platform/ps7_cortexa9_0/standalone_domain/bsp/system.mss|system_0||
C:/Users/suren/Documents/ECE_520/Final_Project/Sandbox/signal_detect_vitis/signal_detect_platform/zynq_fsbl/zynq_fsbl_bsp/system.mss|system||

TRACE::2026-04-26.19:49:55::SCWMssOS::Sw design exists and opened at  C:/Users/suren/Documents/ECE_520/Final_Project/Sandbox/signal_detect_vitis/signal_detect_platform/ps7_cortexa9_0/standalone_domain/bsp/system.mss
TRACE::2026-04-26.19:57:27::SCWPlatform::DSA given C:/Users/suren/Documents/ECE_520/Final_Project/Sandbox/signal_detect_vitis/signal_detect_platform/tempdsa/signal_detect_bd_wrapper.xsa
TRACE::2026-04-26.19:57:27::SCWPlatform::DSA absoulate path C:/Users/suren/Documents/ECE_520/Final_Project/Sandbox/signal_detect_vitis/signal_detect_platform/tempdsa/signal_detect_bd_wrapper.xsa
TRACE::2026-04-26.19:57:27::SCWPlatform:: Platform location is C:/Users/suren/Documents/ECE_520/Final_Project/Sandbox/signal_detect_vitis/signal_detect_platform/tempdsa
TRACE::2026-04-26.19:57:27::SCWPlatform:: Platform Path C:/Users/suren/Documents/ECE_520/Final_Project/Sandbox/signal_detect_vitis/signal_detect_platform/tempdsa/signal_detect_bd_wrapper.xsa
TRACE::2026-04-26.19:57:27::SCWPlatform:: Unique name xilinx:zybo-z7-10::0.0
TRACE::2026-04-26.19:57:28::SCWPlatform::Found the Hw Db part of the input DSA
TRACE::2026-04-26.19:57:28::SCWMssOS::Doing hw sync for the mss in domain: zynq_fsbl
TRACE::2026-04-26.19:57:28::SCWPlatform::Trying to open the hw design at C:/Users/suren/Documents/ECE_520/Final_Project/Sandbox/signal_detect_vitis/signal_detect_platform/hw/signal_detect_bd_wrapper.xsa
TRACE::2026-04-26.19:57:28::SCWPlatform::DSA given C:/Users/suren/Documents/ECE_520/Final_Project/Sandbox/signal_detect_vitis/signal_detect_platform/hw/signal_detect_bd_wrapper.xsa
TRACE::2026-04-26.19:57:28::SCWPlatform::DSA absoulate path C:/Users/suren/Documents/ECE_520/Final_Project/Sandbox/signal_detect_vitis/signal_detect_platform/hw/signal_detect_bd_wrapper.xsa
TRACE::2026-04-26.19:57:28::SCWPlatform::DSA directory C:/Users/suren/Documents/ECE_520/Final_Project/Sandbox/signal_detect_vitis/signal_detect_platform/hw
TRACE::2026-04-26.19:57:28::SCWPlatform:: Platform Path C:/Users/suren/Documents/ECE_520/Final_Project/Sandbox/signal_detect_vitis/signal_detect_platform/hw/signal_detect_bd_wrapper.xsa
TRACE::2026-04-26.19:57:28::SCWPlatform:: Unique name xilinx:zybo-z7-10::0.0
TRACE::2026-04-26.19:57:28::SCWPlatform::Trying to set the existing hwdb with name signal_detect_bd_wrapper_27
TRACE::2026-04-26.19:57:28::SCWPlatform::Opened existing hwdb signal_detect_bd_wrapper_27
TRACE::2026-04-26.19:57:28::SCWPlatform::Found the Hw Db part of the input DSA
TRACE::2026-04-26.19:57:28::SCWPlatform::Trying to open the hw design at C:/Users/suren/Documents/ECE_520/Final_Project/Sandbox/signal_detect_vitis/signal_detect_platform/hw/signal_detect_bd_wrapper.xsa
TRACE::2026-04-26.19:57:28::SCWPlatform::DSA given C:/Users/suren/Documents/ECE_520/Final_Project/Sandbox/signal_detect_vitis/signal_detect_platform/hw/signal_detect_bd_wrapper.xsa
TRACE::2026-04-26.19:57:28::SCWPlatform::DSA absoulate path C:/Users/suren/Documents/ECE_520/Final_Project/Sandbox/signal_detect_vitis/signal_detect_platform/hw/signal_detect_bd_wrapper.xsa
TRACE::2026-04-26.19:57:28::SCWPlatform::DSA directory C:/Users/suren/Documents/ECE_520/Final_Project/Sandbox/signal_detect_vitis/signal_detect_platform/hw
TRACE::2026-04-26.19:57:28::SCWPlatform:: Platform Path C:/Users/suren/Documents/ECE_520/Final_Project/Sandbox/signal_detect_vitis/signal_detect_platform/hw/signal_detect_bd_wrapper.xsa
TRACE::2026-04-26.19:57:28::SCWPlatform:: Unique name xilinx:zybo-z7-10::0.0
TRACE::2026-04-26.19:57:28::SCWPlatform::Trying to set the existing hwdb with name signal_detect_bd_wrapper_27
TRACE::2026-04-26.19:57:28::SCWPlatform::Opened existing hwdb signal_detect_bd_wrapper_27
TRACE::2026-04-26.19:57:28::SCWPlatform::Found the Hw Db part of the input DSA
TRACE::2026-04-26.19:57:28::SCWMssOS::Checking the sw design at  C:/Users/suren/Documents/ECE_520/Final_Project/Sandbox/signal_detect_vitis/signal_detect_platform/zynq_fsbl/zynq_fsbl_bsp/system.mss
TRACE::2026-04-26.19:57:28::SCWMssOS::DEBUG:  swdes dump  C:/Users/suren/Documents/ECE_520/Final_Project/Sandbox/signal_detect_vitis/signal_detect_platform/ps7_cortexa9_0/standalone_domain/bsp/system.mss|system_0||
C:/Users/suren/Documents/ECE_520/Final_Project/Sandbox/signal_detect_vitis/signal_detect_platform/zynq_fsbl/zynq_fsbl_bsp/system.mss|system||

TRACE::2026-04-26.19:57:28::SCWMssOS::Sw design exists and opened at  C:/Users/suren/Documents/ECE_520/Final_Project/Sandbox/signal_detect_vitis/signal_detect_platform/zynq_fsbl/zynq_fsbl_bsp/system.mss
TRACE::2026-04-26.19:57:28::SCWPlatform::Trying to open the hw design at C:/Users/suren/Documents/ECE_520/Final_Project/Sandbox/signal_detect_vitis/signal_detect_platform/tempdsa/signal_detect_bd_wrapper.xsa
TRACE::2026-04-26.19:57:28::SCWPlatform::DSA given C:/Users/suren/Documents/ECE_520/Final_Project/Sandbox/signal_detect_vitis/signal_detect_platform/tempdsa/signal_detect_bd_wrapper.xsa
TRACE::2026-04-26.19:57:28::SCWPlatform::DSA absoulate path C:/Users/suren/Documents/ECE_520/Final_Project/Sandbox/signal_detect_vitis/signal_detect_platform/tempdsa/signal_detect_bd_wrapper.xsa
TRACE::2026-04-26.19:57:28::SCWPlatform::DSA directory C:/Users/suren/Documents/ECE_520/Final_Project/Sandbox/signal_detect_vitis/signal_detect_platform/tempdsa
TRACE::2026-04-26.19:57:28::SCWPlatform:: Platform Path C:/Users/suren/Documents/ECE_520/Final_Project/Sandbox/signal_detect_vitis/signal_detect_platform/tempdsa/signal_detect_bd_wrapper.xsa
TRACE::2026-04-26.19:57:28::SCWPlatform:: Unique name xilinx:zybo-z7-10::0.0
TRACE::2026-04-26.19:57:28::SCWPlatform::update - Opened existing hwdb signal_detect_bd_wrapper_29
TRACE::2026-04-26.19:57:28::SCWPlatform::Found the Hw Db part of the input DSA
TRACE::2026-04-26.19:57:28::SCWMssOS::Doing hw sync for the mss in domain: standalone_domain
TRACE::2026-04-26.19:57:28::SCWPlatform::Trying to open the hw design at C:/Users/suren/Documents/ECE_520/Final_Project/Sandbox/signal_detect_vitis/signal_detect_platform/hw/signal_detect_bd_wrapper.xsa
TRACE::2026-04-26.19:57:28::SCWPlatform::DSA given C:/Users/suren/Documents/ECE_520/Final_Project/Sandbox/signal_detect_vitis/signal_detect_platform/hw/signal_detect_bd_wrapper.xsa
TRACE::2026-04-26.19:57:28::SCWPlatform::DSA absoulate path C:/Users/suren/Documents/ECE_520/Final_Project/Sandbox/signal_detect_vitis/signal_detect_platform/hw/signal_detect_bd_wrapper.xsa
TRACE::2026-04-26.19:57:28::SCWPlatform::DSA directory C:/Users/suren/Documents/ECE_520/Final_Project/Sandbox/signal_detect_vitis/signal_detect_platform/hw
TRACE::2026-04-26.19:57:28::SCWPlatform:: Platform Path C:/Users/suren/Documents/ECE_520/Final_Project/Sandbox/signal_detect_vitis/signal_detect_platform/hw/signal_detect_bd_wrapper.xsa
TRACE::2026-04-26.19:57:28::SCWPlatform:: Unique name xilinx:zybo-z7-10::0.0
TRACE::2026-04-26.19:57:28::SCWPlatform::Trying to set the existing hwdb with name signal_detect_bd_wrapper_27
TRACE::2026-04-26.19:57:28::SCWPlatform::Opened existing hwdb signal_detect_bd_wrapper_27
TRACE::2026-04-26.19:57:28::SCWPlatform::Found the Hw Db part of the input DSA
TRACE::2026-04-26.19:57:28::SCWPlatform::Trying to open the hw design at C:/Users/suren/Documents/ECE_520/Final_Project/Sandbox/signal_detect_vitis/signal_detect_platform/hw/signal_detect_bd_wrapper.xsa
TRACE::2026-04-26.19:57:28::SCWPlatform::DSA given C:/Users/suren/Documents/ECE_520/Final_Project/Sandbox/signal_detect_vitis/signal_detect_platform/hw/signal_detect_bd_wrapper.xsa
TRACE::2026-04-26.19:57:28::SCWPlatform::DSA absoulate path C:/Users/suren/Documents/ECE_520/Final_Project/Sandbox/signal_detect_vitis/signal_detect_platform/hw/signal_detect_bd_wrapper.xsa
TRACE::2026-04-26.19:57:28::SCWPlatform::DSA directory C:/Users/suren/Documents/ECE_520/Final_Project/Sandbox/signal_detect_vitis/signal_detect_platform/hw
TRACE::2026-04-26.19:57:28::SCWPlatform:: Platform Path C:/Users/suren/Documents/ECE_520/Final_Project/Sandbox/signal_detect_vitis/signal_detect_platform/hw/signal_detect_bd_wrapper.xsa
TRACE::2026-04-26.19:57:28::SCWPlatform:: Unique name xilinx:zybo-z7-10::0.0
TRACE::2026-04-26.19:57:28::SCWPlatform::Trying to set the existing hwdb with name signal_detect_bd_wrapper_27
TRACE::2026-04-26.19:57:28::SCWPlatform::Opened existing hwdb signal_detect_bd_wrapper_27
TRACE::2026-04-26.19:57:28::SCWPlatform::Found the Hw Db part of the input DSA
TRACE::2026-04-26.19:57:28::SCWMssOS::Checking the sw design at  C:/Users/suren/Documents/ECE_520/Final_Project/Sandbox/signal_detect_vitis/signal_detect_platform/ps7_cortexa9_0/standalone_domain/bsp/system.mss
TRACE::2026-04-26.19:57:28::SCWMssOS::DEBUG:  swdes dump  C:/Users/suren/Documents/ECE_520/Final_Project/Sandbox/signal_detect_vitis/signal_detect_platform/ps7_cortexa9_0/standalone_domain/bsp/system.mss|system_0||
C:/Users/suren/Documents/ECE_520/Final_Project/Sandbox/signal_detect_vitis/signal_detect_platform/zynq_fsbl/zynq_fsbl_bsp/system.mss|system||

TRACE::2026-04-26.19:57:28::SCWMssOS::Sw design exists and opened at  C:/Users/suren/Documents/ECE_520/Final_Project/Sandbox/signal_detect_vitis/signal_detect_platform/ps7_cortexa9_0/standalone_domain/bsp/system.mss
TRACE::2026-04-26.19:57:28::SCWPlatform::Trying to open the hw design at C:/Users/suren/Documents/ECE_520/Final_Project/Sandbox/signal_detect_vitis/signal_detect_platform/tempdsa/signal_detect_bd_wrapper.xsa
TRACE::2026-04-26.19:57:28::SCWPlatform::DSA given C:/Users/suren/Documents/ECE_520/Final_Project/Sandbox/signal_detect_vitis/signal_detect_platform/tempdsa/signal_detect_bd_wrapper.xsa
TRACE::2026-04-26.19:57:28::SCWPlatform::DSA absoulate path C:/Users/suren/Documents/ECE_520/Final_Project/Sandbox/signal_detect_vitis/signal_detect_platform/tempdsa/signal_detect_bd_wrapper.xsa
TRACE::2026-04-26.19:57:28::SCWPlatform::DSA directory C:/Users/suren/Documents/ECE_520/Final_Project/Sandbox/signal_detect_vitis/signal_detect_platform/tempdsa
TRACE::2026-04-26.19:57:28::SCWPlatform:: Platform Path C:/Users/suren/Documents/ECE_520/Final_Project/Sandbox/signal_detect_vitis/signal_detect_platform/tempdsa/signal_detect_bd_wrapper.xsa
TRACE::2026-04-26.19:57:28::SCWPlatform:: Unique name xilinx:zybo-z7-10::0.0
TRACE::2026-04-26.19:57:28::SCWPlatform::update - Opened existing hwdb signal_detect_bd_wrapper_29
TRACE::2026-04-26.19:57:28::SCWPlatform::Found the Hw Db part of the input DSA
TRACE::2026-04-26.19:57:28::SCWMssOS::Saving the mss changes C:/Users/suren/Documents/ECE_520/Final_Project/Sandbox/signal_detect_vitis/signal_detect_platform/zynq_fsbl/zynq_fsbl_bsp/system.mss
TRACE::2026-04-26.19:57:28::SCWMssOS::Found a swdesign opened with the mssfile.
TRACE::2026-04-26.19:57:28::SCWMssOS::Completed writemss as part of save.
TRACE::2026-04-26.19:57:28::SCWMssOS::Commit changes completed.
TRACE::2026-04-26.19:57:28::SCWMssOS::Completed hw sync for the mss in domain: zynq_fsbl
TRACE::2026-04-26.19:57:28::SCWMssOS::Removing the swdes entry for  C:/Users/suren/Documents/ECE_520/Final_Project/Sandbox/signal_detect_vitis/signal_detect_platform/zynq_fsbl/zynq_fsbl_bsp/system.mss
TRACE::2026-04-26.19:57:28::SCWMssOS::Saving the mss changes C:/Users/suren/Documents/ECE_520/Final_Project/Sandbox/signal_detect_vitis/signal_detect_platform/ps7_cortexa9_0/standalone_domain/bsp/system.mss
TRACE::2026-04-26.19:57:28::SCWMssOS::Found a swdesign opened with the mssfile.
TRACE::2026-04-26.19:57:28::SCWMssOS::Completed writemss as part of save.
TRACE::2026-04-26.19:57:28::SCWMssOS::Commit changes completed.
TRACE::2026-04-26.19:57:28::SCWMssOS::Completed hw sync for the mss in domain: standalone_domain
TRACE::2026-04-26.19:57:28::SCWMssOS::Removing the swdes entry for  C:/Users/suren/Documents/ECE_520/Final_Project/Sandbox/signal_detect_vitis/signal_detect_platform/ps7_cortexa9_0/standalone_domain/bsp/system.mss
TRACE::2026-04-26.19:57:28::SCWPlatform::Trying to open the hw design at C:/Users/suren/Documents/ECE_520/Final_Project/Sandbox/signal_detect_vitis/signal_detect_platform/hw/signal_detect_bd_wrapper.xsa
TRACE::2026-04-26.19:57:28::SCWPlatform::DSA given C:/Users/suren/Documents/ECE_520/Final_Project/Sandbox/signal_detect_vitis/signal_detect_platform/hw/signal_detect_bd_wrapper.xsa
TRACE::2026-04-26.19:57:28::SCWPlatform::DSA absoulate path C:/Users/suren/Documents/ECE_520/Final_Project/Sandbox/signal_detect_vitis/signal_detect_platform/hw/signal_detect_bd_wrapper.xsa
TRACE::2026-04-26.19:57:28::SCWPlatform::DSA directory C:/Users/suren/Documents/ECE_520/Final_Project/Sandbox/signal_detect_vitis/signal_detect_platform/hw
TRACE::2026-04-26.19:57:28::SCWPlatform:: Platform Path C:/Users/suren/Documents/ECE_520/Final_Project/Sandbox/signal_detect_vitis/signal_detect_platform/hw/signal_detect_bd_wrapper.xsa
TRACE::2026-04-26.19:57:28::SCWPlatform:: Unique name xilinx:zybo-z7-10::0.0
TRACE::2026-04-26.19:57:28::SCWPlatform::Do not have an existing db opened. 
TRACE::2026-04-26.19:57:29::SCWPlatform::Opened new HwDB with name signal_detect_bd_wrapper_30
TRACE::2026-04-26.19:57:29::SCWMssOS::Saving the mss changes C:/Users/suren/Documents/ECE_520/Final_Project/Sandbox/signal_detect_vitis/signal_detect_platform/zynq_fsbl/zynq_fsbl_bsp/system.mss
TRACE::2026-04-26.19:57:29::SCWMssOS::Adding the swdes entry, mss present, able to open swdb C:/Users/suren/Documents/ECE_520/Final_Project/Sandbox/signal_detect_vitis/signal_detect_platform/zynq_fsbl/zynq_fsbl_bsp/system.mss with des name system
TRACE::2026-04-26.19:57:29::SCWMssOS::Writing the mss file completed C:/Users/suren/Documents/ECE_520/Final_Project/Sandbox/signal_detect_vitis/signal_detect_platform/zynq_fsbl/zynq_fsbl_bsp/system.mss
TRACE::2026-04-26.19:57:29::SCWMssOS::Commit changes completed.
TRACE::2026-04-26.19:57:29::SCWMssOS::Saving the mss changes C:/Users/suren/Documents/ECE_520/Final_Project/Sandbox/signal_detect_vitis/signal_detect_platform/ps7_cortexa9_0/standalone_domain/bsp/system.mss
TRACE::2026-04-26.19:57:29::SCWMssOS::Adding the swdes entry, mss present, able to open swdb C:/Users/suren/Documents/ECE_520/Final_Project/Sandbox/signal_detect_vitis/signal_detect_platform/ps7_cortexa9_0/standalone_domain/bsp/system.mss with des name system_0
TRACE::2026-04-26.19:57:29::SCWMssOS::Writing the mss file completed C:/Users/suren/Documents/ECE_520/Final_Project/Sandbox/signal_detect_vitis/signal_detect_platform/ps7_cortexa9_0/standalone_domain/bsp/system.mss
TRACE::2026-04-26.19:57:29::SCWMssOS::Commit changes completed.
TRACE::2026-04-26.19:57:29::SCWPlatform::Trying to open the hw design at C:/Users/suren/Documents/ECE_520/Final_Project/Sandbox/signal_detect_vitis/signal_detect_platform/hw/signal_detect_bd_wrapper.xsa
TRACE::2026-04-26.19:57:29::SCWPlatform::DSA given C:/Users/suren/Documents/ECE_520/Final_Project/Sandbox/signal_detect_vitis/signal_detect_platform/hw/signal_detect_bd_wrapper.xsa
TRACE::2026-04-26.19:57:29::SCWPlatform::DSA absoulate path C:/Users/suren/Documents/ECE_520/Final_Project/Sandbox/signal_detect_vitis/signal_detect_platform/hw/signal_detect_bd_wrapper.xsa
TRACE::2026-04-26.19:57:29::SCWPlatform::DSA directory C:/Users/suren/Documents/ECE_520/Final_Project/Sandbox/signal_detect_vitis/signal_detect_platform/hw
TRACE::2026-04-26.19:57:29::SCWPlatform:: Platform Path C:/Users/suren/Documents/ECE_520/Final_Project/Sandbox/signal_detect_vitis/signal_detect_platform/hw/signal_detect_bd_wrapper.xsa
TRACE::2026-04-26.19:57:29::SCWPlatform:: Unique name xilinx:zybo-z7-10::0.0
TRACE::2026-04-26.19:57:29::SCWPlatform::Trying to set the existing hwdb with name signal_detect_bd_wrapper_30
TRACE::2026-04-26.19:57:29::SCWPlatform::Opened existing hwdb signal_detect_bd_wrapper_30
TRACE::2026-04-26.19:57:29::SCWPlatform::Found the Hw Db part of the input DSA
TRACE::2026-04-26.19:57:29::SCWMssOS::Checking the sw design at  C:/Users/suren/Documents/ECE_520/Final_Project/Sandbox/signal_detect_vitis/signal_detect_platform/zynq_fsbl/zynq_fsbl_bsp/system.mss
TRACE::2026-04-26.19:57:29::SCWMssOS::DEBUG:  swdes dump  C:/Users/suren/Documents/ECE_520/Final_Project/Sandbox/signal_detect_vitis/signal_detect_platform/ps7_cortexa9_0/standalone_domain/bsp/system.mss|system_0||
C:/Users/suren/Documents/ECE_520/Final_Project/Sandbox/signal_detect_vitis/signal_detect_platform/zynq_fsbl/zynq_fsbl_bsp/system.mss|system||

TRACE::2026-04-26.19:57:29::SCWMssOS::Sw design exists and opened at  C:/Users/suren/Documents/ECE_520/Final_Project/Sandbox/signal_detect_vitis/signal_detect_platform/zynq_fsbl/zynq_fsbl_bsp/system.mss
TRACE::2026-04-26.19:57:29::SCWPlatform::Trying to open the hw design at C:/Users/suren/Documents/ECE_520/Final_Project/Sandbox/signal_detect_vitis/signal_detect_platform/hw/signal_detect_bd_wrapper.xsa
TRACE::2026-04-26.19:57:29::SCWPlatform::DSA given C:/Users/suren/Documents/ECE_520/Final_Project/Sandbox/signal_detect_vitis/signal_detect_platform/hw/signal_detect_bd_wrapper.xsa
TRACE::2026-04-26.19:57:29::SCWPlatform::DSA absoulate path C:/Users/suren/Documents/ECE_520/Final_Project/Sandbox/signal_detect_vitis/signal_detect_platform/hw/signal_detect_bd_wrapper.xsa
TRACE::2026-04-26.19:57:29::SCWPlatform::DSA directory C:/Users/suren/Documents/ECE_520/Final_Project/Sandbox/signal_detect_vitis/signal_detect_platform/hw
TRACE::2026-04-26.19:57:29::SCWPlatform:: Platform Path C:/Users/suren/Documents/ECE_520/Final_Project/Sandbox/signal_detect_vitis/signal_detect_platform/hw/signal_detect_bd_wrapper.xsa
TRACE::2026-04-26.19:57:29::SCWPlatform:: Unique name xilinx:zybo-z7-10::0.0
TRACE::2026-04-26.19:57:29::SCWPlatform::Trying to set the existing hwdb with name signal_detect_bd_wrapper_30
TRACE::2026-04-26.19:57:29::SCWPlatform::Opened existing hwdb signal_detect_bd_wrapper_30
TRACE::2026-04-26.19:57:29::SCWPlatform::Found the Hw Db part of the input DSA
TRACE::2026-04-26.19:57:29::SCWMssOS::Checking the sw design at  C:/Users/suren/Documents/ECE_520/Final_Project/Sandbox/signal_detect_vitis/signal_detect_platform/ps7_cortexa9_0/standalone_domain/bsp/system.mss
TRACE::2026-04-26.19:57:29::SCWMssOS::DEBUG:  swdes dump  C:/Users/suren/Documents/ECE_520/Final_Project/Sandbox/signal_detect_vitis/signal_detect_platform/ps7_cortexa9_0/standalone_domain/bsp/system.mss|system_0||
C:/Users/suren/Documents/ECE_520/Final_Project/Sandbox/signal_detect_vitis/signal_detect_platform/zynq_fsbl/zynq_fsbl_bsp/system.mss|system||

TRACE::2026-04-26.19:57:29::SCWMssOS::Sw design exists and opened at  C:/Users/suren/Documents/ECE_520/Final_Project/Sandbox/signal_detect_vitis/signal_detect_platform/ps7_cortexa9_0/standalone_domain/bsp/system.mss
TRACE::2026-04-26.19:57:29::SCWWriter::formatted JSON is {
	"platformName":	"signal_detect_platform",
	"sprVersion":	"2.0",
	"mode":	"gui",
	"dsaType":	"Fixed",
	"platformDesc":	"signal_detect_platform",
	"platHandOff":	"C:/Users/suren/Documents/ECE_520/Final_Project/Sandbox/signal_detect_sb/signal_detect_bd_wrapper.xsa",
	"platIntHandOff":	"<platformDir>/hw/signal_detect_bd_wrapper.xsa",
	"deviceType":	"zynq",
	"platIsPrebuiltAutogen":	"false",
	"platIsNoBootBsp":	"false",
	"hasFsblMakeHasChanges":	"false",
	"hasPmufwMakeHasChanges":	"false",
	"fsblExtraCompilerFlags":	"-MMD -MP       -mcpu=cortex-a9 -mfpu=vfpv3 -mfloat-abi=hard ",
	"platPreBuiltFlag":	false,
	"platformSamplesDir":	"",
	"platActiveSys":	"signal_detect_platform",
	"systems":	[{
			"systemName":	"signal_detect_platform",
			"systemDesc":	"signal_detect_platform",
			"sysIsBootAutoGen":	"true",
			"systemDispName":	"signal_detect_platform",
			"sysActiveDom":	"standalone_domain",
			"sysDefaultDom":	"standalone_domain",
			"domains":	[{
					"domainName":	"zynq_fsbl",
					"domainDispName":	"zynq_fsbl",
					"domainDesc":	"FSBL Application BSP - Auto Generated.",
					"processors":	"ps7_cortexa9_0",
					"os":	"standalone",
					"sdxOs":	"standalone",
					"debugEnable":	"",
					"domRuntimes":	["cpp"],
					"swRepo":	"",
					"mssOsVer":	"8.1",
					"mssFile":	"",
					"md5Digest":	"24e81f5df4a1b28986eb4269e22351fe1",
					"compatibleApp":	"zynq_fsbl",
					"domType":	"bootDomain",
					"arch":	"32-bit",
					"appSettings":	{
						"appCompilerFlags":	"",
						"appLinkerFlags":	""
					},
					"addedLibs":	["xilffs:5.0", "xilrsa:1.6"],
					"libOptions":	{
						"libsContainingOptions":	[]
					},
					"prebuiltLibs":	{
						"prebuiltIncPath":	[],
						"prebuiltLibPath":	[]
					},
					"isolation":	{
					}
				}, {
					"domainName":	"standalone_domain",
					"domainDispName":	"standalone on ps7_cortexa9_0",
					"domainDesc":	"standalone_domain",
					"processors":	"ps7_cortexa9_0",
					"os":	"standalone",
					"sdxOs":	"standalone",
					"qemuArgs":	"<platformDir>/resources/signal_detect_platform/standalone_domain/qemu_args.txt",
					"qemuData":	"<platformDir>/resources/signal_detect_platform/standalone_domain/qemu",
					"debugEnable":	"False",
					"domRuntimes":	["cpp"],
					"swRepo":	"",
					"mssOsVer":	"8.1",
					"mssFile":	"",
					"md5Digest":	"9d9647dd92d7d30efd40c762a4ad20961",
					"compatibleApp":	"",
					"domType":	"mssDomain",
					"appSettings":	{
						"appCompilerFlags":	"",
						"appLinkerFlags":	""
					},
					"addedLibs":	[],
					"libOptions":	{
						"libsContainingOptions":	[]
					},
					"prebuiltLibs":	{
						"prebuiltIncPath":	[],
						"prebuiltLibPath":	[]
					},
					"isolation":	{
					}
				}]
		}]
}
TRACE::2026-04-26.19:57:30::SCWPlatform::Clearing the existing platform
TRACE::2026-04-26.19:57:30::SCWSystem::Clearing the existing sysconfig
TRACE::2026-04-26.19:57:30::SCWBDomain::clearing the fsbl build
TRACE::2026-04-26.19:57:30::SCWMssOS::Removing the swdes entry for  C:/Users/suren/Documents/ECE_520/Final_Project/Sandbox/signal_detect_vitis/signal_detect_platform/zynq_fsbl/zynq_fsbl_bsp/system.mss
TRACE::2026-04-26.19:57:30::SCWMssOS::Removing the swdes entry for  C:/Users/suren/Documents/ECE_520/Final_Project/Sandbox/signal_detect_vitis/signal_detect_platform/ps7_cortexa9_0/standalone_domain/bsp/system.mss
TRACE::2026-04-26.19:57:30::SCWSystem::Clearing the domains completed.
TRACE::2026-04-26.19:57:30::SCWPlatform::Clearing the opened hw db.
TRACE::2026-04-26.19:57:30::SCWPlatform::DSA given C:/Users/suren/Documents/ECE_520/Final_Project/Sandbox/signal_detect_vitis/signal_detect_platform/hw/signal_detect_bd_wrapper.xsa
TRACE::2026-04-26.19:57:30::SCWPlatform::DSA absoulate path C:/Users/suren/Documents/ECE_520/Final_Project/Sandbox/signal_detect_vitis/signal_detect_platform/hw/signal_detect_bd_wrapper.xsa
TRACE::2026-04-26.19:57:30::SCWPlatform:: Platform location is C:/Users/suren/Documents/ECE_520/Final_Project/Sandbox/signal_detect_vitis/signal_detect_platform/hw
TRACE::2026-04-26.19:57:30::SCWPlatform:: Platform Path C:/Users/suren/Documents/ECE_520/Final_Project/Sandbox/signal_detect_vitis/signal_detect_platform/hw/signal_detect_bd_wrapper.xsa
TRACE::2026-04-26.19:57:30::SCWPlatform:: Unique name xilinx:zybo-z7-10::0.0
TRACE::2026-04-26.19:57:30::SCWPlatform::Removing the HwDB with name C:/Users/suren/Documents/ECE_520/Final_Project/Sandbox/signal_detect_vitis/signal_detect_platform/hw/signal_detect_bd_wrapper.xsa
TRACE::2026-04-26.19:57:30::SCWPlatform::Trying to open the hw design at C:/Users/suren/Documents/ECE_520/Final_Project/Sandbox/signal_detect_vitis/signal_detect_platform/hw/signal_detect_bd_wrapper.xsa
TRACE::2026-04-26.19:57:30::SCWPlatform::DSA given C:/Users/suren/Documents/ECE_520/Final_Project/Sandbox/signal_detect_vitis/signal_detect_platform/hw/signal_detect_bd_wrapper.xsa
TRACE::2026-04-26.19:57:30::SCWPlatform::DSA absoulate path C:/Users/suren/Documents/ECE_520/Final_Project/Sandbox/signal_detect_vitis/signal_detect_platform/hw/signal_detect_bd_wrapper.xsa
TRACE::2026-04-26.19:57:30::SCWPlatform::DSA directory C:/Users/suren/Documents/ECE_520/Final_Project/Sandbox/signal_detect_vitis/signal_detect_platform/hw
TRACE::2026-04-26.19:57:30::SCWPlatform:: Platform Path C:/Users/suren/Documents/ECE_520/Final_Project/Sandbox/signal_detect_vitis/signal_detect_platform/hw/signal_detect_bd_wrapper.xsa
TRACE::2026-04-26.19:57:30::SCWPlatform:: Unique name xilinx:zybo-z7-10::0.0
TRACE::2026-04-26.19:57:30::SCWPlatform::Do not have an existing db opened. 
TRACE::2026-04-26.19:57:32::SCWPlatform::Opened new HwDB with name signal_detect_bd_wrapper_31
TRACE::2026-04-26.19:57:32::SCWReader::Active system found as  signal_detect_platform
TRACE::2026-04-26.19:57:32::SCWReader::Handling sysconfig signal_detect_platform
TRACE::2026-04-26.19:57:32::SCWDomain::checking for install qemu data   : 
TRACE::2026-04-26.19:57:32::SCWDomain:: Using the QEMU Data from install at  : C:/Xilinx/Vitis/2023.1/data/emulation/platforms/zynq/sw/a9_standalone/qemu/
TRACE::2026-04-26.19:57:32::SCWDomain:: Using the QEMU args  from install at  : C:/Xilinx/Vitis/2023.1/data/emulation/platforms/zynq/sw/a9_standalone/qemu/qemu_args.txt
TRACE::2026-04-26.19:57:32::SCWPlatform::Trying to open the hw design at C:/Users/suren/Documents/ECE_520/Final_Project/Sandbox/signal_detect_vitis/signal_detect_platform/hw/signal_detect_bd_wrapper.xsa
TRACE::2026-04-26.19:57:32::SCWPlatform::DSA given C:/Users/suren/Documents/ECE_520/Final_Project/Sandbox/signal_detect_vitis/signal_detect_platform/hw/signal_detect_bd_wrapper.xsa
TRACE::2026-04-26.19:57:32::SCWPlatform::DSA absoulate path C:/Users/suren/Documents/ECE_520/Final_Project/Sandbox/signal_detect_vitis/signal_detect_platform/hw/signal_detect_bd_wrapper.xsa
TRACE::2026-04-26.19:57:32::SCWPlatform::DSA directory C:/Users/suren/Documents/ECE_520/Final_Project/Sandbox/signal_detect_vitis/signal_detect_platform/hw
TRACE::2026-04-26.19:57:32::SCWPlatform:: Platform Path C:/Users/suren/Documents/ECE_520/Final_Project/Sandbox/signal_detect_vitis/signal_detect_platform/hw/signal_detect_bd_wrapper.xsa
TRACE::2026-04-26.19:57:32::SCWPlatform:: Unique name xilinx:zybo-z7-10::0.0
TRACE::2026-04-26.19:57:32::SCWPlatform::Trying to set the existing hwdb with name signal_detect_bd_wrapper_31
TRACE::2026-04-26.19:57:32::SCWPlatform::Opened existing hwdb signal_detect_bd_wrapper_31
TRACE::2026-04-26.19:57:32::SCWPlatform::Found the Hw Db part of the input DSA
TRACE::2026-04-26.19:57:32::SCWPlatform::Trying to open the hw design at C:/Users/suren/Documents/ECE_520/Final_Project/Sandbox/signal_detect_vitis/signal_detect_platform/hw/signal_detect_bd_wrapper.xsa
TRACE::2026-04-26.19:57:32::SCWPlatform::DSA given C:/Users/suren/Documents/ECE_520/Final_Project/Sandbox/signal_detect_vitis/signal_detect_platform/hw/signal_detect_bd_wrapper.xsa
TRACE::2026-04-26.19:57:32::SCWPlatform::DSA absoulate path C:/Users/suren/Documents/ECE_520/Final_Project/Sandbox/signal_detect_vitis/signal_detect_platform/hw/signal_detect_bd_wrapper.xsa
TRACE::2026-04-26.19:57:32::SCWPlatform::DSA directory C:/Users/suren/Documents/ECE_520/Final_Project/Sandbox/signal_detect_vitis/signal_detect_platform/hw
TRACE::2026-04-26.19:57:32::SCWPlatform:: Platform Path C:/Users/suren/Documents/ECE_520/Final_Project/Sandbox/signal_detect_vitis/signal_detect_platform/hw/signal_detect_bd_wrapper.xsa
TRACE::2026-04-26.19:57:32::SCWPlatform:: Unique name xilinx:zybo-z7-10::0.0
TRACE::2026-04-26.19:57:32::SCWPlatform::Trying to set the existing hwdb with name signal_detect_bd_wrapper_31
TRACE::2026-04-26.19:57:32::SCWPlatform::Opened existing hwdb signal_detect_bd_wrapper_31
TRACE::2026-04-26.19:57:32::SCWPlatform::Found the Hw Db part of the input DSA
TRACE::2026-04-26.19:57:32::SCWPlatform::Trying to open the hw design at C:/Users/suren/Documents/ECE_520/Final_Project/Sandbox/signal_detect_vitis/signal_detect_platform/hw/signal_detect_bd_wrapper.xsa
TRACE::2026-04-26.19:57:32::SCWPlatform::DSA given C:/Users/suren/Documents/ECE_520/Final_Project/Sandbox/signal_detect_vitis/signal_detect_platform/hw/signal_detect_bd_wrapper.xsa
TRACE::2026-04-26.19:57:32::SCWPlatform::DSA absoulate path C:/Users/suren/Documents/ECE_520/Final_Project/Sandbox/signal_detect_vitis/signal_detect_platform/hw/signal_detect_bd_wrapper.xsa
TRACE::2026-04-26.19:57:32::SCWPlatform::DSA directory C:/Users/suren/Documents/ECE_520/Final_Project/Sandbox/signal_detect_vitis/signal_detect_platform/hw
TRACE::2026-04-26.19:57:32::SCWPlatform:: Platform Path C:/Users/suren/Documents/ECE_520/Final_Project/Sandbox/signal_detect_vitis/signal_detect_platform/hw/signal_detect_bd_wrapper.xsa
TRACE::2026-04-26.19:57:32::SCWPlatform:: Unique name xilinx:zybo-z7-10::0.0
TRACE::2026-04-26.19:57:32::SCWPlatform::Trying to set the existing hwdb with name signal_detect_bd_wrapper_31
TRACE::2026-04-26.19:57:32::SCWPlatform::Opened existing hwdb signal_detect_bd_wrapper_31
TRACE::2026-04-26.19:57:32::SCWPlatform::Found the Hw Db part of the input DSA
TRACE::2026-04-26.19:57:32::SCWReader::Boot application domain added for zynq_fsbl
TRACE::2026-04-26.19:57:32::SCWPlatform::Trying to open the hw design at C:/Users/suren/Documents/ECE_520/Final_Project/Sandbox/signal_detect_vitis/signal_detect_platform/hw/signal_detect_bd_wrapper.xsa
TRACE::2026-04-26.19:57:32::SCWPlatform::DSA given C:/Users/suren/Documents/ECE_520/Final_Project/Sandbox/signal_detect_vitis/signal_detect_platform/hw/signal_detect_bd_wrapper.xsa
TRACE::2026-04-26.19:57:32::SCWPlatform::DSA absoulate path C:/Users/suren/Documents/ECE_520/Final_Project/Sandbox/signal_detect_vitis/signal_detect_platform/hw/signal_detect_bd_wrapper.xsa
TRACE::2026-04-26.19:57:32::SCWPlatform::DSA directory C:/Users/suren/Documents/ECE_520/Final_Project/Sandbox/signal_detect_vitis/signal_detect_platform/hw
TRACE::2026-04-26.19:57:32::SCWPlatform:: Platform Path C:/Users/suren/Documents/ECE_520/Final_Project/Sandbox/signal_detect_vitis/signal_detect_platform/hw/signal_detect_bd_wrapper.xsa
TRACE::2026-04-26.19:57:32::SCWPlatform:: Unique name xilinx:zybo-z7-10::0.0
TRACE::2026-04-26.19:57:32::SCWPlatform::Trying to set the existing hwdb with name signal_detect_bd_wrapper_31
TRACE::2026-04-26.19:57:32::SCWPlatform::Opened existing hwdb signal_detect_bd_wrapper_31
TRACE::2026-04-26.19:57:32::SCWPlatform::Found the Hw Db part of the input DSA
TRACE::2026-04-26.19:57:32::SCWMssOS::Checking the sw design at  C:/Users/suren/Documents/ECE_520/Final_Project/Sandbox/signal_detect_vitis/signal_detect_platform/zynq_fsbl/zynq_fsbl_bsp/system.mss
TRACE::2026-04-26.19:57:32::SCWMssOS::DEBUG:  swdes dump  
TRACE::2026-04-26.19:57:32::SCWMssOS::No sw design opened at  C:/Users/suren/Documents/ECE_520/Final_Project/Sandbox/signal_detect_vitis/signal_detect_platform/zynq_fsbl/zynq_fsbl_bsp/system.mss
TRACE::2026-04-26.19:57:32::SCWMssOS::mss exists loading the mss file  C:/Users/suren/Documents/ECE_520/Final_Project/Sandbox/signal_detect_vitis/signal_detect_platform/zynq_fsbl/zynq_fsbl_bsp/system.mss
TRACE::2026-04-26.19:57:32::SCWMssOS::Opened the sw design from mss  C:/Users/suren/Documents/ECE_520/Final_Project/Sandbox/signal_detect_vitis/signal_detect_platform/zynq_fsbl/zynq_fsbl_bsp/system.mss
TRACE::2026-04-26.19:57:32::SCWMssOS::Adding the swdes entry C:/Users/suren/Documents/ECE_520/Final_Project/Sandbox/signal_detect_vitis/signal_detect_platform/zynq_fsbl/zynq_fsbl_bsp/system.mss with des name system
TRACE::2026-04-26.19:57:32::SCWMssOS::updating the scw layer about changes
TRACE::2026-04-26.19:57:32::SCWMssOS::Opened the sw design.  C:/Users/suren/Documents/ECE_520/Final_Project/Sandbox/signal_detect_vitis/signal_detect_platform/zynq_fsbl/zynq_fsbl_bsp/system.mss
TRACE::2026-04-26.19:57:32::SCWPlatform::Trying to open the hw design at C:/Users/suren/Documents/ECE_520/Final_Project/Sandbox/signal_detect_vitis/signal_detect_platform/hw/signal_detect_bd_wrapper.xsa
TRACE::2026-04-26.19:57:32::SCWPlatform::DSA given C:/Users/suren/Documents/ECE_520/Final_Project/Sandbox/signal_detect_vitis/signal_detect_platform/hw/signal_detect_bd_wrapper.xsa
TRACE::2026-04-26.19:57:32::SCWPlatform::DSA absoulate path C:/Users/suren/Documents/ECE_520/Final_Project/Sandbox/signal_detect_vitis/signal_detect_platform/hw/signal_detect_bd_wrapper.xsa
TRACE::2026-04-26.19:57:32::SCWPlatform::DSA directory C:/Users/suren/Documents/ECE_520/Final_Project/Sandbox/signal_detect_vitis/signal_detect_platform/hw
TRACE::2026-04-26.19:57:32::SCWPlatform:: Platform Path C:/Users/suren/Documents/ECE_520/Final_Project/Sandbox/signal_detect_vitis/signal_detect_platform/hw/signal_detect_bd_wrapper.xsa
TRACE::2026-04-26.19:57:32::SCWPlatform:: Unique name xilinx:zybo-z7-10::0.0
TRACE::2026-04-26.19:57:32::SCWPlatform::Trying to set the existing hwdb with name signal_detect_bd_wrapper_31
TRACE::2026-04-26.19:57:32::SCWPlatform::Opened existing hwdb signal_detect_bd_wrapper_31
TRACE::2026-04-26.19:57:32::SCWPlatform::Found the Hw Db part of the input DSA
TRACE::2026-04-26.19:57:32::SCWMssOS::Checking the sw design at  C:/Users/suren/Documents/ECE_520/Final_Project/Sandbox/signal_detect_vitis/signal_detect_platform/zynq_fsbl/zynq_fsbl_bsp/system.mss
TRACE::2026-04-26.19:57:32::SCWMssOS::DEBUG:  swdes dump  C:/Users/suren/Documents/ECE_520/Final_Project/Sandbox/signal_detect_vitis/signal_detect_platform/zynq_fsbl/zynq_fsbl_bsp/system.mss|system||

TRACE::2026-04-26.19:57:32::SCWMssOS::Sw design exists and opened at  C:/Users/suren/Documents/ECE_520/Final_Project/Sandbox/signal_detect_vitis/signal_detect_platform/zynq_fsbl/zynq_fsbl_bsp/system.mss
TRACE::2026-04-26.19:57:32::SCWMssOS:: library already available in sw design:  xilffs:5.0
TRACE::2026-04-26.19:57:32::SCWPlatform::Trying to open the hw design at C:/Users/suren/Documents/ECE_520/Final_Project/Sandbox/signal_detect_vitis/signal_detect_platform/hw/signal_detect_bd_wrapper.xsa
TRACE::2026-04-26.19:57:32::SCWPlatform::DSA given C:/Users/suren/Documents/ECE_520/Final_Project/Sandbox/signal_detect_vitis/signal_detect_platform/hw/signal_detect_bd_wrapper.xsa
TRACE::2026-04-26.19:57:32::SCWPlatform::DSA absoulate path C:/Users/suren/Documents/ECE_520/Final_Project/Sandbox/signal_detect_vitis/signal_detect_platform/hw/signal_detect_bd_wrapper.xsa
TRACE::2026-04-26.19:57:32::SCWPlatform::DSA directory C:/Users/suren/Documents/ECE_520/Final_Project/Sandbox/signal_detect_vitis/signal_detect_platform/hw
TRACE::2026-04-26.19:57:32::SCWPlatform:: Platform Path C:/Users/suren/Documents/ECE_520/Final_Project/Sandbox/signal_detect_vitis/signal_detect_platform/hw/signal_detect_bd_wrapper.xsa
TRACE::2026-04-26.19:57:32::SCWPlatform:: Unique name xilinx:zybo-z7-10::0.0
TRACE::2026-04-26.19:57:32::SCWPlatform::Trying to set the existing hwdb with name signal_detect_bd_wrapper_31
TRACE::2026-04-26.19:57:32::SCWPlatform::Opened existing hwdb signal_detect_bd_wrapper_31
TRACE::2026-04-26.19:57:32::SCWPlatform::Found the Hw Db part of the input DSA
TRACE::2026-04-26.19:57:32::SCWMssOS::Checking the sw design at  C:/Users/suren/Documents/ECE_520/Final_Project/Sandbox/signal_detect_vitis/signal_detect_platform/zynq_fsbl/zynq_fsbl_bsp/system.mss
TRACE::2026-04-26.19:57:32::SCWMssOS::DEBUG:  swdes dump  C:/Users/suren/Documents/ECE_520/Final_Project/Sandbox/signal_detect_vitis/signal_detect_platform/zynq_fsbl/zynq_fsbl_bsp/system.mss|system||

TRACE::2026-04-26.19:57:32::SCWMssOS::Sw design exists and opened at  C:/Users/suren/Documents/ECE_520/Final_Project/Sandbox/signal_detect_vitis/signal_detect_platform/zynq_fsbl/zynq_fsbl_bsp/system.mss
TRACE::2026-04-26.19:57:32::SCWMssOS:: library already available in sw design:  xilrsa:1.6
TRACE::2026-04-26.19:57:32::SCWMssOS::Saving the mss changes C:/Users/suren/Documents/ECE_520/Final_Project/Sandbox/signal_detect_vitis/signal_detect_platform/zynq_fsbl/zynq_fsbl_bsp/system.mss
TRACE::2026-04-26.19:57:32::SCWMssOS::Found a swdesign opened with the mssfile.
TRACE::2026-04-26.19:57:32::SCWMssOS::Completed writemss as part of save.
TRACE::2026-04-26.19:57:32::SCWMssOS::Commit changes completed.
TRACE::2026-04-26.19:57:32::SCWReader::Adding prebuilt librarypaths as   
TRACE::2026-04-26.19:57:32::SCWReader::Adding prebuilt incpaths  as   
TRACE::2026-04-26.19:57:32::SCWPlatform::Trying to open the hw design at C:/Users/suren/Documents/ECE_520/Final_Project/Sandbox/signal_detect_vitis/signal_detect_platform/hw/signal_detect_bd_wrapper.xsa
TRACE::2026-04-26.19:57:32::SCWPlatform::DSA given C:/Users/suren/Documents/ECE_520/Final_Project/Sandbox/signal_detect_vitis/signal_detect_platform/hw/signal_detect_bd_wrapper.xsa
TRACE::2026-04-26.19:57:32::SCWPlatform::DSA absoulate path C:/Users/suren/Documents/ECE_520/Final_Project/Sandbox/signal_detect_vitis/signal_detect_platform/hw/signal_detect_bd_wrapper.xsa
TRACE::2026-04-26.19:57:32::SCWPlatform::DSA directory C:/Users/suren/Documents/ECE_520/Final_Project/Sandbox/signal_detect_vitis/signal_detect_platform/hw
TRACE::2026-04-26.19:57:32::SCWPlatform:: Platform Path C:/Users/suren/Documents/ECE_520/Final_Project/Sandbox/signal_detect_vitis/signal_detect_platform/hw/signal_detect_bd_wrapper.xsa
TRACE::2026-04-26.19:57:32::SCWPlatform:: Unique name xilinx:zybo-z7-10::0.0
TRACE::2026-04-26.19:57:32::SCWPlatform::Trying to set the existing hwdb with name signal_detect_bd_wrapper_31
TRACE::2026-04-26.19:57:32::SCWPlatform::Opened existing hwdb signal_detect_bd_wrapper_31
TRACE::2026-04-26.19:57:32::SCWPlatform::Found the Hw Db part of the input DSA
TRACE::2026-04-26.19:57:32::SCWMssOS::Checking the sw design at  C:/Users/suren/Documents/ECE_520/Final_Project/Sandbox/signal_detect_vitis/signal_detect_platform/zynq_fsbl/zynq_fsbl_bsp/system.mss
TRACE::2026-04-26.19:57:32::SCWMssOS::DEBUG:  swdes dump  C:/Users/suren/Documents/ECE_520/Final_Project/Sandbox/signal_detect_vitis/signal_detect_platform/zynq_fsbl/zynq_fsbl_bsp/system.mss|system||

TRACE::2026-04-26.19:57:32::SCWMssOS::Sw design exists and opened at  C:/Users/suren/Documents/ECE_520/Final_Project/Sandbox/signal_detect_vitis/signal_detect_platform/zynq_fsbl/zynq_fsbl_bsp/system.mss
TRACE::2026-04-26.19:57:32::SCWReader::No isolation master present  
TRACE::2026-04-26.19:57:32::SCWDomain::checking for install qemu data   : 
TRACE::2026-04-26.19:57:32::SCWDomain:: Using the QEMU Data from install at  : C:/Xilinx/Vitis/2023.1/data/emulation/platforms/zynq/sw/a9_standalone/qemu/
TRACE::2026-04-26.19:57:32::SCWDomain:: Using the QEMU args  from install at  : C:/Xilinx/Vitis/2023.1/data/emulation/platforms/zynq/sw/a9_standalone/qemu/qemu_args.txt
TRACE::2026-04-26.19:57:32::SCWPlatform::Trying to open the hw design at C:/Users/suren/Documents/ECE_520/Final_Project/Sandbox/signal_detect_vitis/signal_detect_platform/hw/signal_detect_bd_wrapper.xsa
TRACE::2026-04-26.19:57:32::SCWPlatform::DSA given C:/Users/suren/Documents/ECE_520/Final_Project/Sandbox/signal_detect_vitis/signal_detect_platform/hw/signal_detect_bd_wrapper.xsa
TRACE::2026-04-26.19:57:32::SCWPlatform::DSA absoulate path C:/Users/suren/Documents/ECE_520/Final_Project/Sandbox/signal_detect_vitis/signal_detect_platform/hw/signal_detect_bd_wrapper.xsa
TRACE::2026-04-26.19:57:32::SCWPlatform::DSA directory C:/Users/suren/Documents/ECE_520/Final_Project/Sandbox/signal_detect_vitis/signal_detect_platform/hw
TRACE::2026-04-26.19:57:32::SCWPlatform:: Platform Path C:/Users/suren/Documents/ECE_520/Final_Project/Sandbox/signal_detect_vitis/signal_detect_platform/hw/signal_detect_bd_wrapper.xsa
TRACE::2026-04-26.19:57:32::SCWPlatform:: Unique name xilinx:zybo-z7-10::0.0
TRACE::2026-04-26.19:57:32::SCWPlatform::Trying to set the existing hwdb with name signal_detect_bd_wrapper_31
TRACE::2026-04-26.19:57:32::SCWPlatform::Opened existing hwdb signal_detect_bd_wrapper_31
TRACE::2026-04-26.19:57:32::SCWPlatform::Found the Hw Db part of the input DSA
TRACE::2026-04-26.19:57:32::SCWPlatform::Trying to open the hw design at C:/Users/suren/Documents/ECE_520/Final_Project/Sandbox/signal_detect_vitis/signal_detect_platform/hw/signal_detect_bd_wrapper.xsa
TRACE::2026-04-26.19:57:32::SCWPlatform::DSA given C:/Users/suren/Documents/ECE_520/Final_Project/Sandbox/signal_detect_vitis/signal_detect_platform/hw/signal_detect_bd_wrapper.xsa
TRACE::2026-04-26.19:57:32::SCWPlatform::DSA absoulate path C:/Users/suren/Documents/ECE_520/Final_Project/Sandbox/signal_detect_vitis/signal_detect_platform/hw/signal_detect_bd_wrapper.xsa
TRACE::2026-04-26.19:57:32::SCWPlatform::DSA directory C:/Users/suren/Documents/ECE_520/Final_Project/Sandbox/signal_detect_vitis/signal_detect_platform/hw
TRACE::2026-04-26.19:57:32::SCWPlatform:: Platform Path C:/Users/suren/Documents/ECE_520/Final_Project/Sandbox/signal_detect_vitis/signal_detect_platform/hw/signal_detect_bd_wrapper.xsa
TRACE::2026-04-26.19:57:32::SCWPlatform:: Unique name xilinx:zybo-z7-10::0.0
TRACE::2026-04-26.19:57:32::SCWPlatform::Trying to set the existing hwdb with name signal_detect_bd_wrapper_31
TRACE::2026-04-26.19:57:32::SCWPlatform::Opened existing hwdb signal_detect_bd_wrapper_31
TRACE::2026-04-26.19:57:32::SCWPlatform::Found the Hw Db part of the input DSA
TRACE::2026-04-26.19:57:32::SCWPlatform::Trying to open the hw design at C:/Users/suren/Documents/ECE_520/Final_Project/Sandbox/signal_detect_vitis/signal_detect_platform/hw/signal_detect_bd_wrapper.xsa
TRACE::2026-04-26.19:57:32::SCWPlatform::DSA given C:/Users/suren/Documents/ECE_520/Final_Project/Sandbox/signal_detect_vitis/signal_detect_platform/hw/signal_detect_bd_wrapper.xsa
TRACE::2026-04-26.19:57:32::SCWPlatform::DSA absoulate path C:/Users/suren/Documents/ECE_520/Final_Project/Sandbox/signal_detect_vitis/signal_detect_platform/hw/signal_detect_bd_wrapper.xsa
TRACE::2026-04-26.19:57:32::SCWPlatform::DSA directory C:/Users/suren/Documents/ECE_520/Final_Project/Sandbox/signal_detect_vitis/signal_detect_platform/hw
TRACE::2026-04-26.19:57:32::SCWPlatform:: Platform Path C:/Users/suren/Documents/ECE_520/Final_Project/Sandbox/signal_detect_vitis/signal_detect_platform/hw/signal_detect_bd_wrapper.xsa
TRACE::2026-04-26.19:57:32::SCWPlatform:: Unique name xilinx:zybo-z7-10::0.0
TRACE::2026-04-26.19:57:32::SCWPlatform::Trying to set the existing hwdb with name signal_detect_bd_wrapper_31
TRACE::2026-04-26.19:57:32::SCWPlatform::Opened existing hwdb signal_detect_bd_wrapper_31
TRACE::2026-04-26.19:57:32::SCWPlatform::Found the Hw Db part of the input DSA
TRACE::2026-04-26.19:57:32::SCWMssOS::Checking the sw design at  C:/Users/suren/Documents/ECE_520/Final_Project/Sandbox/signal_detect_vitis/signal_detect_platform/ps7_cortexa9_0/standalone_domain/bsp/system.mss
TRACE::2026-04-26.19:57:32::SCWMssOS::DEBUG:  swdes dump  C:/Users/suren/Documents/ECE_520/Final_Project/Sandbox/signal_detect_vitis/signal_detect_platform/zynq_fsbl/zynq_fsbl_bsp/system.mss|system||

TRACE::2026-04-26.19:57:32::SCWMssOS::No sw design opened at  C:/Users/suren/Documents/ECE_520/Final_Project/Sandbox/signal_detect_vitis/signal_detect_platform/ps7_cortexa9_0/standalone_domain/bsp/system.mss
TRACE::2026-04-26.19:57:32::SCWMssOS::mss exists loading the mss file  C:/Users/suren/Documents/ECE_520/Final_Project/Sandbox/signal_detect_vitis/signal_detect_platform/ps7_cortexa9_0/standalone_domain/bsp/system.mss
TRACE::2026-04-26.19:57:32::SCWMssOS::Opened the sw design from mss  C:/Users/suren/Documents/ECE_520/Final_Project/Sandbox/signal_detect_vitis/signal_detect_platform/ps7_cortexa9_0/standalone_domain/bsp/system.mss
TRACE::2026-04-26.19:57:32::SCWMssOS::Adding the swdes entry C:/Users/suren/Documents/ECE_520/Final_Project/Sandbox/signal_detect_vitis/signal_detect_platform/ps7_cortexa9_0/standalone_domain/bsp/system.mss with des name system_0
TRACE::2026-04-26.19:57:32::SCWMssOS::updating the scw layer about changes
TRACE::2026-04-26.19:57:32::SCWMssOS::Opened the sw design.  C:/Users/suren/Documents/ECE_520/Final_Project/Sandbox/signal_detect_vitis/signal_detect_platform/ps7_cortexa9_0/standalone_domain/bsp/system.mss
TRACE::2026-04-26.19:57:32::SCWMssOS::Saving the mss changes C:/Users/suren/Documents/ECE_520/Final_Project/Sandbox/signal_detect_vitis/signal_detect_platform/ps7_cortexa9_0/standalone_domain/bsp/system.mss
TRACE::2026-04-26.19:57:32::SCWMssOS::Found a swdesign opened with the mssfile.
TRACE::2026-04-26.19:57:32::SCWMssOS::Completed writemss as part of save.
TRACE::2026-04-26.19:57:32::SCWMssOS::Commit changes completed.
TRACE::2026-04-26.19:57:32::SCWReader::Adding prebuilt librarypaths as   
TRACE::2026-04-26.19:57:32::SCWReader::Adding prebuilt incpaths  as   
TRACE::2026-04-26.19:57:32::SCWPlatform::Trying to open the hw design at C:/Users/suren/Documents/ECE_520/Final_Project/Sandbox/signal_detect_vitis/signal_detect_platform/hw/signal_detect_bd_wrapper.xsa
TRACE::2026-04-26.19:57:32::SCWPlatform::DSA given C:/Users/suren/Documents/ECE_520/Final_Project/Sandbox/signal_detect_vitis/signal_detect_platform/hw/signal_detect_bd_wrapper.xsa
TRACE::2026-04-26.19:57:32::SCWPlatform::DSA absoulate path C:/Users/suren/Documents/ECE_520/Final_Project/Sandbox/signal_detect_vitis/signal_detect_platform/hw/signal_detect_bd_wrapper.xsa
TRACE::2026-04-26.19:57:32::SCWPlatform::DSA directory C:/Users/suren/Documents/ECE_520/Final_Project/Sandbox/signal_detect_vitis/signal_detect_platform/hw
TRACE::2026-04-26.19:57:32::SCWPlatform:: Platform Path C:/Users/suren/Documents/ECE_520/Final_Project/Sandbox/signal_detect_vitis/signal_detect_platform/hw/signal_detect_bd_wrapper.xsa
TRACE::2026-04-26.19:57:32::SCWPlatform:: Unique name xilinx:zybo-z7-10::0.0
TRACE::2026-04-26.19:57:32::SCWPlatform::Trying to set the existing hwdb with name signal_detect_bd_wrapper_31
TRACE::2026-04-26.19:57:32::SCWPlatform::Opened existing hwdb signal_detect_bd_wrapper_31
TRACE::2026-04-26.19:57:32::SCWPlatform::Found the Hw Db part of the input DSA
TRACE::2026-04-26.19:57:32::SCWMssOS::Checking the sw design at  C:/Users/suren/Documents/ECE_520/Final_Project/Sandbox/signal_detect_vitis/signal_detect_platform/ps7_cortexa9_0/standalone_domain/bsp/system.mss
TRACE::2026-04-26.19:57:32::SCWMssOS::DEBUG:  swdes dump  C:/Users/suren/Documents/ECE_520/Final_Project/Sandbox/signal_detect_vitis/signal_detect_platform/ps7_cortexa9_0/standalone_domain/bsp/system.mss|system_0||
C:/Users/suren/Documents/ECE_520/Final_Project/Sandbox/signal_detect_vitis/signal_detect_platform/zynq_fsbl/zynq_fsbl_bsp/system.mss|system||

TRACE::2026-04-26.19:57:32::SCWMssOS::Sw design exists and opened at  C:/Users/suren/Documents/ECE_520/Final_Project/Sandbox/signal_detect_vitis/signal_detect_platform/ps7_cortexa9_0/standalone_domain/bsp/system.mss
TRACE::2026-04-26.19:57:32::SCWReader::No isolation master present  
TRACE::2026-04-26.19:57:52::SCWPlatform::DSA given C:/Users/suren/Documents/ECE_520/Final_Project/Sandbox/signal_detect_vitis/signal_detect_platform/tempdsa/signal_detect_bd_wrapper.xsa
TRACE::2026-04-26.19:57:52::SCWPlatform::DSA absoulate path C:/Users/suren/Documents/ECE_520/Final_Project/Sandbox/signal_detect_vitis/signal_detect_platform/tempdsa/signal_detect_bd_wrapper.xsa
TRACE::2026-04-26.19:57:52::SCWPlatform:: Platform location is C:/Users/suren/Documents/ECE_520/Final_Project/Sandbox/signal_detect_vitis/signal_detect_platform/tempdsa
TRACE::2026-04-26.19:57:52::SCWPlatform:: Platform Path C:/Users/suren/Documents/ECE_520/Final_Project/Sandbox/signal_detect_vitis/signal_detect_platform/tempdsa/signal_detect_bd_wrapper.xsa
TRACE::2026-04-26.19:57:52::SCWPlatform:: Unique name xilinx:zybo-z7-10::0.0
TRACE::2026-04-26.19:57:53::SCWPlatform::Found the Hw Db part of the input DSA
TRACE::2026-04-26.19:57:53::SCWMssOS::Doing hw sync for the mss in domain: zynq_fsbl
TRACE::2026-04-26.19:57:53::SCWPlatform::Trying to open the hw design at C:/Users/suren/Documents/ECE_520/Final_Project/Sandbox/signal_detect_vitis/signal_detect_platform/hw/signal_detect_bd_wrapper.xsa
TRACE::2026-04-26.19:57:53::SCWPlatform::DSA given C:/Users/suren/Documents/ECE_520/Final_Project/Sandbox/signal_detect_vitis/signal_detect_platform/hw/signal_detect_bd_wrapper.xsa
TRACE::2026-04-26.19:57:53::SCWPlatform::DSA absoulate path C:/Users/suren/Documents/ECE_520/Final_Project/Sandbox/signal_detect_vitis/signal_detect_platform/hw/signal_detect_bd_wrapper.xsa
TRACE::2026-04-26.19:57:53::SCWPlatform::DSA directory C:/Users/suren/Documents/ECE_520/Final_Project/Sandbox/signal_detect_vitis/signal_detect_platform/hw
TRACE::2026-04-26.19:57:53::SCWPlatform:: Platform Path C:/Users/suren/Documents/ECE_520/Final_Project/Sandbox/signal_detect_vitis/signal_detect_platform/hw/signal_detect_bd_wrapper.xsa
TRACE::2026-04-26.19:57:53::SCWPlatform:: Unique name xilinx:zybo-z7-10::0.0
TRACE::2026-04-26.19:57:53::SCWPlatform::Trying to set the existing hwdb with name signal_detect_bd_wrapper_31
TRACE::2026-04-26.19:57:53::SCWPlatform::Could not get the HWDB from existing dbname
TRACE::2026-04-26.19:57:53::SCWPlatform::Do not have an existing db opened. Attempting to open the hwDb. 
TRACE::2026-04-26.19:57:53::SCWPlatform::Opened new HwDB with name signal_detect_bd_wrapper_32
TRACE::2026-04-26.19:57:53::SCWPlatform::Trying to open the hw design at C:/Users/suren/Documents/ECE_520/Final_Project/Sandbox/signal_detect_vitis/signal_detect_platform/hw/signal_detect_bd_wrapper.xsa
TRACE::2026-04-26.19:57:53::SCWPlatform::DSA given C:/Users/suren/Documents/ECE_520/Final_Project/Sandbox/signal_detect_vitis/signal_detect_platform/hw/signal_detect_bd_wrapper.xsa
TRACE::2026-04-26.19:57:53::SCWPlatform::DSA absoulate path C:/Users/suren/Documents/ECE_520/Final_Project/Sandbox/signal_detect_vitis/signal_detect_platform/hw/signal_detect_bd_wrapper.xsa
TRACE::2026-04-26.19:57:53::SCWPlatform::DSA directory C:/Users/suren/Documents/ECE_520/Final_Project/Sandbox/signal_detect_vitis/signal_detect_platform/hw
TRACE::2026-04-26.19:57:53::SCWPlatform:: Platform Path C:/Users/suren/Documents/ECE_520/Final_Project/Sandbox/signal_detect_vitis/signal_detect_platform/hw/signal_detect_bd_wrapper.xsa
TRACE::2026-04-26.19:57:53::SCWPlatform:: Unique name xilinx:zybo-z7-10::0.0
TRACE::2026-04-26.19:57:53::SCWPlatform::Trying to set the existing hwdb with name signal_detect_bd_wrapper_32
TRACE::2026-04-26.19:57:53::SCWPlatform::Opened existing hwdb signal_detect_bd_wrapper_32
TRACE::2026-04-26.19:57:53::SCWPlatform::Found the Hw Db part of the input DSA
TRACE::2026-04-26.19:57:53::SCWMssOS::Checking the sw design at  C:/Users/suren/Documents/ECE_520/Final_Project/Sandbox/signal_detect_vitis/signal_detect_platform/zynq_fsbl/zynq_fsbl_bsp/system.mss
TRACE::2026-04-26.19:57:53::SCWMssOS::DEBUG:  swdes dump  C:/Users/suren/Documents/ECE_520/Final_Project/Sandbox/signal_detect_vitis/signal_detect_platform/ps7_cortexa9_0/standalone_domain/bsp/system.mss|system_0||
C:/Users/suren/Documents/ECE_520/Final_Project/Sandbox/signal_detect_vitis/signal_detect_platform/zynq_fsbl/zynq_fsbl_bsp/system.mss|system||

TRACE::2026-04-26.19:57:53::SCWMssOS::Sw design exists and opened at  C:/Users/suren/Documents/ECE_520/Final_Project/Sandbox/signal_detect_vitis/signal_detect_platform/zynq_fsbl/zynq_fsbl_bsp/system.mss
TRACE::2026-04-26.19:57:53::SCWPlatform::Trying to open the hw design at C:/Users/suren/Documents/ECE_520/Final_Project/Sandbox/signal_detect_vitis/signal_detect_platform/tempdsa/signal_detect_bd_wrapper.xsa
TRACE::2026-04-26.19:57:53::SCWPlatform::DSA given C:/Users/suren/Documents/ECE_520/Final_Project/Sandbox/signal_detect_vitis/signal_detect_platform/tempdsa/signal_detect_bd_wrapper.xsa
TRACE::2026-04-26.19:57:53::SCWPlatform::DSA absoulate path C:/Users/suren/Documents/ECE_520/Final_Project/Sandbox/signal_detect_vitis/signal_detect_platform/tempdsa/signal_detect_bd_wrapper.xsa
TRACE::2026-04-26.19:57:53::SCWPlatform::DSA directory C:/Users/suren/Documents/ECE_520/Final_Project/Sandbox/signal_detect_vitis/signal_detect_platform/tempdsa
TRACE::2026-04-26.19:57:53::SCWPlatform:: Platform Path C:/Users/suren/Documents/ECE_520/Final_Project/Sandbox/signal_detect_vitis/signal_detect_platform/tempdsa/signal_detect_bd_wrapper.xsa
TRACE::2026-04-26.19:57:53::SCWPlatform:: Unique name xilinx:zybo-z7-10::0.0
TRACE::2026-04-26.19:57:53::SCWPlatform::update - Opened existing hwdb signal_detect_bd_wrapper_33
TRACE::2026-04-26.19:57:53::SCWPlatform::Found the Hw Db part of the input DSA
TRACE::2026-04-26.19:57:53::SCWMssOS::Doing hw sync for the mss in domain: standalone_domain
TRACE::2026-04-26.19:57:53::SCWPlatform::Trying to open the hw design at C:/Users/suren/Documents/ECE_520/Final_Project/Sandbox/signal_detect_vitis/signal_detect_platform/hw/signal_detect_bd_wrapper.xsa
TRACE::2026-04-26.19:57:53::SCWPlatform::DSA given C:/Users/suren/Documents/ECE_520/Final_Project/Sandbox/signal_detect_vitis/signal_detect_platform/hw/signal_detect_bd_wrapper.xsa
TRACE::2026-04-26.19:57:53::SCWPlatform::DSA absoulate path C:/Users/suren/Documents/ECE_520/Final_Project/Sandbox/signal_detect_vitis/signal_detect_platform/hw/signal_detect_bd_wrapper.xsa
TRACE::2026-04-26.19:57:53::SCWPlatform::DSA directory C:/Users/suren/Documents/ECE_520/Final_Project/Sandbox/signal_detect_vitis/signal_detect_platform/hw
TRACE::2026-04-26.19:57:53::SCWPlatform:: Platform Path C:/Users/suren/Documents/ECE_520/Final_Project/Sandbox/signal_detect_vitis/signal_detect_platform/hw/signal_detect_bd_wrapper.xsa
TRACE::2026-04-26.19:57:53::SCWPlatform:: Unique name xilinx:zybo-z7-10::0.0
TRACE::2026-04-26.19:57:53::SCWPlatform::Trying to set the existing hwdb with name signal_detect_bd_wrapper_32
TRACE::2026-04-26.19:57:53::SCWPlatform::Opened existing hwdb signal_detect_bd_wrapper_32
TRACE::2026-04-26.19:57:53::SCWPlatform::Found the Hw Db part of the input DSA
TRACE::2026-04-26.19:57:53::SCWPlatform::Trying to open the hw design at C:/Users/suren/Documents/ECE_520/Final_Project/Sandbox/signal_detect_vitis/signal_detect_platform/hw/signal_detect_bd_wrapper.xsa
TRACE::2026-04-26.19:57:53::SCWPlatform::DSA given C:/Users/suren/Documents/ECE_520/Final_Project/Sandbox/signal_detect_vitis/signal_detect_platform/hw/signal_detect_bd_wrapper.xsa
TRACE::2026-04-26.19:57:53::SCWPlatform::DSA absoulate path C:/Users/suren/Documents/ECE_520/Final_Project/Sandbox/signal_detect_vitis/signal_detect_platform/hw/signal_detect_bd_wrapper.xsa
TRACE::2026-04-26.19:57:53::SCWPlatform::DSA directory C:/Users/suren/Documents/ECE_520/Final_Project/Sandbox/signal_detect_vitis/signal_detect_platform/hw
TRACE::2026-04-26.19:57:53::SCWPlatform:: Platform Path C:/Users/suren/Documents/ECE_520/Final_Project/Sandbox/signal_detect_vitis/signal_detect_platform/hw/signal_detect_bd_wrapper.xsa
TRACE::2026-04-26.19:57:53::SCWPlatform:: Unique name xilinx:zybo-z7-10::0.0
TRACE::2026-04-26.19:57:53::SCWPlatform::Trying to set the existing hwdb with name signal_detect_bd_wrapper_32
TRACE::2026-04-26.19:57:53::SCWPlatform::Opened existing hwdb signal_detect_bd_wrapper_32
TRACE::2026-04-26.19:57:53::SCWPlatform::Found the Hw Db part of the input DSA
TRACE::2026-04-26.19:57:53::SCWMssOS::Checking the sw design at  C:/Users/suren/Documents/ECE_520/Final_Project/Sandbox/signal_detect_vitis/signal_detect_platform/ps7_cortexa9_0/standalone_domain/bsp/system.mss
TRACE::2026-04-26.19:57:53::SCWMssOS::DEBUG:  swdes dump  C:/Users/suren/Documents/ECE_520/Final_Project/Sandbox/signal_detect_vitis/signal_detect_platform/ps7_cortexa9_0/standalone_domain/bsp/system.mss|system_0||
C:/Users/suren/Documents/ECE_520/Final_Project/Sandbox/signal_detect_vitis/signal_detect_platform/zynq_fsbl/zynq_fsbl_bsp/system.mss|system||

TRACE::2026-04-26.19:57:53::SCWMssOS::Sw design exists and opened at  C:/Users/suren/Documents/ECE_520/Final_Project/Sandbox/signal_detect_vitis/signal_detect_platform/ps7_cortexa9_0/standalone_domain/bsp/system.mss
TRACE::2026-04-26.19:57:53::SCWPlatform::Trying to open the hw design at C:/Users/suren/Documents/ECE_520/Final_Project/Sandbox/signal_detect_vitis/signal_detect_platform/tempdsa/signal_detect_bd_wrapper.xsa
TRACE::2026-04-26.19:57:53::SCWPlatform::DSA given C:/Users/suren/Documents/ECE_520/Final_Project/Sandbox/signal_detect_vitis/signal_detect_platform/tempdsa/signal_detect_bd_wrapper.xsa
TRACE::2026-04-26.19:57:53::SCWPlatform::DSA absoulate path C:/Users/suren/Documents/ECE_520/Final_Project/Sandbox/signal_detect_vitis/signal_detect_platform/tempdsa/signal_detect_bd_wrapper.xsa
TRACE::2026-04-26.19:57:53::SCWPlatform::DSA directory C:/Users/suren/Documents/ECE_520/Final_Project/Sandbox/signal_detect_vitis/signal_detect_platform/tempdsa
TRACE::2026-04-26.19:57:53::SCWPlatform:: Platform Path C:/Users/suren/Documents/ECE_520/Final_Project/Sandbox/signal_detect_vitis/signal_detect_platform/tempdsa/signal_detect_bd_wrapper.xsa
TRACE::2026-04-26.19:57:53::SCWPlatform:: Unique name xilinx:zybo-z7-10::0.0
TRACE::2026-04-26.19:57:53::SCWPlatform::update - Opened existing hwdb signal_detect_bd_wrapper_33
TRACE::2026-04-26.19:57:53::SCWPlatform::Found the Hw Db part of the input DSA
TRACE::2026-04-26.19:57:53::SCWMssOS::Saving the mss changes C:/Users/suren/Documents/ECE_520/Final_Project/Sandbox/signal_detect_vitis/signal_detect_platform/zynq_fsbl/zynq_fsbl_bsp/system.mss
TRACE::2026-04-26.19:57:53::SCWMssOS::Found a swdesign opened with the mssfile.
TRACE::2026-04-26.19:57:53::SCWMssOS::Completed writemss as part of save.
TRACE::2026-04-26.19:57:53::SCWMssOS::Commit changes completed.
TRACE::2026-04-26.19:57:53::SCWMssOS::Completed hw sync for the mss in domain: zynq_fsbl
TRACE::2026-04-26.19:57:53::SCWMssOS::Removing the swdes entry for  C:/Users/suren/Documents/ECE_520/Final_Project/Sandbox/signal_detect_vitis/signal_detect_platform/zynq_fsbl/zynq_fsbl_bsp/system.mss
TRACE::2026-04-26.19:57:53::SCWMssOS::Saving the mss changes C:/Users/suren/Documents/ECE_520/Final_Project/Sandbox/signal_detect_vitis/signal_detect_platform/ps7_cortexa9_0/standalone_domain/bsp/system.mss
TRACE::2026-04-26.19:57:53::SCWMssOS::Found a swdesign opened with the mssfile.
TRACE::2026-04-26.19:57:53::SCWMssOS::Completed writemss as part of save.
TRACE::2026-04-26.19:57:53::SCWMssOS::Commit changes completed.
TRACE::2026-04-26.19:57:53::SCWMssOS::Completed hw sync for the mss in domain: standalone_domain
TRACE::2026-04-26.19:57:53::SCWMssOS::Removing the swdes entry for  C:/Users/suren/Documents/ECE_520/Final_Project/Sandbox/signal_detect_vitis/signal_detect_platform/ps7_cortexa9_0/standalone_domain/bsp/system.mss
TRACE::2026-04-26.19:57:53::SCWPlatform::Trying to open the hw design at C:/Users/suren/Documents/ECE_520/Final_Project/Sandbox/signal_detect_vitis/signal_detect_platform/hw/signal_detect_bd_wrapper.xsa
TRACE::2026-04-26.19:57:53::SCWPlatform::DSA given C:/Users/suren/Documents/ECE_520/Final_Project/Sandbox/signal_detect_vitis/signal_detect_platform/hw/signal_detect_bd_wrapper.xsa
TRACE::2026-04-26.19:57:53::SCWPlatform::DSA absoulate path C:/Users/suren/Documents/ECE_520/Final_Project/Sandbox/signal_detect_vitis/signal_detect_platform/hw/signal_detect_bd_wrapper.xsa
TRACE::2026-04-26.19:57:53::SCWPlatform::DSA directory C:/Users/suren/Documents/ECE_520/Final_Project/Sandbox/signal_detect_vitis/signal_detect_platform/hw
TRACE::2026-04-26.19:57:53::SCWPlatform:: Platform Path C:/Users/suren/Documents/ECE_520/Final_Project/Sandbox/signal_detect_vitis/signal_detect_platform/hw/signal_detect_bd_wrapper.xsa
TRACE::2026-04-26.19:57:53::SCWPlatform:: Unique name xilinx:zybo-z7-10::0.0
TRACE::2026-04-26.19:57:53::SCWPlatform::Do not have an existing db opened. 
TRACE::2026-04-26.19:57:54::SCWPlatform::Opened new HwDB with name signal_detect_bd_wrapper_34
TRACE::2026-04-26.19:57:54::SCWMssOS::Saving the mss changes C:/Users/suren/Documents/ECE_520/Final_Project/Sandbox/signal_detect_vitis/signal_detect_platform/zynq_fsbl/zynq_fsbl_bsp/system.mss
TRACE::2026-04-26.19:57:54::SCWMssOS::Adding the swdes entry, mss present, able to open swdb C:/Users/suren/Documents/ECE_520/Final_Project/Sandbox/signal_detect_vitis/signal_detect_platform/zynq_fsbl/zynq_fsbl_bsp/system.mss with des name system
TRACE::2026-04-26.19:57:54::SCWMssOS::Writing the mss file completed C:/Users/suren/Documents/ECE_520/Final_Project/Sandbox/signal_detect_vitis/signal_detect_platform/zynq_fsbl/zynq_fsbl_bsp/system.mss
TRACE::2026-04-26.19:57:54::SCWMssOS::Commit changes completed.
TRACE::2026-04-26.19:57:54::SCWMssOS::Saving the mss changes C:/Users/suren/Documents/ECE_520/Final_Project/Sandbox/signal_detect_vitis/signal_detect_platform/ps7_cortexa9_0/standalone_domain/bsp/system.mss
TRACE::2026-04-26.19:57:54::SCWMssOS::Adding the swdes entry, mss present, able to open swdb C:/Users/suren/Documents/ECE_520/Final_Project/Sandbox/signal_detect_vitis/signal_detect_platform/ps7_cortexa9_0/standalone_domain/bsp/system.mss with des name system_0
TRACE::2026-04-26.19:57:54::SCWMssOS::Writing the mss file completed C:/Users/suren/Documents/ECE_520/Final_Project/Sandbox/signal_detect_vitis/signal_detect_platform/ps7_cortexa9_0/standalone_domain/bsp/system.mss
TRACE::2026-04-26.19:57:54::SCWMssOS::Commit changes completed.
TRACE::2026-04-26.19:57:54::SCWPlatform::Trying to open the hw design at C:/Users/suren/Documents/ECE_520/Final_Project/Sandbox/signal_detect_vitis/signal_detect_platform/hw/signal_detect_bd_wrapper.xsa
TRACE::2026-04-26.19:57:54::SCWPlatform::DSA given C:/Users/suren/Documents/ECE_520/Final_Project/Sandbox/signal_detect_vitis/signal_detect_platform/hw/signal_detect_bd_wrapper.xsa
TRACE::2026-04-26.19:57:54::SCWPlatform::DSA absoulate path C:/Users/suren/Documents/ECE_520/Final_Project/Sandbox/signal_detect_vitis/signal_detect_platform/hw/signal_detect_bd_wrapper.xsa
TRACE::2026-04-26.19:57:54::SCWPlatform::DSA directory C:/Users/suren/Documents/ECE_520/Final_Project/Sandbox/signal_detect_vitis/signal_detect_platform/hw
TRACE::2026-04-26.19:57:54::SCWPlatform:: Platform Path C:/Users/suren/Documents/ECE_520/Final_Project/Sandbox/signal_detect_vitis/signal_detect_platform/hw/signal_detect_bd_wrapper.xsa
TRACE::2026-04-26.19:57:54::SCWPlatform:: Unique name xilinx:zybo-z7-10::0.0
TRACE::2026-04-26.19:57:54::SCWPlatform::Trying to set the existing hwdb with name signal_detect_bd_wrapper_34
TRACE::2026-04-26.19:57:54::SCWPlatform::Opened existing hwdb signal_detect_bd_wrapper_34
TRACE::2026-04-26.19:57:54::SCWPlatform::Found the Hw Db part of the input DSA
TRACE::2026-04-26.19:57:54::SCWMssOS::Checking the sw design at  C:/Users/suren/Documents/ECE_520/Final_Project/Sandbox/signal_detect_vitis/signal_detect_platform/zynq_fsbl/zynq_fsbl_bsp/system.mss
TRACE::2026-04-26.19:57:54::SCWMssOS::DEBUG:  swdes dump  C:/Users/suren/Documents/ECE_520/Final_Project/Sandbox/signal_detect_vitis/signal_detect_platform/ps7_cortexa9_0/standalone_domain/bsp/system.mss|system_0||
C:/Users/suren/Documents/ECE_520/Final_Project/Sandbox/signal_detect_vitis/signal_detect_platform/zynq_fsbl/zynq_fsbl_bsp/system.mss|system||

TRACE::2026-04-26.19:57:54::SCWMssOS::Sw design exists and opened at  C:/Users/suren/Documents/ECE_520/Final_Project/Sandbox/signal_detect_vitis/signal_detect_platform/zynq_fsbl/zynq_fsbl_bsp/system.mss
TRACE::2026-04-26.19:57:54::SCWPlatform::Trying to open the hw design at C:/Users/suren/Documents/ECE_520/Final_Project/Sandbox/signal_detect_vitis/signal_detect_platform/hw/signal_detect_bd_wrapper.xsa
TRACE::2026-04-26.19:57:54::SCWPlatform::DSA given C:/Users/suren/Documents/ECE_520/Final_Project/Sandbox/signal_detect_vitis/signal_detect_platform/hw/signal_detect_bd_wrapper.xsa
TRACE::2026-04-26.19:57:54::SCWPlatform::DSA absoulate path C:/Users/suren/Documents/ECE_520/Final_Project/Sandbox/signal_detect_vitis/signal_detect_platform/hw/signal_detect_bd_wrapper.xsa
TRACE::2026-04-26.19:57:54::SCWPlatform::DSA directory C:/Users/suren/Documents/ECE_520/Final_Project/Sandbox/signal_detect_vitis/signal_detect_platform/hw
TRACE::2026-04-26.19:57:54::SCWPlatform:: Platform Path C:/Users/suren/Documents/ECE_520/Final_Project/Sandbox/signal_detect_vitis/signal_detect_platform/hw/signal_detect_bd_wrapper.xsa
TRACE::2026-04-26.19:57:54::SCWPlatform:: Unique name xilinx:zybo-z7-10::0.0
TRACE::2026-04-26.19:57:54::SCWPlatform::Trying to set the existing hwdb with name signal_detect_bd_wrapper_34
TRACE::2026-04-26.19:57:54::SCWPlatform::Opened existing hwdb signal_detect_bd_wrapper_34
TRACE::2026-04-26.19:57:54::SCWPlatform::Found the Hw Db part of the input DSA
TRACE::2026-04-26.19:57:54::SCWMssOS::Checking the sw design at  C:/Users/suren/Documents/ECE_520/Final_Project/Sandbox/signal_detect_vitis/signal_detect_platform/ps7_cortexa9_0/standalone_domain/bsp/system.mss
TRACE::2026-04-26.19:57:54::SCWMssOS::DEBUG:  swdes dump  C:/Users/suren/Documents/ECE_520/Final_Project/Sandbox/signal_detect_vitis/signal_detect_platform/ps7_cortexa9_0/standalone_domain/bsp/system.mss|system_0||
C:/Users/suren/Documents/ECE_520/Final_Project/Sandbox/signal_detect_vitis/signal_detect_platform/zynq_fsbl/zynq_fsbl_bsp/system.mss|system||

TRACE::2026-04-26.19:57:54::SCWMssOS::Sw design exists and opened at  C:/Users/suren/Documents/ECE_520/Final_Project/Sandbox/signal_detect_vitis/signal_detect_platform/ps7_cortexa9_0/standalone_domain/bsp/system.mss
TRACE::2026-04-26.19:57:54::SCWWriter::formatted JSON is {
	"platformName":	"signal_detect_platform",
	"sprVersion":	"2.0",
	"mode":	"gui",
	"dsaType":	"Fixed",
	"platformDesc":	"signal_detect_platform",
	"platHandOff":	"C:/Users/suren/Documents/ECE_520/Final_Project/Sandbox/signal_detect_sb/signal_detect_bd_wrapper.xsa",
	"platIntHandOff":	"<platformDir>/hw/signal_detect_bd_wrapper.xsa",
	"deviceType":	"zynq",
	"platIsPrebuiltAutogen":	"false",
	"platIsNoBootBsp":	"false",
	"hasFsblMakeHasChanges":	"false",
	"hasPmufwMakeHasChanges":	"false",
	"fsblExtraCompilerFlags":	"-MMD -MP       -mcpu=cortex-a9 -mfpu=vfpv3 -mfloat-abi=hard ",
	"platPreBuiltFlag":	false,
	"platformSamplesDir":	"",
	"platActiveSys":	"signal_detect_platform",
	"systems":	[{
			"systemName":	"signal_detect_platform",
			"systemDesc":	"signal_detect_platform",
			"sysIsBootAutoGen":	"true",
			"systemDispName":	"signal_detect_platform",
			"sysActiveDom":	"standalone_domain",
			"sysDefaultDom":	"standalone_domain",
			"domains":	[{
					"domainName":	"zynq_fsbl",
					"domainDispName":	"zynq_fsbl",
					"domainDesc":	"FSBL Application BSP - Auto Generated.",
					"processors":	"ps7_cortexa9_0",
					"os":	"standalone",
					"sdxOs":	"standalone",
					"debugEnable":	"",
					"domRuntimes":	["cpp"],
					"swRepo":	"",
					"mssOsVer":	"8.1",
					"mssFile":	"",
					"md5Digest":	"24e81f5df4a1b28986eb4269e22351fe1",
					"compatibleApp":	"zynq_fsbl",
					"domType":	"bootDomain",
					"arch":	"32-bit",
					"appSettings":	{
						"appCompilerFlags":	"",
						"appLinkerFlags":	""
					},
					"addedLibs":	["xilffs:5.0", "xilrsa:1.6"],
					"libOptions":	{
						"libsContainingOptions":	[]
					},
					"prebuiltLibs":	{
						"prebuiltIncPath":	[],
						"prebuiltLibPath":	[]
					},
					"isolation":	{
					}
				}, {
					"domainName":	"standalone_domain",
					"domainDispName":	"standalone on ps7_cortexa9_0",
					"domainDesc":	"standalone_domain",
					"processors":	"ps7_cortexa9_0",
					"os":	"standalone",
					"sdxOs":	"standalone",
					"qemuArgs":	"<platformDir>/resources/signal_detect_platform/standalone_domain/qemu_args.txt",
					"qemuData":	"<platformDir>/resources/signal_detect_platform/standalone_domain/qemu",
					"debugEnable":	"False",
					"domRuntimes":	["cpp"],
					"swRepo":	"",
					"mssOsVer":	"8.1",
					"mssFile":	"",
					"md5Digest":	"9d9647dd92d7d30efd40c762a4ad20961",
					"compatibleApp":	"",
					"domType":	"mssDomain",
					"appSettings":	{
						"appCompilerFlags":	"",
						"appLinkerFlags":	""
					},
					"addedLibs":	[],
					"libOptions":	{
						"libsContainingOptions":	[]
					},
					"prebuiltLibs":	{
						"prebuiltIncPath":	[],
						"prebuiltLibPath":	[]
					},
					"isolation":	{
					}
				}]
		}]
}
TRACE::2026-04-26.19:57:55::SCWPlatform::Clearing the existing platform
TRACE::2026-04-26.19:57:55::SCWSystem::Clearing the existing sysconfig
TRACE::2026-04-26.19:57:55::SCWBDomain::clearing the fsbl build
TRACE::2026-04-26.19:57:55::SCWMssOS::Removing the swdes entry for  C:/Users/suren/Documents/ECE_520/Final_Project/Sandbox/signal_detect_vitis/signal_detect_platform/zynq_fsbl/zynq_fsbl_bsp/system.mss
TRACE::2026-04-26.19:57:55::SCWMssOS::Removing the swdes entry for  C:/Users/suren/Documents/ECE_520/Final_Project/Sandbox/signal_detect_vitis/signal_detect_platform/ps7_cortexa9_0/standalone_domain/bsp/system.mss
TRACE::2026-04-26.19:57:55::SCWSystem::Clearing the domains completed.
TRACE::2026-04-26.19:57:55::SCWPlatform::Clearing the opened hw db.
TRACE::2026-04-26.19:57:55::SCWPlatform::DSA given C:/Users/suren/Documents/ECE_520/Final_Project/Sandbox/signal_detect_vitis/signal_detect_platform/hw/signal_detect_bd_wrapper.xsa
TRACE::2026-04-26.19:57:55::SCWPlatform::DSA absoulate path C:/Users/suren/Documents/ECE_520/Final_Project/Sandbox/signal_detect_vitis/signal_detect_platform/hw/signal_detect_bd_wrapper.xsa
TRACE::2026-04-26.19:57:55::SCWPlatform:: Platform location is C:/Users/suren/Documents/ECE_520/Final_Project/Sandbox/signal_detect_vitis/signal_detect_platform/hw
TRACE::2026-04-26.19:57:55::SCWPlatform:: Platform Path C:/Users/suren/Documents/ECE_520/Final_Project/Sandbox/signal_detect_vitis/signal_detect_platform/hw/signal_detect_bd_wrapper.xsa
TRACE::2026-04-26.19:57:55::SCWPlatform:: Unique name xilinx:zybo-z7-10::0.0
TRACE::2026-04-26.19:57:55::SCWPlatform::Removing the HwDB with name C:/Users/suren/Documents/ECE_520/Final_Project/Sandbox/signal_detect_vitis/signal_detect_platform/hw/signal_detect_bd_wrapper.xsa
TRACE::2026-04-26.19:57:55::SCWPlatform::Trying to open the hw design at C:/Users/suren/Documents/ECE_520/Final_Project/Sandbox/signal_detect_vitis/signal_detect_platform/hw/signal_detect_bd_wrapper.xsa
TRACE::2026-04-26.19:57:55::SCWPlatform::DSA given C:/Users/suren/Documents/ECE_520/Final_Project/Sandbox/signal_detect_vitis/signal_detect_platform/hw/signal_detect_bd_wrapper.xsa
TRACE::2026-04-26.19:57:55::SCWPlatform::DSA absoulate path C:/Users/suren/Documents/ECE_520/Final_Project/Sandbox/signal_detect_vitis/signal_detect_platform/hw/signal_detect_bd_wrapper.xsa
TRACE::2026-04-26.19:57:55::SCWPlatform::DSA directory C:/Users/suren/Documents/ECE_520/Final_Project/Sandbox/signal_detect_vitis/signal_detect_platform/hw
TRACE::2026-04-26.19:57:55::SCWPlatform:: Platform Path C:/Users/suren/Documents/ECE_520/Final_Project/Sandbox/signal_detect_vitis/signal_detect_platform/hw/signal_detect_bd_wrapper.xsa
TRACE::2026-04-26.19:57:55::SCWPlatform:: Unique name xilinx:zybo-z7-10::0.0
TRACE::2026-04-26.19:57:55::SCWPlatform::Do not have an existing db opened. 
TRACE::2026-04-26.19:57:57::SCWPlatform::Opened new HwDB with name signal_detect_bd_wrapper_35
TRACE::2026-04-26.19:57:57::SCWReader::Active system found as  signal_detect_platform
TRACE::2026-04-26.19:57:57::SCWReader::Handling sysconfig signal_detect_platform
TRACE::2026-04-26.19:57:57::SCWDomain::checking for install qemu data   : 
TRACE::2026-04-26.19:57:57::SCWDomain:: Using the QEMU Data from install at  : C:/Xilinx/Vitis/2023.1/data/emulation/platforms/zynq/sw/a9_standalone/qemu/
TRACE::2026-04-26.19:57:57::SCWDomain:: Using the QEMU args  from install at  : C:/Xilinx/Vitis/2023.1/data/emulation/platforms/zynq/sw/a9_standalone/qemu/qemu_args.txt
TRACE::2026-04-26.19:57:57::SCWPlatform::Trying to open the hw design at C:/Users/suren/Documents/ECE_520/Final_Project/Sandbox/signal_detect_vitis/signal_detect_platform/hw/signal_detect_bd_wrapper.xsa
TRACE::2026-04-26.19:57:57::SCWPlatform::DSA given C:/Users/suren/Documents/ECE_520/Final_Project/Sandbox/signal_detect_vitis/signal_detect_platform/hw/signal_detect_bd_wrapper.xsa
TRACE::2026-04-26.19:57:57::SCWPlatform::DSA absoulate path C:/Users/suren/Documents/ECE_520/Final_Project/Sandbox/signal_detect_vitis/signal_detect_platform/hw/signal_detect_bd_wrapper.xsa
TRACE::2026-04-26.19:57:57::SCWPlatform::DSA directory C:/Users/suren/Documents/ECE_520/Final_Project/Sandbox/signal_detect_vitis/signal_detect_platform/hw
TRACE::2026-04-26.19:57:57::SCWPlatform:: Platform Path C:/Users/suren/Documents/ECE_520/Final_Project/Sandbox/signal_detect_vitis/signal_detect_platform/hw/signal_detect_bd_wrapper.xsa
TRACE::2026-04-26.19:57:57::SCWPlatform:: Unique name xilinx:zybo-z7-10::0.0
TRACE::2026-04-26.19:57:57::SCWPlatform::Trying to set the existing hwdb with name signal_detect_bd_wrapper_35
TRACE::2026-04-26.19:57:57::SCWPlatform::Opened existing hwdb signal_detect_bd_wrapper_35
TRACE::2026-04-26.19:57:57::SCWPlatform::Found the Hw Db part of the input DSA
TRACE::2026-04-26.19:57:57::SCWPlatform::Trying to open the hw design at C:/Users/suren/Documents/ECE_520/Final_Project/Sandbox/signal_detect_vitis/signal_detect_platform/hw/signal_detect_bd_wrapper.xsa
TRACE::2026-04-26.19:57:57::SCWPlatform::DSA given C:/Users/suren/Documents/ECE_520/Final_Project/Sandbox/signal_detect_vitis/signal_detect_platform/hw/signal_detect_bd_wrapper.xsa
TRACE::2026-04-26.19:57:57::SCWPlatform::DSA absoulate path C:/Users/suren/Documents/ECE_520/Final_Project/Sandbox/signal_detect_vitis/signal_detect_platform/hw/signal_detect_bd_wrapper.xsa
TRACE::2026-04-26.19:57:57::SCWPlatform::DSA directory C:/Users/suren/Documents/ECE_520/Final_Project/Sandbox/signal_detect_vitis/signal_detect_platform/hw
TRACE::2026-04-26.19:57:57::SCWPlatform:: Platform Path C:/Users/suren/Documents/ECE_520/Final_Project/Sandbox/signal_detect_vitis/signal_detect_platform/hw/signal_detect_bd_wrapper.xsa
TRACE::2026-04-26.19:57:57::SCWPlatform:: Unique name xilinx:zybo-z7-10::0.0
TRACE::2026-04-26.19:57:57::SCWPlatform::Trying to set the existing hwdb with name signal_detect_bd_wrapper_35
TRACE::2026-04-26.19:57:57::SCWPlatform::Opened existing hwdb signal_detect_bd_wrapper_35
TRACE::2026-04-26.19:57:57::SCWPlatform::Found the Hw Db part of the input DSA
TRACE::2026-04-26.19:57:57::SCWPlatform::Trying to open the hw design at C:/Users/suren/Documents/ECE_520/Final_Project/Sandbox/signal_detect_vitis/signal_detect_platform/hw/signal_detect_bd_wrapper.xsa
TRACE::2026-04-26.19:57:57::SCWPlatform::DSA given C:/Users/suren/Documents/ECE_520/Final_Project/Sandbox/signal_detect_vitis/signal_detect_platform/hw/signal_detect_bd_wrapper.xsa
TRACE::2026-04-26.19:57:57::SCWPlatform::DSA absoulate path C:/Users/suren/Documents/ECE_520/Final_Project/Sandbox/signal_detect_vitis/signal_detect_platform/hw/signal_detect_bd_wrapper.xsa
TRACE::2026-04-26.19:57:57::SCWPlatform::DSA directory C:/Users/suren/Documents/ECE_520/Final_Project/Sandbox/signal_detect_vitis/signal_detect_platform/hw
TRACE::2026-04-26.19:57:57::SCWPlatform:: Platform Path C:/Users/suren/Documents/ECE_520/Final_Project/Sandbox/signal_detect_vitis/signal_detect_platform/hw/signal_detect_bd_wrapper.xsa
TRACE::2026-04-26.19:57:57::SCWPlatform:: Unique name xilinx:zybo-z7-10::0.0
TRACE::2026-04-26.19:57:57::SCWPlatform::Trying to set the existing hwdb with name signal_detect_bd_wrapper_35
TRACE::2026-04-26.19:57:57::SCWPlatform::Opened existing hwdb signal_detect_bd_wrapper_35
TRACE::2026-04-26.19:57:57::SCWPlatform::Found the Hw Db part of the input DSA
TRACE::2026-04-26.19:57:57::SCWReader::Boot application domain added for zynq_fsbl
TRACE::2026-04-26.19:57:57::SCWPlatform::Trying to open the hw design at C:/Users/suren/Documents/ECE_520/Final_Project/Sandbox/signal_detect_vitis/signal_detect_platform/hw/signal_detect_bd_wrapper.xsa
TRACE::2026-04-26.19:57:57::SCWPlatform::DSA given C:/Users/suren/Documents/ECE_520/Final_Project/Sandbox/signal_detect_vitis/signal_detect_platform/hw/signal_detect_bd_wrapper.xsa
TRACE::2026-04-26.19:57:57::SCWPlatform::DSA absoulate path C:/Users/suren/Documents/ECE_520/Final_Project/Sandbox/signal_detect_vitis/signal_detect_platform/hw/signal_detect_bd_wrapper.xsa
TRACE::2026-04-26.19:57:57::SCWPlatform::DSA directory C:/Users/suren/Documents/ECE_520/Final_Project/Sandbox/signal_detect_vitis/signal_detect_platform/hw
TRACE::2026-04-26.19:57:57::SCWPlatform:: Platform Path C:/Users/suren/Documents/ECE_520/Final_Project/Sandbox/signal_detect_vitis/signal_detect_platform/hw/signal_detect_bd_wrapper.xsa
TRACE::2026-04-26.19:57:57::SCWPlatform:: Unique name xilinx:zybo-z7-10::0.0
TRACE::2026-04-26.19:57:57::SCWPlatform::Trying to set the existing hwdb with name signal_detect_bd_wrapper_35
TRACE::2026-04-26.19:57:57::SCWPlatform::Opened existing hwdb signal_detect_bd_wrapper_35
TRACE::2026-04-26.19:57:57::SCWPlatform::Found the Hw Db part of the input DSA
TRACE::2026-04-26.19:57:57::SCWMssOS::Checking the sw design at  C:/Users/suren/Documents/ECE_520/Final_Project/Sandbox/signal_detect_vitis/signal_detect_platform/zynq_fsbl/zynq_fsbl_bsp/system.mss
TRACE::2026-04-26.19:57:57::SCWMssOS::DEBUG:  swdes dump  
TRACE::2026-04-26.19:57:57::SCWMssOS::No sw design opened at  C:/Users/suren/Documents/ECE_520/Final_Project/Sandbox/signal_detect_vitis/signal_detect_platform/zynq_fsbl/zynq_fsbl_bsp/system.mss
TRACE::2026-04-26.19:57:57::SCWMssOS::mss exists loading the mss file  C:/Users/suren/Documents/ECE_520/Final_Project/Sandbox/signal_detect_vitis/signal_detect_platform/zynq_fsbl/zynq_fsbl_bsp/system.mss
TRACE::2026-04-26.19:57:57::SCWMssOS::Opened the sw design from mss  C:/Users/suren/Documents/ECE_520/Final_Project/Sandbox/signal_detect_vitis/signal_detect_platform/zynq_fsbl/zynq_fsbl_bsp/system.mss
TRACE::2026-04-26.19:57:57::SCWMssOS::Adding the swdes entry C:/Users/suren/Documents/ECE_520/Final_Project/Sandbox/signal_detect_vitis/signal_detect_platform/zynq_fsbl/zynq_fsbl_bsp/system.mss with des name system
TRACE::2026-04-26.19:57:57::SCWMssOS::updating the scw layer about changes
TRACE::2026-04-26.19:57:57::SCWMssOS::Opened the sw design.  C:/Users/suren/Documents/ECE_520/Final_Project/Sandbox/signal_detect_vitis/signal_detect_platform/zynq_fsbl/zynq_fsbl_bsp/system.mss
TRACE::2026-04-26.19:57:57::SCWPlatform::Trying to open the hw design at C:/Users/suren/Documents/ECE_520/Final_Project/Sandbox/signal_detect_vitis/signal_detect_platform/hw/signal_detect_bd_wrapper.xsa
TRACE::2026-04-26.19:57:57::SCWPlatform::DSA given C:/Users/suren/Documents/ECE_520/Final_Project/Sandbox/signal_detect_vitis/signal_detect_platform/hw/signal_detect_bd_wrapper.xsa
TRACE::2026-04-26.19:57:57::SCWPlatform::DSA absoulate path C:/Users/suren/Documents/ECE_520/Final_Project/Sandbox/signal_detect_vitis/signal_detect_platform/hw/signal_detect_bd_wrapper.xsa
TRACE::2026-04-26.19:57:57::SCWPlatform::DSA directory C:/Users/suren/Documents/ECE_520/Final_Project/Sandbox/signal_detect_vitis/signal_detect_platform/hw
TRACE::2026-04-26.19:57:57::SCWPlatform:: Platform Path C:/Users/suren/Documents/ECE_520/Final_Project/Sandbox/signal_detect_vitis/signal_detect_platform/hw/signal_detect_bd_wrapper.xsa
TRACE::2026-04-26.19:57:57::SCWPlatform:: Unique name xilinx:zybo-z7-10::0.0
TRACE::2026-04-26.19:57:57::SCWPlatform::Trying to set the existing hwdb with name signal_detect_bd_wrapper_35
TRACE::2026-04-26.19:57:57::SCWPlatform::Opened existing hwdb signal_detect_bd_wrapper_35
TRACE::2026-04-26.19:57:57::SCWPlatform::Found the Hw Db part of the input DSA
TRACE::2026-04-26.19:57:57::SCWMssOS::Checking the sw design at  C:/Users/suren/Documents/ECE_520/Final_Project/Sandbox/signal_detect_vitis/signal_detect_platform/zynq_fsbl/zynq_fsbl_bsp/system.mss
TRACE::2026-04-26.19:57:57::SCWMssOS::DEBUG:  swdes dump  C:/Users/suren/Documents/ECE_520/Final_Project/Sandbox/signal_detect_vitis/signal_detect_platform/zynq_fsbl/zynq_fsbl_bsp/system.mss|system||

TRACE::2026-04-26.19:57:57::SCWMssOS::Sw design exists and opened at  C:/Users/suren/Documents/ECE_520/Final_Project/Sandbox/signal_detect_vitis/signal_detect_platform/zynq_fsbl/zynq_fsbl_bsp/system.mss
TRACE::2026-04-26.19:57:57::SCWMssOS:: library already available in sw design:  xilffs:5.0
TRACE::2026-04-26.19:57:57::SCWPlatform::Trying to open the hw design at C:/Users/suren/Documents/ECE_520/Final_Project/Sandbox/signal_detect_vitis/signal_detect_platform/hw/signal_detect_bd_wrapper.xsa
TRACE::2026-04-26.19:57:57::SCWPlatform::DSA given C:/Users/suren/Documents/ECE_520/Final_Project/Sandbox/signal_detect_vitis/signal_detect_platform/hw/signal_detect_bd_wrapper.xsa
TRACE::2026-04-26.19:57:57::SCWPlatform::DSA absoulate path C:/Users/suren/Documents/ECE_520/Final_Project/Sandbox/signal_detect_vitis/signal_detect_platform/hw/signal_detect_bd_wrapper.xsa
TRACE::2026-04-26.19:57:57::SCWPlatform::DSA directory C:/Users/suren/Documents/ECE_520/Final_Project/Sandbox/signal_detect_vitis/signal_detect_platform/hw
TRACE::2026-04-26.19:57:57::SCWPlatform:: Platform Path C:/Users/suren/Documents/ECE_520/Final_Project/Sandbox/signal_detect_vitis/signal_detect_platform/hw/signal_detect_bd_wrapper.xsa
TRACE::2026-04-26.19:57:57::SCWPlatform:: Unique name xilinx:zybo-z7-10::0.0
TRACE::2026-04-26.19:57:57::SCWPlatform::Trying to set the existing hwdb with name signal_detect_bd_wrapper_35
TRACE::2026-04-26.19:57:57::SCWPlatform::Opened existing hwdb signal_detect_bd_wrapper_35
TRACE::2026-04-26.19:57:57::SCWPlatform::Found the Hw Db part of the input DSA
TRACE::2026-04-26.19:57:57::SCWMssOS::Checking the sw design at  C:/Users/suren/Documents/ECE_520/Final_Project/Sandbox/signal_detect_vitis/signal_detect_platform/zynq_fsbl/zynq_fsbl_bsp/system.mss
TRACE::2026-04-26.19:57:57::SCWMssOS::DEBUG:  swdes dump  C:/Users/suren/Documents/ECE_520/Final_Project/Sandbox/signal_detect_vitis/signal_detect_platform/zynq_fsbl/zynq_fsbl_bsp/system.mss|system||

TRACE::2026-04-26.19:57:57::SCWMssOS::Sw design exists and opened at  C:/Users/suren/Documents/ECE_520/Final_Project/Sandbox/signal_detect_vitis/signal_detect_platform/zynq_fsbl/zynq_fsbl_bsp/system.mss
TRACE::2026-04-26.19:57:57::SCWMssOS:: library already available in sw design:  xilrsa:1.6
TRACE::2026-04-26.19:57:57::SCWMssOS::Saving the mss changes C:/Users/suren/Documents/ECE_520/Final_Project/Sandbox/signal_detect_vitis/signal_detect_platform/zynq_fsbl/zynq_fsbl_bsp/system.mss
TRACE::2026-04-26.19:57:57::SCWMssOS::Found a swdesign opened with the mssfile.
TRACE::2026-04-26.19:57:57::SCWMssOS::Completed writemss as part of save.
TRACE::2026-04-26.19:57:57::SCWMssOS::Commit changes completed.
TRACE::2026-04-26.19:57:57::SCWReader::Adding prebuilt librarypaths as   
TRACE::2026-04-26.19:57:57::SCWReader::Adding prebuilt incpaths  as   
TRACE::2026-04-26.19:57:57::SCWPlatform::Trying to open the hw design at C:/Users/suren/Documents/ECE_520/Final_Project/Sandbox/signal_detect_vitis/signal_detect_platform/hw/signal_detect_bd_wrapper.xsa
TRACE::2026-04-26.19:57:57::SCWPlatform::DSA given C:/Users/suren/Documents/ECE_520/Final_Project/Sandbox/signal_detect_vitis/signal_detect_platform/hw/signal_detect_bd_wrapper.xsa
TRACE::2026-04-26.19:57:57::SCWPlatform::DSA absoulate path C:/Users/suren/Documents/ECE_520/Final_Project/Sandbox/signal_detect_vitis/signal_detect_platform/hw/signal_detect_bd_wrapper.xsa
TRACE::2026-04-26.19:57:57::SCWPlatform::DSA directory C:/Users/suren/Documents/ECE_520/Final_Project/Sandbox/signal_detect_vitis/signal_detect_platform/hw
TRACE::2026-04-26.19:57:57::SCWPlatform:: Platform Path C:/Users/suren/Documents/ECE_520/Final_Project/Sandbox/signal_detect_vitis/signal_detect_platform/hw/signal_detect_bd_wrapper.xsa
TRACE::2026-04-26.19:57:57::SCWPlatform:: Unique name xilinx:zybo-z7-10::0.0
TRACE::2026-04-26.19:57:57::SCWPlatform::Trying to set the existing hwdb with name signal_detect_bd_wrapper_35
TRACE::2026-04-26.19:57:57::SCWPlatform::Opened existing hwdb signal_detect_bd_wrapper_35
TRACE::2026-04-26.19:57:57::SCWPlatform::Found the Hw Db part of the input DSA
TRACE::2026-04-26.19:57:57::SCWMssOS::Checking the sw design at  C:/Users/suren/Documents/ECE_520/Final_Project/Sandbox/signal_detect_vitis/signal_detect_platform/zynq_fsbl/zynq_fsbl_bsp/system.mss
TRACE::2026-04-26.19:57:57::SCWMssOS::DEBUG:  swdes dump  C:/Users/suren/Documents/ECE_520/Final_Project/Sandbox/signal_detect_vitis/signal_detect_platform/zynq_fsbl/zynq_fsbl_bsp/system.mss|system||

TRACE::2026-04-26.19:57:57::SCWMssOS::Sw design exists and opened at  C:/Users/suren/Documents/ECE_520/Final_Project/Sandbox/signal_detect_vitis/signal_detect_platform/zynq_fsbl/zynq_fsbl_bsp/system.mss
TRACE::2026-04-26.19:57:57::SCWReader::No isolation master present  
TRACE::2026-04-26.19:57:57::SCWDomain::checking for install qemu data   : 
TRACE::2026-04-26.19:57:57::SCWDomain:: Using the QEMU Data from install at  : C:/Xilinx/Vitis/2023.1/data/emulation/platforms/zynq/sw/a9_standalone/qemu/
TRACE::2026-04-26.19:57:57::SCWDomain:: Using the QEMU args  from install at  : C:/Xilinx/Vitis/2023.1/data/emulation/platforms/zynq/sw/a9_standalone/qemu/qemu_args.txt
TRACE::2026-04-26.19:57:57::SCWPlatform::Trying to open the hw design at C:/Users/suren/Documents/ECE_520/Final_Project/Sandbox/signal_detect_vitis/signal_detect_platform/hw/signal_detect_bd_wrapper.xsa
TRACE::2026-04-26.19:57:57::SCWPlatform::DSA given C:/Users/suren/Documents/ECE_520/Final_Project/Sandbox/signal_detect_vitis/signal_detect_platform/hw/signal_detect_bd_wrapper.xsa
TRACE::2026-04-26.19:57:57::SCWPlatform::DSA absoulate path C:/Users/suren/Documents/ECE_520/Final_Project/Sandbox/signal_detect_vitis/signal_detect_platform/hw/signal_detect_bd_wrapper.xsa
TRACE::2026-04-26.19:57:57::SCWPlatform::DSA directory C:/Users/suren/Documents/ECE_520/Final_Project/Sandbox/signal_detect_vitis/signal_detect_platform/hw
TRACE::2026-04-26.19:57:57::SCWPlatform:: Platform Path C:/Users/suren/Documents/ECE_520/Final_Project/Sandbox/signal_detect_vitis/signal_detect_platform/hw/signal_detect_bd_wrapper.xsa
TRACE::2026-04-26.19:57:57::SCWPlatform:: Unique name xilinx:zybo-z7-10::0.0
TRACE::2026-04-26.19:57:57::SCWPlatform::Trying to set the existing hwdb with name signal_detect_bd_wrapper_35
TRACE::2026-04-26.19:57:57::SCWPlatform::Opened existing hwdb signal_detect_bd_wrapper_35
TRACE::2026-04-26.19:57:57::SCWPlatform::Found the Hw Db part of the input DSA
TRACE::2026-04-26.19:57:57::SCWPlatform::Trying to open the hw design at C:/Users/suren/Documents/ECE_520/Final_Project/Sandbox/signal_detect_vitis/signal_detect_platform/hw/signal_detect_bd_wrapper.xsa
TRACE::2026-04-26.19:57:57::SCWPlatform::DSA given C:/Users/suren/Documents/ECE_520/Final_Project/Sandbox/signal_detect_vitis/signal_detect_platform/hw/signal_detect_bd_wrapper.xsa
TRACE::2026-04-26.19:57:57::SCWPlatform::DSA absoulate path C:/Users/suren/Documents/ECE_520/Final_Project/Sandbox/signal_detect_vitis/signal_detect_platform/hw/signal_detect_bd_wrapper.xsa
TRACE::2026-04-26.19:57:57::SCWPlatform::DSA directory C:/Users/suren/Documents/ECE_520/Final_Project/Sandbox/signal_detect_vitis/signal_detect_platform/hw
TRACE::2026-04-26.19:57:57::SCWPlatform:: Platform Path C:/Users/suren/Documents/ECE_520/Final_Project/Sandbox/signal_detect_vitis/signal_detect_platform/hw/signal_detect_bd_wrapper.xsa
TRACE::2026-04-26.19:57:57::SCWPlatform:: Unique name xilinx:zybo-z7-10::0.0
TRACE::2026-04-26.19:57:57::SCWPlatform::Trying to set the existing hwdb with name signal_detect_bd_wrapper_35
TRACE::2026-04-26.19:57:57::SCWPlatform::Opened existing hwdb signal_detect_bd_wrapper_35
TRACE::2026-04-26.19:57:57::SCWPlatform::Found the Hw Db part of the input DSA
TRACE::2026-04-26.19:57:57::SCWPlatform::Trying to open the hw design at C:/Users/suren/Documents/ECE_520/Final_Project/Sandbox/signal_detect_vitis/signal_detect_platform/hw/signal_detect_bd_wrapper.xsa
TRACE::2026-04-26.19:57:57::SCWPlatform::DSA given C:/Users/suren/Documents/ECE_520/Final_Project/Sandbox/signal_detect_vitis/signal_detect_platform/hw/signal_detect_bd_wrapper.xsa
TRACE::2026-04-26.19:57:57::SCWPlatform::DSA absoulate path C:/Users/suren/Documents/ECE_520/Final_Project/Sandbox/signal_detect_vitis/signal_detect_platform/hw/signal_detect_bd_wrapper.xsa
TRACE::2026-04-26.19:57:57::SCWPlatform::DSA directory C:/Users/suren/Documents/ECE_520/Final_Project/Sandbox/signal_detect_vitis/signal_detect_platform/hw
TRACE::2026-04-26.19:57:57::SCWPlatform:: Platform Path C:/Users/suren/Documents/ECE_520/Final_Project/Sandbox/signal_detect_vitis/signal_detect_platform/hw/signal_detect_bd_wrapper.xsa
TRACE::2026-04-26.19:57:57::SCWPlatform:: Unique name xilinx:zybo-z7-10::0.0
TRACE::2026-04-26.19:57:57::SCWPlatform::Trying to set the existing hwdb with name signal_detect_bd_wrapper_35
TRACE::2026-04-26.19:57:57::SCWPlatform::Opened existing hwdb signal_detect_bd_wrapper_35
TRACE::2026-04-26.19:57:57::SCWPlatform::Found the Hw Db part of the input DSA
TRACE::2026-04-26.19:57:57::SCWMssOS::Checking the sw design at  C:/Users/suren/Documents/ECE_520/Final_Project/Sandbox/signal_detect_vitis/signal_detect_platform/ps7_cortexa9_0/standalone_domain/bsp/system.mss
TRACE::2026-04-26.19:57:57::SCWMssOS::DEBUG:  swdes dump  C:/Users/suren/Documents/ECE_520/Final_Project/Sandbox/signal_detect_vitis/signal_detect_platform/zynq_fsbl/zynq_fsbl_bsp/system.mss|system||

TRACE::2026-04-26.19:57:57::SCWMssOS::No sw design opened at  C:/Users/suren/Documents/ECE_520/Final_Project/Sandbox/signal_detect_vitis/signal_detect_platform/ps7_cortexa9_0/standalone_domain/bsp/system.mss
TRACE::2026-04-26.19:57:57::SCWMssOS::mss exists loading the mss file  C:/Users/suren/Documents/ECE_520/Final_Project/Sandbox/signal_detect_vitis/signal_detect_platform/ps7_cortexa9_0/standalone_domain/bsp/system.mss
TRACE::2026-04-26.19:57:57::SCWMssOS::Opened the sw design from mss  C:/Users/suren/Documents/ECE_520/Final_Project/Sandbox/signal_detect_vitis/signal_detect_platform/ps7_cortexa9_0/standalone_domain/bsp/system.mss
TRACE::2026-04-26.19:57:57::SCWMssOS::Adding the swdes entry C:/Users/suren/Documents/ECE_520/Final_Project/Sandbox/signal_detect_vitis/signal_detect_platform/ps7_cortexa9_0/standalone_domain/bsp/system.mss with des name system_0
TRACE::2026-04-26.19:57:57::SCWMssOS::updating the scw layer about changes
TRACE::2026-04-26.19:57:57::SCWMssOS::Opened the sw design.  C:/Users/suren/Documents/ECE_520/Final_Project/Sandbox/signal_detect_vitis/signal_detect_platform/ps7_cortexa9_0/standalone_domain/bsp/system.mss
TRACE::2026-04-26.19:57:57::SCWMssOS::Saving the mss changes C:/Users/suren/Documents/ECE_520/Final_Project/Sandbox/signal_detect_vitis/signal_detect_platform/ps7_cortexa9_0/standalone_domain/bsp/system.mss
TRACE::2026-04-26.19:57:57::SCWMssOS::Found a swdesign opened with the mssfile.
TRACE::2026-04-26.19:57:57::SCWMssOS::Completed writemss as part of save.
TRACE::2026-04-26.19:57:57::SCWMssOS::Commit changes completed.
TRACE::2026-04-26.19:57:57::SCWReader::Adding prebuilt librarypaths as   
TRACE::2026-04-26.19:57:57::SCWReader::Adding prebuilt incpaths  as   
TRACE::2026-04-26.19:57:57::SCWPlatform::Trying to open the hw design at C:/Users/suren/Documents/ECE_520/Final_Project/Sandbox/signal_detect_vitis/signal_detect_platform/hw/signal_detect_bd_wrapper.xsa
TRACE::2026-04-26.19:57:57::SCWPlatform::DSA given C:/Users/suren/Documents/ECE_520/Final_Project/Sandbox/signal_detect_vitis/signal_detect_platform/hw/signal_detect_bd_wrapper.xsa
TRACE::2026-04-26.19:57:57::SCWPlatform::DSA absoulate path C:/Users/suren/Documents/ECE_520/Final_Project/Sandbox/signal_detect_vitis/signal_detect_platform/hw/signal_detect_bd_wrapper.xsa
TRACE::2026-04-26.19:57:57::SCWPlatform::DSA directory C:/Users/suren/Documents/ECE_520/Final_Project/Sandbox/signal_detect_vitis/signal_detect_platform/hw
TRACE::2026-04-26.19:57:57::SCWPlatform:: Platform Path C:/Users/suren/Documents/ECE_520/Final_Project/Sandbox/signal_detect_vitis/signal_detect_platform/hw/signal_detect_bd_wrapper.xsa
TRACE::2026-04-26.19:57:57::SCWPlatform:: Unique name xilinx:zybo-z7-10::0.0
TRACE::2026-04-26.19:57:57::SCWPlatform::Trying to set the existing hwdb with name signal_detect_bd_wrapper_35
TRACE::2026-04-26.19:57:57::SCWPlatform::Opened existing hwdb signal_detect_bd_wrapper_35
TRACE::2026-04-26.19:57:57::SCWPlatform::Found the Hw Db part of the input DSA
TRACE::2026-04-26.19:57:57::SCWMssOS::Checking the sw design at  C:/Users/suren/Documents/ECE_520/Final_Project/Sandbox/signal_detect_vitis/signal_detect_platform/ps7_cortexa9_0/standalone_domain/bsp/system.mss
TRACE::2026-04-26.19:57:57::SCWMssOS::DEBUG:  swdes dump  C:/Users/suren/Documents/ECE_520/Final_Project/Sandbox/signal_detect_vitis/signal_detect_platform/ps7_cortexa9_0/standalone_domain/bsp/system.mss|system_0||
C:/Users/suren/Documents/ECE_520/Final_Project/Sandbox/signal_detect_vitis/signal_detect_platform/zynq_fsbl/zynq_fsbl_bsp/system.mss|system||

TRACE::2026-04-26.19:57:57::SCWMssOS::Sw design exists and opened at  C:/Users/suren/Documents/ECE_520/Final_Project/Sandbox/signal_detect_vitis/signal_detect_platform/ps7_cortexa9_0/standalone_domain/bsp/system.mss
TRACE::2026-04-26.19:57:57::SCWReader::No isolation master present  
LOG::2026-04-26.19:58:03::SCWPlatform::Started generating the artifacts platform signal_detect_platform
TRACE::2026-04-26.19:58:03::SCWPlatform::Sanity checking of platform is completed
LOG::2026-04-26.19:58:03::SCWPlatform::Started generating the artifacts for system configuration signal_detect_platform
LOG::2026-04-26.19:58:03::SCWSystem::Checking the domain zynq_fsbl
LOG::2026-04-26.19:58:03::SCWSystem::Doing application build for :  zynq_fsbl
TRACE::2026-04-26.19:58:03::SCWBDomain::Not a forced makefile updation, No changes are present. 
TRACE::2026-04-26.19:58:03::SCWDomain::Skipping the build for domain :  zynq_fsbl
LOG::2026-04-26.19:58:03::SCWSystem::Checking the domain standalone_domain
LOG::2026-04-26.19:58:03::SCWSystem::Not a boot domain 
LOG::2026-04-26.19:58:03::SCWSystem::Started Processing the domain standalone_domain
TRACE::2026-04-26.19:58:03::SCWDomain::Generating domain artifcats
TRACE::2026-04-26.19:58:03::SCWMssOS::Generating standalone artifcats
TRACE::2026-04-26.19:58:03::SCWMssOS::Copying the qemu file from  C:/Users/suren/Documents/ECE_520/Final_Project/Sandbox/signal_detect_vitis/signal_detect_platform/resources/signal_detect_platform/standalone_domain/qemu_args.txt To C:/Users/suren/Documents/ECE_520/Final_Project/Sandbox/signal_detect_vitis/signal_detect_platform/export/signal_detect_platform/sw/signal_detect_platform/qemu/
TRACE::2026-04-26.19:58:03::SCWMssOS::Copying the qemu file from  C:/Users/suren/Documents/ECE_520/Final_Project/Sandbox/signal_detect_vitis/signal_detect_platform/resources/signal_detect_platform/standalone_domain/qemu_args.txt To C:/Users/suren/Documents/ECE_520/Final_Project/Sandbox/signal_detect_vitis/signal_detect_platform/export/signal_detect_platform/sw/signal_detect_platform/standalone_domain/qemu/
TRACE::2026-04-26.19:58:03::SCWMssOS:: Copying the user libraries. 
TRACE::2026-04-26.19:58:03::SCWPlatform::Trying to open the hw design at C:/Users/suren/Documents/ECE_520/Final_Project/Sandbox/signal_detect_vitis/signal_detect_platform/hw/signal_detect_bd_wrapper.xsa
TRACE::2026-04-26.19:58:03::SCWPlatform::DSA given C:/Users/suren/Documents/ECE_520/Final_Project/Sandbox/signal_detect_vitis/signal_detect_platform/hw/signal_detect_bd_wrapper.xsa
TRACE::2026-04-26.19:58:03::SCWPlatform::DSA absoulate path C:/Users/suren/Documents/ECE_520/Final_Project/Sandbox/signal_detect_vitis/signal_detect_platform/hw/signal_detect_bd_wrapper.xsa
TRACE::2026-04-26.19:58:03::SCWPlatform::DSA directory C:/Users/suren/Documents/ECE_520/Final_Project/Sandbox/signal_detect_vitis/signal_detect_platform/hw
TRACE::2026-04-26.19:58:03::SCWPlatform:: Platform Path C:/Users/suren/Documents/ECE_520/Final_Project/Sandbox/signal_detect_vitis/signal_detect_platform/hw/signal_detect_bd_wrapper.xsa
TRACE::2026-04-26.19:58:03::SCWPlatform:: Unique name xilinx:zybo-z7-10::0.0
TRACE::2026-04-26.19:58:03::SCWPlatform::Trying to set the existing hwdb with name signal_detect_bd_wrapper_35
TRACE::2026-04-26.19:58:03::SCWPlatform::Opened existing hwdb signal_detect_bd_wrapper_35
TRACE::2026-04-26.19:58:03::SCWPlatform::Found the Hw Db part of the input DSA
TRACE::2026-04-26.19:58:03::SCWMssOS::Checking the sw design at  C:/Users/suren/Documents/ECE_520/Final_Project/Sandbox/signal_detect_vitis/signal_detect_platform/ps7_cortexa9_0/standalone_domain/bsp/system.mss
TRACE::2026-04-26.19:58:03::SCWMssOS::DEBUG:  swdes dump  C:/Users/suren/Documents/ECE_520/Final_Project/Sandbox/signal_detect_vitis/signal_detect_platform/ps7_cortexa9_0/standalone_domain/bsp/system.mss|system_0||
C:/Users/suren/Documents/ECE_520/Final_Project/Sandbox/signal_detect_vitis/signal_detect_platform/zynq_fsbl/zynq_fsbl_bsp/system.mss|system||

TRACE::2026-04-26.19:58:03::SCWMssOS::Sw design exists and opened at  C:/Users/suren/Documents/ECE_520/Final_Project/Sandbox/signal_detect_vitis/signal_detect_platform/ps7_cortexa9_0/standalone_domain/bsp/system.mss
TRACE::2026-04-26.19:58:03::SCWMssOS::Completed writing the mss file at C:/Users/suren/Documents/ECE_520/Final_Project/Sandbox/signal_detect_vitis/signal_detect_platform/ps7_cortexa9_0/standalone_domain/bsp
TRACE::2026-04-26.19:58:03::SCWMssOS::Mss edits present, copying mssfile into export location C:/Users/suren/Documents/ECE_520/Final_Project/Sandbox/signal_detect_vitis/signal_detect_platform/ps7_cortexa9_0/standalone_domain/bsp/system.mss
TRACE::2026-04-26.19:58:03::SCWMssOS::bsp generated is stale removing and regenerating. 
TRACE::2026-04-26.19:58:04::SCWMssOS::doing bsp build ... 
TRACE::2026-04-26.19:58:04::SCWMssOS::System Command Ran  C: & cd  C:/Users/suren/Documents/ECE_520/Final_Project/Sandbox/signal_detect_vitis/signal_detect_platform/ps7_cortexa9_0/standalone_domain/bsp & make 
TRACE::2026-04-26.19:58:04::SCWMssOS::make --no-print-directory seq_libs

TRACE::2026-04-26.19:58:04::SCWMssOS::'Finished building libraries sequentially.'

TRACE::2026-04-26.19:58:04::SCWMssOS::make -j 6 --no-print-directory par_libs

TRACE::2026-04-26.19:58:04::SCWMssOS::"Running Make include in ps7_cortexa9_0/libsrc/coresightps_dcc_v1_8/src"

TRACE::2026-04-26.19:58:04::SCWMssOS::make -C ps7_cortexa9_0/libsrc/coresightps_dcc_v1_8/src -s include  "SHELL=CMD" "COMPILER=arm-none-eabi-gcc" "ASSEMBLER=arm-none
TRACE::2026-04-26.19:58:04::SCWMssOS::-eabi-as" "ARCHIVER=arm-none-eabi-ar" "COMPILER_FLAGS=  -O2 -c" "EXTRA_COMPILER_FLAGS=-mcpu=cortex-a9 -mfpu=vfpv3 -mfloat-abi=h
TRACE::2026-04-26.19:58:04::SCWMssOS::ard -nostartfiles -g -Wall -Wextra -fno-tree-loop-distribute-patterns"

TRACE::2026-04-26.19:58:04::SCWMssOS::"Running Make include in ps7_cortexa9_0/libsrc/cpu_cortexa9_v2_11/src"

TRACE::2026-04-26.19:58:04::SCWMssOS::make -C ps7_cortexa9_0/libsrc/cpu_cortexa9_v2_11/src -s include  "SHELL=CMD" "COMPILER=arm-none-eabi-gcc" "ASSEMBLER=arm-none-e
TRACE::2026-04-26.19:58:04::SCWMssOS::abi-as" "ARCHIVER=arm-none-eabi-ar" "COMPILER_FLAGS=  -O2 -c" "EXTRA_COMPILER_FLAGS=-mcpu=cortex-a9 -mfpu=vfpv3 -mfloat-abi=har
TRACE::2026-04-26.19:58:04::SCWMssOS::d -nostartfiles -g -Wall -Wextra -fno-tree-loop-distribute-patterns"

TRACE::2026-04-26.19:58:04::SCWMssOS::"Running Make include in ps7_cortexa9_0/libsrc/ddrps_v1_2/src"

TRACE::2026-04-26.19:58:04::SCWMssOS::make -C ps7_cortexa9_0/libsrc/ddrps_v1_2/src -s include  "SHELL=CMD" "COMPILER=arm-none-eabi-gcc" "ASSEMBLER=arm-none-eabi-as" 
TRACE::2026-04-26.19:58:04::SCWMssOS::"ARCHIVER=arm-none-eabi-ar" "COMPILER_FLAGS=  -O2 -c" "EXTRA_COMPILER_FLAGS=-mcpu=cortex-a9 -mfpu=vfpv3 -mfloat-abi=hard -nosta
TRACE::2026-04-26.19:58:04::SCWMssOS::rtfiles -g -Wall -Wextra -fno-tree-loop-distribute-patterns"

TRACE::2026-04-26.19:58:04::SCWMssOS::"Running Make include in ps7_cortexa9_0/libsrc/devcfg_v3_7/src"

TRACE::2026-04-26.19:58:04::SCWMssOS::make -C ps7_cortexa9_0/libsrc/devcfg_v3_7/src -s include  "SHELL=CMD" "COMPILER=arm-none-eabi-gcc" "ASSEMBLER=arm-none-eabi-as"
TRACE::2026-04-26.19:58:04::SCWMssOS:: "ARCHIVER=arm-none-eabi-ar" "COMPILER_FLAGS=  -O2 -c" "EXTRA_COMPILER_FLAGS=-mcpu=cortex-a9 -mfpu=vfpv3 -mfloat-abi=hard -nost
TRACE::2026-04-26.19:58:04::SCWMssOS::artfiles -g -Wall -Wextra -fno-tree-loop-distribute-patterns"

TRACE::2026-04-26.19:58:04::SCWMssOS::"Running Make include in ps7_cortexa9_0/libsrc/dmaps_v2_8/src"

TRACE::2026-04-26.19:58:04::SCWMssOS::make -C ps7_cortexa9_0/libsrc/dmaps_v2_8/src -s include  "SHELL=CMD" "COMPILER=arm-none-eabi-gcc" "ASSEMBLER=arm-none-eabi-as" 
TRACE::2026-04-26.19:58:04::SCWMssOS::"ARCHIVER=arm-none-eabi-ar" "COMPILER_FLAGS=  -O2 -c" "EXTRA_COMPILER_FLAGS=-mcpu=cortex-a9 -mfpu=vfpv3 -mfloat-abi=hard -nosta
TRACE::2026-04-26.19:58:04::SCWMssOS::rtfiles -g -Wall -Wextra -fno-tree-loop-distribute-patterns"

TRACE::2026-04-26.19:58:04::SCWMssOS::"Running Make include in ps7_cortexa9_0/libsrc/emacps_v3_18/src"

TRACE::2026-04-26.19:58:04::SCWMssOS::make -C ps7_cortexa9_0/libsrc/emacps_v3_18/src -s include  "SHELL=CMD" "COMPILER=arm-none-eabi-gcc" "ASSEMBLER=arm-none-eabi-as
TRACE::2026-04-26.19:58:04::SCWMssOS::" "ARCHIVER=arm-none-eabi-ar" "COMPILER_FLAGS=  -O2 -c" "EXTRA_COMPILER_FLAGS=-mcpu=cortex-a9 -mfpu=vfpv3 -mfloat-abi=hard -nos
TRACE::2026-04-26.19:58:04::SCWMssOS::tartfiles -g -Wall -Wextra -fno-tree-loop-distribute-patterns"

TRACE::2026-04-26.19:58:04::SCWMssOS::"Running Make include in ps7_cortexa9_0/libsrc/gpiops_v3_11/src"

TRACE::2026-04-26.19:58:04::SCWMssOS::make -C ps7_cortexa9_0/libsrc/gpiops_v3_11/src -s include  "SHELL=CMD" "COMPILER=arm-none-eabi-gcc" "ASSEMBLER=arm-none-eabi-as
TRACE::2026-04-26.19:58:04::SCWMssOS::" "ARCHIVER=arm-none-eabi-ar" "COMPILER_FLAGS=  -O2 -c" "EXTRA_COMPILER_FLAGS=-mcpu=cortex-a9 -mfpu=vfpv3 -mfloat-abi=hard -nos
TRACE::2026-04-26.19:58:04::SCWMssOS::tartfiles -g -Wall -Wextra -fno-tree-loop-distribute-patterns"

TRACE::2026-04-26.19:58:04::SCWMssOS::"Running Make include in ps7_cortexa9_0/libsrc/gpio_v4_9/src"

TRACE::2026-04-26.19:58:04::SCWMssOS::make -C ps7_cortexa9_0/libsrc/gpio_v4_9/src -s include  "SHELL=CMD" "COMPILER=arm-none-eabi-gcc" "ASSEMBLER=arm-none-eabi-as" "
TRACE::2026-04-26.19:58:04::SCWMssOS::ARCHIVER=arm-none-eabi-ar" "COMPILER_FLAGS=  -O2 -c" "EXTRA_COMPILER_FLAGS=-mcpu=cortex-a9 -mfpu=vfpv3 -mfloat-abi=hard -nostar
TRACE::2026-04-26.19:58:04::SCWMssOS::tfiles -g -Wall -Wextra -fno-tree-loop-distribute-patterns"

TRACE::2026-04-26.19:58:04::SCWMssOS::"Running Make include in ps7_cortexa9_0/libsrc/qspips_v3_10/src"

TRACE::2026-04-26.19:58:05::SCWMssOS::make -C ps7_cortexa9_0/libsrc/qspips_v3_10/src -s include  "SHELL=CMD" "COMPILER=arm-none-eabi-gcc" "ASSEMBLER=arm-none-eabi-as
TRACE::2026-04-26.19:58:05::SCWMssOS::" "ARCHIVER=arm-none-eabi-ar" "COMPILER_FLAGS=  -O2 -c" "EXTRA_COMPILER_FLAGS=-mcpu=cortex-a9 -mfpu=vfpv3 -mfloat-abi=hard -nos
TRACE::2026-04-26.19:58:05::SCWMssOS::tartfiles -g -Wall -Wextra -fno-tree-loop-distribute-patterns"

TRACE::2026-04-26.19:58:05::SCWMssOS::"Running Make include in ps7_cortexa9_0/libsrc/scugic_v5_1/src"

TRACE::2026-04-26.19:58:05::SCWMssOS::make -C ps7_cortexa9_0/libsrc/scugic_v5_1/src -s include  "SHELL=CMD" "COMPILER=arm-none-eabi-gcc" "ASSEMBLER=arm-none-eabi-as"
TRACE::2026-04-26.19:58:05::SCWMssOS:: "ARCHIVER=arm-none-eabi-ar" "COMPILER_FLAGS=  -O2 -c" "EXTRA_COMPILER_FLAGS=-mcpu=cortex-a9 -mfpu=vfpv3 -mfloat-abi=hard -nost
TRACE::2026-04-26.19:58:05::SCWMssOS::artfiles -g -Wall -Wextra -fno-tree-loop-distribute-patterns"

TRACE::2026-04-26.19:58:05::SCWMssOS::"Running Make include in ps7_cortexa9_0/libsrc/scutimer_v2_4/src"

TRACE::2026-04-26.19:58:05::SCWMssOS::make -C ps7_cortexa9_0/libsrc/scutimer_v2_4/src -s include  "SHELL=CMD" "COMPILER=arm-none-eabi-gcc" "ASSEMBLER=arm-none-eabi-a
TRACE::2026-04-26.19:58:05::SCWMssOS::s" "ARCHIVER=arm-none-eabi-ar" "COMPILER_FLAGS=  -O2 -c" "EXTRA_COMPILER_FLAGS=-mcpu=cortex-a9 -mfpu=vfpv3 -mfloat-abi=hard -no
TRACE::2026-04-26.19:58:05::SCWMssOS::startfiles -g -Wall -Wextra -fno-tree-loop-distribute-patterns"

TRACE::2026-04-26.19:58:05::SCWMssOS::"Running Make include in ps7_cortexa9_0/libsrc/scuwdt_v2_4/src"

TRACE::2026-04-26.19:58:05::SCWMssOS::make -C ps7_cortexa9_0/libsrc/scuwdt_v2_4/src -s include  "SHELL=CMD" "COMPILER=arm-none-eabi-gcc" "ASSEMBLER=arm-none-eabi-as"
TRACE::2026-04-26.19:58:05::SCWMssOS:: "ARCHIVER=arm-none-eabi-ar" "COMPILER_FLAGS=  -O2 -c" "EXTRA_COMPILER_FLAGS=-mcpu=cortex-a9 -mfpu=vfpv3 -mfloat-abi=hard -nost
TRACE::2026-04-26.19:58:05::SCWMssOS::artfiles -g -Wall -Wextra -fno-tree-loop-distribute-patterns"

TRACE::2026-04-26.19:58:05::SCWMssOS::"Running Make include in ps7_cortexa9_0/libsrc/sdps_v4_1/src"

TRACE::2026-04-26.19:58:05::SCWMssOS::make -C ps7_cortexa9_0/libsrc/sdps_v4_1/src -s include  "SHELL=CMD" "COMPILER=arm-none-eabi-gcc" "ASSEMBLER=arm-none-eabi-as" "
TRACE::2026-04-26.19:58:05::SCWMssOS::ARCHIVER=arm-none-eabi-ar" "COMPILER_FLAGS=  -O2 -c" "EXTRA_COMPILER_FLAGS=-mcpu=cortex-a9 -mfpu=vfpv3 -mfloat-abi=hard -nostar
TRACE::2026-04-26.19:58:05::SCWMssOS::tfiles -g -Wall -Wextra -fno-tree-loop-distribute-patterns"

TRACE::2026-04-26.19:58:05::SCWMssOS::"Running Make include in ps7_cortexa9_0/libsrc/standalone_v8_1/src"

TRACE::2026-04-26.19:58:05::SCWMssOS::make -C ps7_cortexa9_0/libsrc/standalone_v8_1/src -s include  "SHELL=CMD" "COMPILER=arm-none-eabi-gcc" "ASSEMBLER=arm-none-eabi
TRACE::2026-04-26.19:58:05::SCWMssOS::-as" "ARCHIVER=arm-none-eabi-ar" "COMPILER_FLAGS=  -O2 -c" "EXTRA_COMPILER_FLAGS=-mcpu=cortex-a9 -mfpu=vfpv3 -mfloat-abi=hard -
TRACE::2026-04-26.19:58:05::SCWMssOS::nostartfiles -g -Wall -Wextra -fno-tree-loop-distribute-patterns"

TRACE::2026-04-26.19:58:05::SCWMssOS::"Running Make include in ps7_cortexa9_0/libsrc/uartps_v3_12/src"

TRACE::2026-04-26.19:58:05::SCWMssOS::make -C ps7_cortexa9_0/libsrc/uartps_v3_12/src -s include  "SHELL=CMD" "COMPILER=arm-none-eabi-gcc" "ASSEMBLER=arm-none-eabi-as
TRACE::2026-04-26.19:58:05::SCWMssOS::" "ARCHIVER=arm-none-eabi-ar" "COMPILER_FLAGS=  -O2 -c" "EXTRA_COMPILER_FLAGS=-mcpu=cortex-a9 -mfpu=vfpv3 -mfloat-abi=hard -nos
TRACE::2026-04-26.19:58:05::SCWMssOS::tartfiles -g -Wall -Wextra -fno-tree-loop-distribute-patterns"

TRACE::2026-04-26.19:58:05::SCWMssOS::"Running Make include in ps7_cortexa9_0/libsrc/usbps_v2_7/src"

TRACE::2026-04-26.19:58:05::SCWMssOS::make -C ps7_cortexa9_0/libsrc/usbps_v2_7/src -s include  "SHELL=CMD" "COMPILER=arm-none-eabi-gcc" "ASSEMBLER=arm-none-eabi-as" 
TRACE::2026-04-26.19:58:05::SCWMssOS::"ARCHIVER=arm-none-eabi-ar" "COMPILER_FLAGS=  -O2 -c" "EXTRA_COMPILER_FLAGS=-mcpu=cortex-a9 -mfpu=vfpv3 -mfloat-abi=hard -nosta
TRACE::2026-04-26.19:58:05::SCWMssOS::rtfiles -g -Wall -Wextra -fno-tree-loop-distribute-patterns"

TRACE::2026-04-26.19:58:05::SCWMssOS::"Running Make include in ps7_cortexa9_0/libsrc/xadcps_v2_6/src"

TRACE::2026-04-26.19:58:05::SCWMssOS::make -C ps7_cortexa9_0/libsrc/xadcps_v2_6/src -s include  "SHELL=CMD" "COMPILER=arm-none-eabi-gcc" "ASSEMBLER=arm-none-eabi-as"
TRACE::2026-04-26.19:58:05::SCWMssOS:: "ARCHIVER=arm-none-eabi-ar" "COMPILER_FLAGS=  -O2 -c" "EXTRA_COMPILER_FLAGS=-mcpu=cortex-a9 -mfpu=vfpv3 -mfloat-abi=hard -nost
TRACE::2026-04-26.19:58:05::SCWMssOS::artfiles -g -Wall -Wextra -fno-tree-loop-distribute-patterns"

TRACE::2026-04-26.19:58:05::SCWMssOS::"Running Make libs in ps7_cortexa9_0/libsrc/coresightps_dcc_v1_8/src"

TRACE::2026-04-26.19:58:05::SCWMssOS::make -C ps7_cortexa9_0/libsrc/coresightps_dcc_v1_8/src -s libs  "SHELL=CMD" "COMPILER=arm-none-eabi-gcc" "ASSEMBLER=arm-none-ea
TRACE::2026-04-26.19:58:05::SCWMssOS::bi-as" "ARCHIVER=arm-none-eabi-ar" "COMPILER_FLAGS=  -O2 -c" "EXTRA_COMPILER_FLAGS=-mcpu=cortex-a9 -mfpu=vfpv3 -mfloat-abi=hard
TRACE::2026-04-26.19:58:05::SCWMssOS:: -nostartfiles -g -Wall -Wextra -fno-tree-loop-distribute-patterns"

TRACE::2026-04-26.19:58:05::SCWMssOS::"Running Make libs in ps7_cortexa9_0/libsrc/cpu_cortexa9_v2_11/src"

TRACE::2026-04-26.19:58:05::SCWMssOS::make -C ps7_cortexa9_0/libsrc/cpu_cortexa9_v2_11/src -s libs  "SHELL=CMD" "COMPILER=arm-none-eabi-gcc" "ASSEMBLER=arm-none-eabi
TRACE::2026-04-26.19:58:05::SCWMssOS::-as" "ARCHIVER=arm-none-eabi-ar" "COMPILER_FLAGS=  -O2 -c" "EXTRA_COMPILER_FLAGS=-mcpu=cortex-a9 -mfpu=vfpv3 -mfloat-abi=hard -
TRACE::2026-04-26.19:58:05::SCWMssOS::nostartfiles -g -Wall -Wextra -fno-tree-loop-distribute-patterns"

TRACE::2026-04-26.19:58:05::SCWMssOS::"Running Make libs in ps7_cortexa9_0/libsrc/ddrps_v1_2/src"

TRACE::2026-04-26.19:58:05::SCWMssOS::make -C ps7_cortexa9_0/libsrc/ddrps_v1_2/src -s libs  "SHELL=CMD" "COMPILER=arm-none-eabi-gcc" "ASSEMBLER=arm-none-eabi-as" "AR
TRACE::2026-04-26.19:58:05::SCWMssOS::CHIVER=arm-none-eabi-ar" "COMPILER_FLAGS=  -O2 -c" "EXTRA_COMPILER_FLAGS=-mcpu=cortex-a9 -mfpu=vfpv3 -mfloat-abi=hard -nostartf
TRACE::2026-04-26.19:58:05::SCWMssOS::iles -g -Wall -Wextra -fno-tree-loop-distribute-patterns"

TRACE::2026-04-26.19:58:05::SCWMssOS::"Running Make libs in ps7_cortexa9_0/libsrc/devcfg_v3_7/src"

TRACE::2026-04-26.19:58:05::SCWMssOS::make -C ps7_cortexa9_0/libsrc/devcfg_v3_7/src -s libs  "SHELL=CMD" "COMPILER=arm-none-eabi-gcc" "ASSEMBLER=arm-none-eabi-as" "A
TRACE::2026-04-26.19:58:05::SCWMssOS::RCHIVER=arm-none-eabi-ar" "COMPILER_FLAGS=  -O2 -c" "EXTRA_COMPILER_FLAGS=-mcpu=cortex-a9 -mfpu=vfpv3 -mfloat-abi=hard -nostart
TRACE::2026-04-26.19:58:05::SCWMssOS::files -g -Wall -Wextra -fno-tree-loop-distribute-patterns"

TRACE::2026-04-26.19:58:05::SCWMssOS::"Running Make libs in ps7_cortexa9_0/libsrc/dmaps_v2_8/src"

TRACE::2026-04-26.19:58:05::SCWMssOS::make -C ps7_cortexa9_0/libsrc/dmaps_v2_8/src -s libs  "SHELL=CMD" "COMPILER=arm-none-eabi-gcc" "ASSEMBLER=arm-none-eabi-as" "AR
TRACE::2026-04-26.19:58:05::SCWMssOS::CHIVER=arm-none-eabi-ar" "COMPILER_FLAGS=  -O2 -c" "EXTRA_COMPILER_FLAGS=-mcpu=cortex-a9 -mfpu=vfpv3 -mfloat-abi=hard -nostartf
TRACE::2026-04-26.19:58:05::SCWMssOS::iles -g -Wall -Wextra -fno-tree-loop-distribute-patterns"

TRACE::2026-04-26.19:58:05::SCWMssOS::"Running Make libs in ps7_cortexa9_0/libsrc/emacps_v3_18/src"

TRACE::2026-04-26.19:58:05::SCWMssOS::make -C ps7_cortexa9_0/libsrc/emacps_v3_18/src -s libs  "SHELL=CMD" "COMPILER=arm-none-eabi-gcc" "ASSEMBLER=arm-none-eabi-as" "
TRACE::2026-04-26.19:58:05::SCWMssOS::ARCHIVER=arm-none-eabi-ar" "COMPILER_FLAGS=  -O2 -c" "EXTRA_COMPILER_FLAGS=-mcpu=cortex-a9 -mfpu=vfpv3 -mfloat-abi=hard -nostar
TRACE::2026-04-26.19:58:05::SCWMssOS::tfiles -g -Wall -Wextra -fno-tree-loop-distribute-patterns"

TRACE::2026-04-26.19:58:05::SCWMssOS::"Running Make libs in ps7_cortexa9_0/libsrc/gpiops_v3_11/src"

TRACE::2026-04-26.19:58:05::SCWMssOS::make -C ps7_cortexa9_0/libsrc/gpiops_v3_11/src -s libs  "SHELL=CMD" "COMPILER=arm-none-eabi-gcc" "ASSEMBLER=arm-none-eabi-as" "
TRACE::2026-04-26.19:58:05::SCWMssOS::ARCHIVER=arm-none-eabi-ar" "COMPILER_FLAGS=  -O2 -c" "EXTRA_COMPILER_FLAGS=-mcpu=cortex-a9 -mfpu=vfpv3 -mfloat-abi=hard -nostar
TRACE::2026-04-26.19:58:05::SCWMssOS::tfiles -g -Wall -Wextra -fno-tree-loop-distribute-patterns"

TRACE::2026-04-26.19:58:05::SCWMssOS::"Running Make libs in ps7_cortexa9_0/libsrc/gpio_v4_9/src"

TRACE::2026-04-26.19:58:05::SCWMssOS::make -C ps7_cortexa9_0/libsrc/gpio_v4_9/src -s libs  "SHELL=CMD" "COMPILER=arm-none-eabi-gcc" "ASSEMBLER=arm-none-eabi-as" "ARC
TRACE::2026-04-26.19:58:05::SCWMssOS::HIVER=arm-none-eabi-ar" "COMPILER_FLAGS=  -O2 -c" "EXTRA_COMPILER_FLAGS=-mcpu=cortex-a9 -mfpu=vfpv3 -mfloat-abi=hard -nostartfi
TRACE::2026-04-26.19:58:05::SCWMssOS::les -g -Wall -Wextra -fno-tree-loop-distribute-patterns"

TRACE::2026-04-26.19:58:06::SCWMssOS::"Running Make libs in ps7_cortexa9_0/libsrc/qspips_v3_10/src"

TRACE::2026-04-26.19:58:06::SCWMssOS::make -C ps7_cortexa9_0/libsrc/qspips_v3_10/src -s libs  "SHELL=CMD" "COMPILER=arm-none-eabi-gcc" "ASSEMBLER=arm-none-eabi-as" "
TRACE::2026-04-26.19:58:06::SCWMssOS::ARCHIVER=arm-none-eabi-ar" "COMPILER_FLAGS=  -O2 -c" "EXTRA_COMPILER_FLAGS=-mcpu=cortex-a9 -mfpu=vfpv3 -mfloat-abi=hard -nostar
TRACE::2026-04-26.19:58:06::SCWMssOS::tfiles -g -Wall -Wextra -fno-tree-loop-distribute-patterns"

TRACE::2026-04-26.19:58:06::SCWMssOS::"Running Make libs in ps7_cortexa9_0/libsrc/scugic_v5_1/src"

TRACE::2026-04-26.19:58:06::SCWMssOS::make -C ps7_cortexa9_0/libsrc/scugic_v5_1/src -s libs  "SHELL=CMD" "COMPILER=arm-none-eabi-gcc" "ASSEMBLER=arm-none-eabi-as" "A
TRACE::2026-04-26.19:58:06::SCWMssOS::RCHIVER=arm-none-eabi-ar" "COMPILER_FLAGS=  -O2 -c" "EXTRA_COMPILER_FLAGS=-mcpu=cortex-a9 -mfpu=vfpv3 -mfloat-abi=hard -nostart
TRACE::2026-04-26.19:58:06::SCWMssOS::files -g -Wall -Wextra -fno-tree-loop-distribute-patterns"

TRACE::2026-04-26.19:58:06::SCWMssOS::"Running Make libs in ps7_cortexa9_0/libsrc/scutimer_v2_4/src"

TRACE::2026-04-26.19:58:06::SCWMssOS::make -C ps7_cortexa9_0/libsrc/scutimer_v2_4/src -s libs  "SHELL=CMD" "COMPILER=arm-none-eabi-gcc" "ASSEMBLER=arm-none-eabi-as" 
TRACE::2026-04-26.19:58:06::SCWMssOS::"ARCHIVER=arm-none-eabi-ar" "COMPILER_FLAGS=  -O2 -c" "EXTRA_COMPILER_FLAGS=-mcpu=cortex-a9 -mfpu=vfpv3 -mfloat-abi=hard -nosta
TRACE::2026-04-26.19:58:06::SCWMssOS::rtfiles -g -Wall -Wextra -fno-tree-loop-distribute-patterns"

TRACE::2026-04-26.19:58:06::SCWMssOS::"Running Make libs in ps7_cortexa9_0/libsrc/scuwdt_v2_4/src"

TRACE::2026-04-26.19:58:06::SCWMssOS::make -C ps7_cortexa9_0/libsrc/scuwdt_v2_4/src -s libs  "SHELL=CMD" "COMPILER=arm-none-eabi-gcc" "ASSEMBLER=arm-none-eabi-as" "A
TRACE::2026-04-26.19:58:06::SCWMssOS::RCHIVER=arm-none-eabi-ar" "COMPILER_FLAGS=  -O2 -c" "EXTRA_COMPILER_FLAGS=-mcpu=cortex-a9 -mfpu=vfpv3 -mfloat-abi=hard -nostart
TRACE::2026-04-26.19:58:06::SCWMssOS::files -g -Wall -Wextra -fno-tree-loop-distribute-patterns"

TRACE::2026-04-26.19:58:06::SCWMssOS::"Running Make libs in ps7_cortexa9_0/libsrc/sdps_v4_1/src"

TRACE::2026-04-26.19:58:06::SCWMssOS::make -C ps7_cortexa9_0/libsrc/sdps_v4_1/src -s libs  "SHELL=CMD" "COMPILER=arm-none-eabi-gcc" "ASSEMBLER=arm-none-eabi-as" "ARC
TRACE::2026-04-26.19:58:06::SCWMssOS::HIVER=arm-none-eabi-ar" "COMPILER_FLAGS=  -O2 -c" "EXTRA_COMPILER_FLAGS=-mcpu=cortex-a9 -mfpu=vfpv3 -mfloat-abi=hard -nostartfi
TRACE::2026-04-26.19:58:06::SCWMssOS::les -g -Wall -Wextra -fno-tree-loop-distribute-patterns"

TRACE::2026-04-26.19:58:06::SCWMssOS::"Running Make libs in ps7_cortexa9_0/libsrc/standalone_v8_1/src"

TRACE::2026-04-26.19:58:06::SCWMssOS::make -C ps7_cortexa9_0/libsrc/standalone_v8_1/src -s libs  "SHELL=CMD" "COMPILER=arm-none-eabi-gcc" "ASSEMBLER=arm-none-eabi-as
TRACE::2026-04-26.19:58:06::SCWMssOS::" "ARCHIVER=arm-none-eabi-ar" "COMPILER_FLAGS=  -O2 -c" "EXTRA_COMPILER_FLAGS=-mcpu=cortex-a9 -mfpu=vfpv3 -mfloat-abi=hard -nos
TRACE::2026-04-26.19:58:06::SCWMssOS::tartfiles -g -Wall -Wextra -fno-tree-loop-distribute-patterns"

TRACE::2026-04-26.19:58:06::SCWMssOS::"Running Make libs in ps7_cortexa9_0/libsrc/uartps_v3_12/src"

TRACE::2026-04-26.19:58:06::SCWMssOS::make -C ps7_cortexa9_0/libsrc/uartps_v3_12/src -s libs  "SHELL=CMD" "COMPILER=arm-none-eabi-gcc" "ASSEMBLER=arm-none-eabi-as" "
TRACE::2026-04-26.19:58:06::SCWMssOS::ARCHIVER=arm-none-eabi-ar" "COMPILER_FLAGS=  -O2 -c" "EXTRA_COMPILER_FLAGS=-mcpu=cortex-a9 -mfpu=vfpv3 -mfloat-abi=hard -nostar
TRACE::2026-04-26.19:58:06::SCWMssOS::tfiles -g -Wall -Wextra -fno-tree-loop-distribute-patterns"

TRACE::2026-04-26.19:58:06::SCWMssOS::"Running Make libs in ps7_cortexa9_0/libsrc/usbps_v2_7/src"

TRACE::2026-04-26.19:58:06::SCWMssOS::make -C ps7_cortexa9_0/libsrc/usbps_v2_7/src -s libs  "SHELL=CMD" "COMPILER=arm-none-eabi-gcc" "ASSEMBLER=arm-none-eabi-as" "AR
TRACE::2026-04-26.19:58:06::SCWMssOS::CHIVER=arm-none-eabi-ar" "COMPILER_FLAGS=  -O2 -c" "EXTRA_COMPILER_FLAGS=-mcpu=cortex-a9 -mfpu=vfpv3 -mfloat-abi=hard -nostartf
TRACE::2026-04-26.19:58:06::SCWMssOS::iles -g -Wall -Wextra -fno-tree-loop-distribute-patterns"

TRACE::2026-04-26.19:58:07::SCWMssOS::"Running Make libs in ps7_cortexa9_0/libsrc/xadcps_v2_6/src"

TRACE::2026-04-26.19:58:07::SCWMssOS::make -C ps7_cortexa9_0/libsrc/xadcps_v2_6/src -s libs  "SHELL=CMD" "COMPILER=arm-none-eabi-gcc" "ASSEMBLER=arm-none-eabi-as" "A
TRACE::2026-04-26.19:58:07::SCWMssOS::RCHIVER=arm-none-eabi-ar" "COMPILER_FLAGS=  -O2 -c" "EXTRA_COMPILER_FLAGS=-mcpu=cortex-a9 -mfpu=vfpv3 -mfloat-abi=hard -nostart
TRACE::2026-04-26.19:58:07::SCWMssOS::files -g -Wall -Wextra -fno-tree-loop-distribute-patterns"

TRACE::2026-04-26.19:58:08::SCWMssOS::'Finished building libraries parallelly.'

TRACE::2026-04-26.19:58:08::SCWMssOS::make --no-print-directory archive

TRACE::2026-04-26.19:58:08::SCWMssOS::arm-none-eabi-ar -r  ps7_cortexa9_0/lib/libxil.a ps7_cortexa9_0/lib/_exit.o ps7_cortexa9_0/lib/_open.o ps7_cortexa9_0/lib/_sbrk
TRACE::2026-04-26.19:58:08::SCWMssOS::.o ps7_cortexa9_0/lib/abort.o ps7_cortexa9_0/lib/asm_vectors.o ps7_cortexa9_0/lib/boot.o ps7_cortexa9_0/lib/close.o ps7_cortexa
TRACE::2026-04-26.19:58:08::SCWMssOS::9_0/lib/cpputest_time.o ps7_cortexa9_0/lib/cpu_init.o ps7_cortexa9_0/lib/errno.o ps7_cortexa9_0/lib/fcntl.o ps7_cortexa9_0/lib/
TRACE::2026-04-26.19:58:08::SCWMssOS::fstat.o ps7_cortexa9_0/lib/getentropy.o ps7_cortexa9_0/lib/getpid.o ps7_cortexa9_0/lib/inbyte.o ps7_cortexa9_0/lib/isatty.o ps7
TRACE::2026-04-26.19:58:08::SCWMssOS::_cortexa9_0/lib/kill.o ps7_cortexa9_0/lib/lseek.o ps7_cortexa9_0/lib/open.o ps7_cortexa9_0/lib/outbyte.o ps7_cortexa9_0/lib/pri
TRACE::2026-04-26.19:58:08::SCWMssOS::nt.o ps7_cortexa9_0/lib/putnum.o ps7_cortexa9_0/lib/read.o ps7_cortexa9_0/lib/sbrk.o ps7_cortexa9_0/lib/sleep.o ps7_cortexa9_0/
TRACE::2026-04-26.19:58:08::SCWMssOS::lib/time.o ps7_cortexa9_0/lib/translation_table.o ps7_cortexa9_0/lib/unlink.o ps7_cortexa9_0/lib/usleep.o ps7_cortexa9_0/lib/ve
TRACE::2026-04-26.19:58:08::SCWMssOS::ctors.o ps7_cortexa9_0/lib/write.o ps7_cortexa9_0/lib/xadcps.o ps7_cortexa9_0/lib/xadcps_g.o ps7_cortexa9_0/lib/xadcps_intr.o p
TRACE::2026-04-26.19:58:08::SCWMssOS::s7_cortexa9_0/lib/xadcps_selftest.o ps7_cortexa9_0/lib/xadcps_sinit.o ps7_cortexa9_0/lib/xcoresightpsdcc.o ps7_cortexa9_0/lib/x
TRACE::2026-04-26.19:58:08::SCWMssOS::devcfg.o ps7_cortexa9_0/lib/xdevcfg_g.o ps7_cortexa9_0/lib/xdevcfg_hw.o ps7_cortexa9_0/lib/xdevcfg_intr.o ps7_cortexa9_0/lib/xd
TRACE::2026-04-26.19:58:08::SCWMssOS::evcfg_selftest.o ps7_cortexa9_0/lib/xdevcfg_sinit.o ps7_cortexa9_0/lib/xdmaps.o ps7_cortexa9_0/lib/xdmaps_g.o ps7_cortexa9_0/li
TRACE::2026-04-26.19:58:08::SCWMssOS::b/xdmaps_hw.o ps7_cortexa9_0/lib/xdmaps_selftest.o ps7_cortexa9_0/lib/xdmaps_sinit.o ps7_cortexa9_0/lib/xemacps.o ps7_cortexa9_
TRACE::2026-04-26.19:58:08::SCWMssOS::0/lib/xemacps_bdring.o ps7_cortexa9_0/lib/xemacps_control.o ps7_cortexa9_0/lib/xemacps_g.o ps7_cortexa9_0/lib/xemacps_hw.o ps7_
TRACE::2026-04-26.19:58:08::SCWMssOS::cortexa9_0/lib/xemacps_intr.o ps7_cortexa9_0/lib/xemacps_sinit.o ps7_cortexa9_0/lib/xgpio.o ps7_cortexa9_0/lib/xgpio_extra.o ps
TRACE::2026-04-26.19:58:08::SCWMssOS::7_cortexa9_0/lib/xgpio_g.o ps7_cortexa9_0/lib/xgpio_intr.o ps7_cortexa9_0/lib/xgpio_selftest.o ps7_cortexa9_0/lib/xgpio_sinit.o
TRACE::2026-04-26.19:58:08::SCWMssOS:: ps7_cortexa9_0/lib/xgpiops.o ps7_cortexa9_0/lib/xgpiops_g.o ps7_cortexa9_0/lib/xgpiops_hw.o ps7_cortexa9_0/lib/xgpiops_intr.o 
TRACE::2026-04-26.19:58:08::SCWMssOS::ps7_cortexa9_0/lib/xgpiops_selftest.o ps7_cortexa9_0/lib/xgpiops_sinit.o ps7_cortexa9_0/lib/xil-crt0.o ps7_cortexa9_0/lib/xil_a
TRACE::2026-04-26.19:58:08::SCWMssOS::ssert.o ps7_cortexa9_0/lib/xil_cache.o ps7_cortexa9_0/lib/xil_clocking.o ps7_cortexa9_0/lib/xil_exception.o ps7_cortexa9_0/lib/
TRACE::2026-04-26.19:58:08::SCWMssOS::xil_mem.o ps7_cortexa9_0/lib/xil_misc_psreset_api.o ps7_cortexa9_0/lib/xil_mmu.o ps7_cortexa9_0/lib/xil_printf.o ps7_cortexa9_0
TRACE::2026-04-26.19:58:08::SCWMssOS::/lib/xil_sleepcommon.o ps7_cortexa9_0/lib/xil_sleeptimer.o ps7_cortexa9_0/lib/xil_spinlock.o ps7_cortexa9_0/lib/xil_testcache.o
TRACE::2026-04-26.19:58:08::SCWMssOS:: ps7_cortexa9_0/lib/xil_testio.o ps7_cortexa9_0/lib/xil_testmem.o ps7_cortexa9_0/lib/xil_util.o ps7_cortexa9_0/lib/xinterrupt_w
TRACE::2026-04-26.19:58:08::SCWMssOS::rap.o ps7_cortexa9_0/lib/xl2cc_counter.o ps7_cortexa9_0/lib/xplatform_info.o ps7_cortexa9_0/lib/xpm_counter.o ps7_cortexa9_0/li
TRACE::2026-04-26.19:58:08::SCWMssOS::b/xqspips.o ps7_cortexa9_0/lib/xqspips_g.o ps7_cortexa9_0/lib/xqspips_hw.o ps7_cortexa9_0/lib/xqspips_options.o ps7_cortexa9_0/
TRACE::2026-04-26.19:58:08::SCWMssOS::lib/xqspips_selftest.o ps7_cortexa9_0/lib/xqspips_sinit.o ps7_cortexa9_0/lib/xscugic.o ps7_cortexa9_0/lib/xscugic_g.o ps7_corte
TRACE::2026-04-26.19:58:08::SCWMssOS::xa9_0/lib/xscugic_hw.o ps7_cortexa9_0/lib/xscugic_intr.o ps7_cortexa9_0/lib/xscugic_selftest.o ps7_cortexa9_0/lib/xscugic_sinit
TRACE::2026-04-26.19:58:08::SCWMssOS::.o ps7_cortexa9_0/lib/xscutimer.o ps7_cortexa9_0/lib/xscutimer_g.o ps7_cortexa9_0/lib/xscutimer_selftest.o ps7_cortexa9_0/lib/x
TRACE::2026-04-26.19:58:08::SCWMssOS::scutimer_sinit.o ps7_cortexa9_0/lib/xscuwdt.o ps7_cortexa9_0/lib/xscuwdt_g.o ps7_cortexa9_0/lib/xscuwdt_selftest.o ps7_cortexa9
TRACE::2026-04-26.19:58:08::SCWMssOS::_0/lib/xscuwdt_sinit.o ps7_cortexa9_0/lib/xsdps.o ps7_cortexa9_0/lib/xsdps_card.o ps7_cortexa9_0/lib/xsdps_g.o ps7_cortexa9_0/l
TRACE::2026-04-26.19:58:08::SCWMssOS::ib/xsdps_host.o ps7_cortexa9_0/lib/xsdps_options.o ps7_cortexa9_0/lib/xsdps_sinit.o ps7_cortexa9_0/lib/xtime_l.o ps7_cortexa9_0
TRACE::2026-04-26.19:58:08::SCWMssOS::/lib/xuartps.o ps7_cortexa9_0/lib/xuartps_g.o ps7_cortexa9_0/lib/xuartps_hw.o ps7_cortexa9_0/lib/xuartps_intr.o ps7_cortexa9_0/
TRACE::2026-04-26.19:58:08::SCWMssOS::lib/xuartps_options.o ps7_cortexa9_0/lib/xuartps_selftest.o ps7_cortexa9_0/lib/xuartps_sinit.o ps7_cortexa9_0/lib/xusbps.o ps7_
TRACE::2026-04-26.19:58:08::SCWMssOS::cortexa9_0/lib/xusbps_endpoint.o ps7_cortexa9_0/lib/xusbps_g.o ps7_cortexa9_0/lib/xusbps_hw.o ps7_cortexa9_0/lib/xusbps_intr.o 
TRACE::2026-04-26.19:58:08::SCWMssOS::ps7_cortexa9_0/lib/xusbps_sinit.o

TRACE::2026-04-26.19:58:08::SCWMssOS::'Finished building libraries'

TRACE::2026-04-26.19:58:10::SCWMssOS:: Checking if to create the Supporting Applications
TRACE::2026-04-26.19:58:10::SCWMssOS:: No Linux domain exists, trying to generate FSBL 
LOG::2026-04-26.19:58:10::SCWSystem::Completed Processing the domain standalone_domain
LOG::2026-04-26.19:58:10::SCWSystem::Completed Processing the sysconfig signal_detect_platform
LOG::2026-04-26.19:58:10::SCWPlatform::Completed generating the artifacts for system configuration signal_detect_platform
TRACE::2026-04-26.19:58:10::SCWPlatform::Started preparing the platform 
TRACE::2026-04-26.19:58:10::SCWSystem::Writing the bif file for system config signal_detect_platform
TRACE::2026-04-26.19:58:10::SCWSystem::dir created 
TRACE::2026-04-26.19:58:10::SCWSystem::Writing the bif 
TRACE::2026-04-26.19:58:10::SCWPlatform::Started writing the spfm file 
TRACE::2026-04-26.19:58:10::SCWPlatform::Started writing the xpfm file 
TRACE::2026-04-26.19:58:10::SCWPlatform::Completed generating the platform
TRACE::2026-04-26.19:58:10::SCWMssOS::Saving the mss changes C:/Users/suren/Documents/ECE_520/Final_Project/Sandbox/signal_detect_vitis/signal_detect_platform/zynq_fsbl/zynq_fsbl_bsp/system.mss
TRACE::2026-04-26.19:58:10::SCWMssOS::Found a swdesign opened with the mssfile.
TRACE::2026-04-26.19:58:10::SCWMssOS::Completed writemss as part of save.
TRACE::2026-04-26.19:58:10::SCWMssOS::Commit changes completed.
TRACE::2026-04-26.19:58:10::SCWMssOS::Saving the mss changes C:/Users/suren/Documents/ECE_520/Final_Project/Sandbox/signal_detect_vitis/signal_detect_platform/ps7_cortexa9_0/standalone_domain/bsp/system.mss
TRACE::2026-04-26.19:58:10::SCWMssOS::Adding the swdes entry, mss present, able to open swdb C:/Users/suren/Documents/ECE_520/Final_Project/Sandbox/signal_detect_vitis/signal_detect_platform/ps7_cortexa9_0/standalone_domain/bsp/system.mss with des name system_0
TRACE::2026-04-26.19:58:10::SCWMssOS::Writing the mss file completed C:/Users/suren/Documents/ECE_520/Final_Project/Sandbox/signal_detect_vitis/signal_detect_platform/ps7_cortexa9_0/standalone_domain/bsp/system.mss
TRACE::2026-04-26.19:58:10::SCWMssOS::Commit changes completed.
TRACE::2026-04-26.19:58:10::SCWPlatform::Trying to open the hw design at C:/Users/suren/Documents/ECE_520/Final_Project/Sandbox/signal_detect_vitis/signal_detect_platform/hw/signal_detect_bd_wrapper.xsa
TRACE::2026-04-26.19:58:10::SCWPlatform::DSA given C:/Users/suren/Documents/ECE_520/Final_Project/Sandbox/signal_detect_vitis/signal_detect_platform/hw/signal_detect_bd_wrapper.xsa
TRACE::2026-04-26.19:58:10::SCWPlatform::DSA absoulate path C:/Users/suren/Documents/ECE_520/Final_Project/Sandbox/signal_detect_vitis/signal_detect_platform/hw/signal_detect_bd_wrapper.xsa
TRACE::2026-04-26.19:58:10::SCWPlatform::DSA directory C:/Users/suren/Documents/ECE_520/Final_Project/Sandbox/signal_detect_vitis/signal_detect_platform/hw
TRACE::2026-04-26.19:58:10::SCWPlatform:: Platform Path C:/Users/suren/Documents/ECE_520/Final_Project/Sandbox/signal_detect_vitis/signal_detect_platform/hw/signal_detect_bd_wrapper.xsa
TRACE::2026-04-26.19:58:10::SCWPlatform:: Unique name xilinx:zybo-z7-10::0.0
TRACE::2026-04-26.19:58:10::SCWPlatform::Trying to set the existing hwdb with name signal_detect_bd_wrapper_35
TRACE::2026-04-26.19:58:10::SCWPlatform::Opened existing hwdb signal_detect_bd_wrapper_35
TRACE::2026-04-26.19:58:10::SCWPlatform::Found the Hw Db part of the input DSA
TRACE::2026-04-26.19:58:10::SCWMssOS::Checking the sw design at  C:/Users/suren/Documents/ECE_520/Final_Project/Sandbox/signal_detect_vitis/signal_detect_platform/zynq_fsbl/zynq_fsbl_bsp/system.mss
TRACE::2026-04-26.19:58:10::SCWMssOS::DEBUG:  swdes dump  C:/Users/suren/Documents/ECE_520/Final_Project/Sandbox/signal_detect_vitis/signal_detect_platform/ps7_cortexa9_0/standalone_domain/bsp/system.mss|system_0||
C:/Users/suren/Documents/ECE_520/Final_Project/Sandbox/signal_detect_vitis/signal_detect_platform/zynq_fsbl/zynq_fsbl_bsp/system.mss|system||

TRACE::2026-04-26.19:58:10::SCWMssOS::Sw design exists and opened at  C:/Users/suren/Documents/ECE_520/Final_Project/Sandbox/signal_detect_vitis/signal_detect_platform/zynq_fsbl/zynq_fsbl_bsp/system.mss
TRACE::2026-04-26.19:58:10::SCWPlatform::Trying to open the hw design at C:/Users/suren/Documents/ECE_520/Final_Project/Sandbox/signal_detect_vitis/signal_detect_platform/hw/signal_detect_bd_wrapper.xsa
TRACE::2026-04-26.19:58:10::SCWPlatform::DSA given C:/Users/suren/Documents/ECE_520/Final_Project/Sandbox/signal_detect_vitis/signal_detect_platform/hw/signal_detect_bd_wrapper.xsa
TRACE::2026-04-26.19:58:10::SCWPlatform::DSA absoulate path C:/Users/suren/Documents/ECE_520/Final_Project/Sandbox/signal_detect_vitis/signal_detect_platform/hw/signal_detect_bd_wrapper.xsa
TRACE::2026-04-26.19:58:10::SCWPlatform::DSA directory C:/Users/suren/Documents/ECE_520/Final_Project/Sandbox/signal_detect_vitis/signal_detect_platform/hw
TRACE::2026-04-26.19:58:10::SCWPlatform:: Platform Path C:/Users/suren/Documents/ECE_520/Final_Project/Sandbox/signal_detect_vitis/signal_detect_platform/hw/signal_detect_bd_wrapper.xsa
TRACE::2026-04-26.19:58:10::SCWPlatform:: Unique name xilinx:zybo-z7-10::0.0
TRACE::2026-04-26.19:58:10::SCWPlatform::Trying to set the existing hwdb with name signal_detect_bd_wrapper_35
TRACE::2026-04-26.19:58:10::SCWPlatform::Opened existing hwdb signal_detect_bd_wrapper_35
TRACE::2026-04-26.19:58:10::SCWPlatform::Found the Hw Db part of the input DSA
TRACE::2026-04-26.19:58:10::SCWMssOS::Checking the sw design at  C:/Users/suren/Documents/ECE_520/Final_Project/Sandbox/signal_detect_vitis/signal_detect_platform/ps7_cortexa9_0/standalone_domain/bsp/system.mss
TRACE::2026-04-26.19:58:10::SCWMssOS::DEBUG:  swdes dump  C:/Users/suren/Documents/ECE_520/Final_Project/Sandbox/signal_detect_vitis/signal_detect_platform/ps7_cortexa9_0/standalone_domain/bsp/system.mss|system_0||
C:/Users/suren/Documents/ECE_520/Final_Project/Sandbox/signal_detect_vitis/signal_detect_platform/zynq_fsbl/zynq_fsbl_bsp/system.mss|system||

TRACE::2026-04-26.19:58:10::SCWMssOS::Sw design exists and opened at  C:/Users/suren/Documents/ECE_520/Final_Project/Sandbox/signal_detect_vitis/signal_detect_platform/ps7_cortexa9_0/standalone_domain/bsp/system.mss
TRACE::2026-04-26.19:58:10::SCWWriter::formatted JSON is {
	"platformName":	"signal_detect_platform",
	"sprVersion":	"2.0",
	"mode":	"gui",
	"dsaType":	"Fixed",
	"platformDesc":	"signal_detect_platform",
	"platHandOff":	"C:/Users/suren/Documents/ECE_520/Final_Project/Sandbox/signal_detect_sb/signal_detect_bd_wrapper.xsa",
	"platIntHandOff":	"<platformDir>/hw/signal_detect_bd_wrapper.xsa",
	"deviceType":	"zynq",
	"platIsPrebuiltAutogen":	"false",
	"platIsNoBootBsp":	"false",
	"hasFsblMakeHasChanges":	"false",
	"hasPmufwMakeHasChanges":	"false",
	"fsblExtraCompilerFlags":	"-MMD -MP       -mcpu=cortex-a9 -mfpu=vfpv3 -mfloat-abi=hard ",
	"platPreBuiltFlag":	false,
	"platformSamplesDir":	"",
	"platActiveSys":	"signal_detect_platform",
	"systems":	[{
			"systemName":	"signal_detect_platform",
			"systemDesc":	"signal_detect_platform",
			"sysIsBootAutoGen":	"true",
			"systemDispName":	"signal_detect_platform",
			"sysActiveDom":	"standalone_domain",
			"sysDefaultDom":	"standalone_domain",
			"domains":	[{
					"domainName":	"zynq_fsbl",
					"domainDispName":	"zynq_fsbl",
					"domainDesc":	"FSBL Application BSP - Auto Generated.",
					"processors":	"ps7_cortexa9_0",
					"os":	"standalone",
					"sdxOs":	"standalone",
					"debugEnable":	"",
					"domRuntimes":	["cpp"],
					"swRepo":	"",
					"mssOsVer":	"8.1",
					"mssFile":	"",
					"md5Digest":	"24e81f5df4a1b28986eb4269e22351fe1",
					"compatibleApp":	"zynq_fsbl",
					"domType":	"bootDomain",
					"arch":	"32-bit",
					"appSettings":	{
						"appCompilerFlags":	"",
						"appLinkerFlags":	""
					},
					"addedLibs":	["xilffs:5.0", "xilrsa:1.6"],
					"libOptions":	{
						"libsContainingOptions":	[]
					},
					"prebuiltLibs":	{
						"prebuiltIncPath":	[],
						"prebuiltLibPath":	[]
					},
					"isolation":	{
					}
				}, {
					"domainName":	"standalone_domain",
					"domainDispName":	"standalone on ps7_cortexa9_0",
					"domainDesc":	"standalone_domain",
					"processors":	"ps7_cortexa9_0",
					"os":	"standalone",
					"sdxOs":	"standalone",
					"qemuArgs":	"<platformDir>/resources/signal_detect_platform/standalone_domain/qemu_args.txt",
					"qemuData":	"<platformDir>/resources/signal_detect_platform/standalone_domain/qemu",
					"debugEnable":	"False",
					"domRuntimes":	["cpp"],
					"swRepo":	"",
					"mssOsVer":	"8.1",
					"mssFile":	"",
					"md5Digest":	"9d9647dd92d7d30efd40c762a4ad2096",
					"compatibleApp":	"",
					"domType":	"mssDomain",
					"appSettings":	{
						"appCompilerFlags":	"",
						"appLinkerFlags":	""
					},
					"addedLibs":	[],
					"libOptions":	{
						"libsContainingOptions":	[]
					},
					"prebuiltLibs":	{
						"prebuiltIncPath":	[],
						"prebuiltLibPath":	[]
					},
					"isolation":	{
					}
				}]
		}]
}
KEYINFO::2026-04-26.19:58:10::SCWPlatform::updated the xpfm file.
TRACE::2026-04-26.19:58:10::SCWPlatform::Trying to open the hw design at C:/Users/suren/Documents/ECE_520/Final_Project/Sandbox/signal_detect_vitis/signal_detect_platform/hw/signal_detect_bd_wrapper.xsa
TRACE::2026-04-26.19:58:10::SCWPlatform::DSA given C:/Users/suren/Documents/ECE_520/Final_Project/Sandbox/signal_detect_vitis/signal_detect_platform/hw/signal_detect_bd_wrapper.xsa
TRACE::2026-04-26.19:58:10::SCWPlatform::DSA absoulate path C:/Users/suren/Documents/ECE_520/Final_Project/Sandbox/signal_detect_vitis/signal_detect_platform/hw/signal_detect_bd_wrapper.xsa
TRACE::2026-04-26.19:58:10::SCWPlatform::DSA directory C:/Users/suren/Documents/ECE_520/Final_Project/Sandbox/signal_detect_vitis/signal_detect_platform/hw
TRACE::2026-04-26.19:58:10::SCWPlatform:: Platform Path C:/Users/suren/Documents/ECE_520/Final_Project/Sandbox/signal_detect_vitis/signal_detect_platform/hw/signal_detect_bd_wrapper.xsa
TRACE::2026-04-26.19:58:10::SCWPlatform:: Unique name xilinx:zybo-z7-10::0.0
TRACE::2026-04-26.19:58:10::SCWPlatform::Trying to set the existing hwdb with name signal_detect_bd_wrapper_35
TRACE::2026-04-26.19:58:10::SCWPlatform::Opened existing hwdb signal_detect_bd_wrapper_35
TRACE::2026-04-26.19:58:10::SCWPlatform::Found the Hw Db part of the input DSA
TRACE::2026-04-26.19:58:10::SCWMssOS::Checking the sw design at  C:/Users/suren/Documents/ECE_520/Final_Project/Sandbox/signal_detect_vitis/signal_detect_platform/ps7_cortexa9_0/standalone_domain/bsp/system.mss
TRACE::2026-04-26.19:58:10::SCWMssOS::DEBUG:  swdes dump  C:/Users/suren/Documents/ECE_520/Final_Project/Sandbox/signal_detect_vitis/signal_detect_platform/ps7_cortexa9_0/standalone_domain/bsp/system.mss|system_0||
C:/Users/suren/Documents/ECE_520/Final_Project/Sandbox/signal_detect_vitis/signal_detect_platform/zynq_fsbl/zynq_fsbl_bsp/system.mss|system||

TRACE::2026-04-26.19:58:10::SCWMssOS::Sw design exists and opened at  C:/Users/suren/Documents/ECE_520/Final_Project/Sandbox/signal_detect_vitis/signal_detect_platform/ps7_cortexa9_0/standalone_domain/bsp/system.mss
TRACE::2026-04-26.20:09:48::SCWPlatform::DSA given C:/Users/suren/Documents/ECE_520/Final_Project/Sandbox/signal_detect_vitis/signal_detect_platform/tempdsa/signal_detect_bd_wrapper.xsa
TRACE::2026-04-26.20:09:48::SCWPlatform::DSA absoulate path C:/Users/suren/Documents/ECE_520/Final_Project/Sandbox/signal_detect_vitis/signal_detect_platform/tempdsa/signal_detect_bd_wrapper.xsa
TRACE::2026-04-26.20:09:48::SCWPlatform:: Platform location is C:/Users/suren/Documents/ECE_520/Final_Project/Sandbox/signal_detect_vitis/signal_detect_platform/tempdsa
TRACE::2026-04-26.20:09:48::SCWPlatform:: Platform Path C:/Users/suren/Documents/ECE_520/Final_Project/Sandbox/signal_detect_vitis/signal_detect_platform/tempdsa/signal_detect_bd_wrapper.xsa
TRACE::2026-04-26.20:09:48::SCWPlatform:: Unique name xilinx:zybo-z7-10::0.0
TRACE::2026-04-26.20:09:49::SCWPlatform::Found the Hw Db part of the input DSA
TRACE::2026-04-26.20:09:49::SCWMssOS::Doing hw sync for the mss in domain: zynq_fsbl
TRACE::2026-04-26.20:09:49::SCWPlatform::Trying to open the hw design at C:/Users/suren/Documents/ECE_520/Final_Project/Sandbox/signal_detect_vitis/signal_detect_platform/hw/signal_detect_bd_wrapper.xsa
TRACE::2026-04-26.20:09:49::SCWPlatform::DSA given C:/Users/suren/Documents/ECE_520/Final_Project/Sandbox/signal_detect_vitis/signal_detect_platform/hw/signal_detect_bd_wrapper.xsa
TRACE::2026-04-26.20:09:49::SCWPlatform::DSA absoulate path C:/Users/suren/Documents/ECE_520/Final_Project/Sandbox/signal_detect_vitis/signal_detect_platform/hw/signal_detect_bd_wrapper.xsa
TRACE::2026-04-26.20:09:49::SCWPlatform::DSA directory C:/Users/suren/Documents/ECE_520/Final_Project/Sandbox/signal_detect_vitis/signal_detect_platform/hw
TRACE::2026-04-26.20:09:49::SCWPlatform:: Platform Path C:/Users/suren/Documents/ECE_520/Final_Project/Sandbox/signal_detect_vitis/signal_detect_platform/hw/signal_detect_bd_wrapper.xsa
TRACE::2026-04-26.20:09:49::SCWPlatform:: Unique name xilinx:zybo-z7-10::0.0
TRACE::2026-04-26.20:09:49::SCWPlatform::Trying to set the existing hwdb with name signal_detect_bd_wrapper_35
TRACE::2026-04-26.20:09:49::SCWPlatform::Opened existing hwdb signal_detect_bd_wrapper_35
TRACE::2026-04-26.20:09:49::SCWPlatform::Found the Hw Db part of the input DSA
TRACE::2026-04-26.20:09:49::SCWPlatform::Trying to open the hw design at C:/Users/suren/Documents/ECE_520/Final_Project/Sandbox/signal_detect_vitis/signal_detect_platform/hw/signal_detect_bd_wrapper.xsa
TRACE::2026-04-26.20:09:49::SCWPlatform::DSA given C:/Users/suren/Documents/ECE_520/Final_Project/Sandbox/signal_detect_vitis/signal_detect_platform/hw/signal_detect_bd_wrapper.xsa
TRACE::2026-04-26.20:09:49::SCWPlatform::DSA absoulate path C:/Users/suren/Documents/ECE_520/Final_Project/Sandbox/signal_detect_vitis/signal_detect_platform/hw/signal_detect_bd_wrapper.xsa
TRACE::2026-04-26.20:09:49::SCWPlatform::DSA directory C:/Users/suren/Documents/ECE_520/Final_Project/Sandbox/signal_detect_vitis/signal_detect_platform/hw
TRACE::2026-04-26.20:09:49::SCWPlatform:: Platform Path C:/Users/suren/Documents/ECE_520/Final_Project/Sandbox/signal_detect_vitis/signal_detect_platform/hw/signal_detect_bd_wrapper.xsa
TRACE::2026-04-26.20:09:49::SCWPlatform:: Unique name xilinx:zybo-z7-10::0.0
TRACE::2026-04-26.20:09:49::SCWPlatform::Trying to set the existing hwdb with name signal_detect_bd_wrapper_35
TRACE::2026-04-26.20:09:49::SCWPlatform::Opened existing hwdb signal_detect_bd_wrapper_35
TRACE::2026-04-26.20:09:49::SCWPlatform::Found the Hw Db part of the input DSA
TRACE::2026-04-26.20:09:49::SCWMssOS::Checking the sw design at  C:/Users/suren/Documents/ECE_520/Final_Project/Sandbox/signal_detect_vitis/signal_detect_platform/zynq_fsbl/zynq_fsbl_bsp/system.mss
TRACE::2026-04-26.20:09:49::SCWMssOS::DEBUG:  swdes dump  C:/Users/suren/Documents/ECE_520/Final_Project/Sandbox/signal_detect_vitis/signal_detect_platform/ps7_cortexa9_0/standalone_domain/bsp/system.mss|system_0||
C:/Users/suren/Documents/ECE_520/Final_Project/Sandbox/signal_detect_vitis/signal_detect_platform/zynq_fsbl/zynq_fsbl_bsp/system.mss|system||

TRACE::2026-04-26.20:09:49::SCWMssOS::Sw design exists and opened at  C:/Users/suren/Documents/ECE_520/Final_Project/Sandbox/signal_detect_vitis/signal_detect_platform/zynq_fsbl/zynq_fsbl_bsp/system.mss
TRACE::2026-04-26.20:09:49::SCWPlatform::Trying to open the hw design at C:/Users/suren/Documents/ECE_520/Final_Project/Sandbox/signal_detect_vitis/signal_detect_platform/tempdsa/signal_detect_bd_wrapper.xsa
TRACE::2026-04-26.20:09:49::SCWPlatform::DSA given C:/Users/suren/Documents/ECE_520/Final_Project/Sandbox/signal_detect_vitis/signal_detect_platform/tempdsa/signal_detect_bd_wrapper.xsa
TRACE::2026-04-26.20:09:49::SCWPlatform::DSA absoulate path C:/Users/suren/Documents/ECE_520/Final_Project/Sandbox/signal_detect_vitis/signal_detect_platform/tempdsa/signal_detect_bd_wrapper.xsa
TRACE::2026-04-26.20:09:49::SCWPlatform::DSA directory C:/Users/suren/Documents/ECE_520/Final_Project/Sandbox/signal_detect_vitis/signal_detect_platform/tempdsa
TRACE::2026-04-26.20:09:49::SCWPlatform:: Platform Path C:/Users/suren/Documents/ECE_520/Final_Project/Sandbox/signal_detect_vitis/signal_detect_platform/tempdsa/signal_detect_bd_wrapper.xsa
TRACE::2026-04-26.20:09:49::SCWPlatform:: Unique name xilinx:zybo-z7-10::0.0
TRACE::2026-04-26.20:09:49::SCWPlatform::update - Opened existing hwdb signal_detect_bd_wrapper_37
TRACE::2026-04-26.20:09:49::SCWPlatform::Found the Hw Db part of the input DSA
TRACE::2026-04-26.20:09:49::SCWMssOS::Doing hw sync for the mss in domain: standalone_domain
TRACE::2026-04-26.20:09:49::SCWPlatform::Trying to open the hw design at C:/Users/suren/Documents/ECE_520/Final_Project/Sandbox/signal_detect_vitis/signal_detect_platform/hw/signal_detect_bd_wrapper.xsa
TRACE::2026-04-26.20:09:49::SCWPlatform::DSA given C:/Users/suren/Documents/ECE_520/Final_Project/Sandbox/signal_detect_vitis/signal_detect_platform/hw/signal_detect_bd_wrapper.xsa
TRACE::2026-04-26.20:09:49::SCWPlatform::DSA absoulate path C:/Users/suren/Documents/ECE_520/Final_Project/Sandbox/signal_detect_vitis/signal_detect_platform/hw/signal_detect_bd_wrapper.xsa
TRACE::2026-04-26.20:09:49::SCWPlatform::DSA directory C:/Users/suren/Documents/ECE_520/Final_Project/Sandbox/signal_detect_vitis/signal_detect_platform/hw
TRACE::2026-04-26.20:09:49::SCWPlatform:: Platform Path C:/Users/suren/Documents/ECE_520/Final_Project/Sandbox/signal_detect_vitis/signal_detect_platform/hw/signal_detect_bd_wrapper.xsa
TRACE::2026-04-26.20:09:49::SCWPlatform:: Unique name xilinx:zybo-z7-10::0.0
TRACE::2026-04-26.20:09:49::SCWPlatform::Trying to set the existing hwdb with name signal_detect_bd_wrapper_35
TRACE::2026-04-26.20:09:49::SCWPlatform::Opened existing hwdb signal_detect_bd_wrapper_35
TRACE::2026-04-26.20:09:49::SCWPlatform::Found the Hw Db part of the input DSA
TRACE::2026-04-26.20:09:49::SCWPlatform::Trying to open the hw design at C:/Users/suren/Documents/ECE_520/Final_Project/Sandbox/signal_detect_vitis/signal_detect_platform/hw/signal_detect_bd_wrapper.xsa
TRACE::2026-04-26.20:09:49::SCWPlatform::DSA given C:/Users/suren/Documents/ECE_520/Final_Project/Sandbox/signal_detect_vitis/signal_detect_platform/hw/signal_detect_bd_wrapper.xsa
TRACE::2026-04-26.20:09:49::SCWPlatform::DSA absoulate path C:/Users/suren/Documents/ECE_520/Final_Project/Sandbox/signal_detect_vitis/signal_detect_platform/hw/signal_detect_bd_wrapper.xsa
TRACE::2026-04-26.20:09:49::SCWPlatform::DSA directory C:/Users/suren/Documents/ECE_520/Final_Project/Sandbox/signal_detect_vitis/signal_detect_platform/hw
TRACE::2026-04-26.20:09:49::SCWPlatform:: Platform Path C:/Users/suren/Documents/ECE_520/Final_Project/Sandbox/signal_detect_vitis/signal_detect_platform/hw/signal_detect_bd_wrapper.xsa
TRACE::2026-04-26.20:09:49::SCWPlatform:: Unique name xilinx:zybo-z7-10::0.0
TRACE::2026-04-26.20:09:49::SCWPlatform::Trying to set the existing hwdb with name signal_detect_bd_wrapper_35
TRACE::2026-04-26.20:09:49::SCWPlatform::Opened existing hwdb signal_detect_bd_wrapper_35
TRACE::2026-04-26.20:09:49::SCWPlatform::Found the Hw Db part of the input DSA
TRACE::2026-04-26.20:09:49::SCWMssOS::Checking the sw design at  C:/Users/suren/Documents/ECE_520/Final_Project/Sandbox/signal_detect_vitis/signal_detect_platform/ps7_cortexa9_0/standalone_domain/bsp/system.mss
TRACE::2026-04-26.20:09:49::SCWMssOS::DEBUG:  swdes dump  C:/Users/suren/Documents/ECE_520/Final_Project/Sandbox/signal_detect_vitis/signal_detect_platform/ps7_cortexa9_0/standalone_domain/bsp/system.mss|system_0||
C:/Users/suren/Documents/ECE_520/Final_Project/Sandbox/signal_detect_vitis/signal_detect_platform/zynq_fsbl/zynq_fsbl_bsp/system.mss|system||

TRACE::2026-04-26.20:09:49::SCWMssOS::Sw design exists and opened at  C:/Users/suren/Documents/ECE_520/Final_Project/Sandbox/signal_detect_vitis/signal_detect_platform/ps7_cortexa9_0/standalone_domain/bsp/system.mss
TRACE::2026-04-26.20:09:49::SCWPlatform::Trying to open the hw design at C:/Users/suren/Documents/ECE_520/Final_Project/Sandbox/signal_detect_vitis/signal_detect_platform/tempdsa/signal_detect_bd_wrapper.xsa
TRACE::2026-04-26.20:09:49::SCWPlatform::DSA given C:/Users/suren/Documents/ECE_520/Final_Project/Sandbox/signal_detect_vitis/signal_detect_platform/tempdsa/signal_detect_bd_wrapper.xsa
TRACE::2026-04-26.20:09:49::SCWPlatform::DSA absoulate path C:/Users/suren/Documents/ECE_520/Final_Project/Sandbox/signal_detect_vitis/signal_detect_platform/tempdsa/signal_detect_bd_wrapper.xsa
TRACE::2026-04-26.20:09:49::SCWPlatform::DSA directory C:/Users/suren/Documents/ECE_520/Final_Project/Sandbox/signal_detect_vitis/signal_detect_platform/tempdsa
TRACE::2026-04-26.20:09:49::SCWPlatform:: Platform Path C:/Users/suren/Documents/ECE_520/Final_Project/Sandbox/signal_detect_vitis/signal_detect_platform/tempdsa/signal_detect_bd_wrapper.xsa
TRACE::2026-04-26.20:09:49::SCWPlatform:: Unique name xilinx:zybo-z7-10::0.0
TRACE::2026-04-26.20:09:49::SCWPlatform::update - Opened existing hwdb signal_detect_bd_wrapper_37
TRACE::2026-04-26.20:09:49::SCWPlatform::Found the Hw Db part of the input DSA
TRACE::2026-04-26.20:09:49::SCWMssOS::Saving the mss changes C:/Users/suren/Documents/ECE_520/Final_Project/Sandbox/signal_detect_vitis/signal_detect_platform/zynq_fsbl/zynq_fsbl_bsp/system.mss
TRACE::2026-04-26.20:09:49::SCWMssOS::Found a swdesign opened with the mssfile.
TRACE::2026-04-26.20:09:49::SCWMssOS::Completed writemss as part of save.
TRACE::2026-04-26.20:09:49::SCWMssOS::Commit changes completed.
TRACE::2026-04-26.20:09:49::SCWMssOS::Completed hw sync for the mss in domain: zynq_fsbl
TRACE::2026-04-26.20:09:49::SCWMssOS::Removing the swdes entry for  C:/Users/suren/Documents/ECE_520/Final_Project/Sandbox/signal_detect_vitis/signal_detect_platform/zynq_fsbl/zynq_fsbl_bsp/system.mss
TRACE::2026-04-26.20:09:49::SCWMssOS::Saving the mss changes C:/Users/suren/Documents/ECE_520/Final_Project/Sandbox/signal_detect_vitis/signal_detect_platform/ps7_cortexa9_0/standalone_domain/bsp/system.mss
TRACE::2026-04-26.20:09:49::SCWMssOS::Found a swdesign opened with the mssfile.
TRACE::2026-04-26.20:09:49::SCWMssOS::Completed writemss as part of save.
TRACE::2026-04-26.20:09:49::SCWMssOS::Commit changes completed.
TRACE::2026-04-26.20:09:49::SCWMssOS::Completed hw sync for the mss in domain: standalone_domain
TRACE::2026-04-26.20:09:49::SCWMssOS::Removing the swdes entry for  C:/Users/suren/Documents/ECE_520/Final_Project/Sandbox/signal_detect_vitis/signal_detect_platform/ps7_cortexa9_0/standalone_domain/bsp/system.mss
TRACE::2026-04-26.20:09:49::SCWPlatform::Trying to open the hw design at C:/Users/suren/Documents/ECE_520/Final_Project/Sandbox/signal_detect_vitis/signal_detect_platform/hw/signal_detect_bd_wrapper.xsa
TRACE::2026-04-26.20:09:49::SCWPlatform::DSA given C:/Users/suren/Documents/ECE_520/Final_Project/Sandbox/signal_detect_vitis/signal_detect_platform/hw/signal_detect_bd_wrapper.xsa
TRACE::2026-04-26.20:09:49::SCWPlatform::DSA absoulate path C:/Users/suren/Documents/ECE_520/Final_Project/Sandbox/signal_detect_vitis/signal_detect_platform/hw/signal_detect_bd_wrapper.xsa
TRACE::2026-04-26.20:09:49::SCWPlatform::DSA directory C:/Users/suren/Documents/ECE_520/Final_Project/Sandbox/signal_detect_vitis/signal_detect_platform/hw
TRACE::2026-04-26.20:09:49::SCWPlatform:: Platform Path C:/Users/suren/Documents/ECE_520/Final_Project/Sandbox/signal_detect_vitis/signal_detect_platform/hw/signal_detect_bd_wrapper.xsa
TRACE::2026-04-26.20:09:49::SCWPlatform:: Unique name xilinx:zybo-z7-10::0.0
TRACE::2026-04-26.20:09:49::SCWPlatform::Do not have an existing db opened. 
TRACE::2026-04-26.20:09:50::SCWPlatform::Opened new HwDB with name signal_detect_bd_wrapper_38
TRACE::2026-04-26.20:09:50::SCWMssOS::Saving the mss changes C:/Users/suren/Documents/ECE_520/Final_Project/Sandbox/signal_detect_vitis/signal_detect_platform/zynq_fsbl/zynq_fsbl_bsp/system.mss
TRACE::2026-04-26.20:09:50::SCWMssOS::Adding the swdes entry, mss present, able to open swdb C:/Users/suren/Documents/ECE_520/Final_Project/Sandbox/signal_detect_vitis/signal_detect_platform/zynq_fsbl/zynq_fsbl_bsp/system.mss with des name system
TRACE::2026-04-26.20:09:50::SCWMssOS::Writing the mss file completed C:/Users/suren/Documents/ECE_520/Final_Project/Sandbox/signal_detect_vitis/signal_detect_platform/zynq_fsbl/zynq_fsbl_bsp/system.mss
TRACE::2026-04-26.20:09:50::SCWMssOS::Commit changes completed.
TRACE::2026-04-26.20:09:50::SCWMssOS::Saving the mss changes C:/Users/suren/Documents/ECE_520/Final_Project/Sandbox/signal_detect_vitis/signal_detect_platform/ps7_cortexa9_0/standalone_domain/bsp/system.mss
TRACE::2026-04-26.20:09:50::SCWMssOS::Adding the swdes entry, mss present, able to open swdb C:/Users/suren/Documents/ECE_520/Final_Project/Sandbox/signal_detect_vitis/signal_detect_platform/ps7_cortexa9_0/standalone_domain/bsp/system.mss with des name system_0
TRACE::2026-04-26.20:09:50::SCWMssOS::Writing the mss file completed C:/Users/suren/Documents/ECE_520/Final_Project/Sandbox/signal_detect_vitis/signal_detect_platform/ps7_cortexa9_0/standalone_domain/bsp/system.mss
TRACE::2026-04-26.20:09:50::SCWMssOS::Commit changes completed.
TRACE::2026-04-26.20:09:50::SCWPlatform::Trying to open the hw design at C:/Users/suren/Documents/ECE_520/Final_Project/Sandbox/signal_detect_vitis/signal_detect_platform/hw/signal_detect_bd_wrapper.xsa
TRACE::2026-04-26.20:09:50::SCWPlatform::DSA given C:/Users/suren/Documents/ECE_520/Final_Project/Sandbox/signal_detect_vitis/signal_detect_platform/hw/signal_detect_bd_wrapper.xsa
TRACE::2026-04-26.20:09:50::SCWPlatform::DSA absoulate path C:/Users/suren/Documents/ECE_520/Final_Project/Sandbox/signal_detect_vitis/signal_detect_platform/hw/signal_detect_bd_wrapper.xsa
TRACE::2026-04-26.20:09:50::SCWPlatform::DSA directory C:/Users/suren/Documents/ECE_520/Final_Project/Sandbox/signal_detect_vitis/signal_detect_platform/hw
TRACE::2026-04-26.20:09:50::SCWPlatform:: Platform Path C:/Users/suren/Documents/ECE_520/Final_Project/Sandbox/signal_detect_vitis/signal_detect_platform/hw/signal_detect_bd_wrapper.xsa
TRACE::2026-04-26.20:09:50::SCWPlatform:: Unique name xilinx:zybo-z7-10::0.0
TRACE::2026-04-26.20:09:50::SCWPlatform::Trying to set the existing hwdb with name signal_detect_bd_wrapper_38
TRACE::2026-04-26.20:09:50::SCWPlatform::Opened existing hwdb signal_detect_bd_wrapper_38
TRACE::2026-04-26.20:09:50::SCWPlatform::Found the Hw Db part of the input DSA
TRACE::2026-04-26.20:09:50::SCWMssOS::Checking the sw design at  C:/Users/suren/Documents/ECE_520/Final_Project/Sandbox/signal_detect_vitis/signal_detect_platform/zynq_fsbl/zynq_fsbl_bsp/system.mss
TRACE::2026-04-26.20:09:50::SCWMssOS::DEBUG:  swdes dump  C:/Users/suren/Documents/ECE_520/Final_Project/Sandbox/signal_detect_vitis/signal_detect_platform/ps7_cortexa9_0/standalone_domain/bsp/system.mss|system_0||
C:/Users/suren/Documents/ECE_520/Final_Project/Sandbox/signal_detect_vitis/signal_detect_platform/zynq_fsbl/zynq_fsbl_bsp/system.mss|system||

TRACE::2026-04-26.20:09:50::SCWMssOS::Sw design exists and opened at  C:/Users/suren/Documents/ECE_520/Final_Project/Sandbox/signal_detect_vitis/signal_detect_platform/zynq_fsbl/zynq_fsbl_bsp/system.mss
TRACE::2026-04-26.20:09:50::SCWPlatform::Trying to open the hw design at C:/Users/suren/Documents/ECE_520/Final_Project/Sandbox/signal_detect_vitis/signal_detect_platform/hw/signal_detect_bd_wrapper.xsa
TRACE::2026-04-26.20:09:50::SCWPlatform::DSA given C:/Users/suren/Documents/ECE_520/Final_Project/Sandbox/signal_detect_vitis/signal_detect_platform/hw/signal_detect_bd_wrapper.xsa
TRACE::2026-04-26.20:09:50::SCWPlatform::DSA absoulate path C:/Users/suren/Documents/ECE_520/Final_Project/Sandbox/signal_detect_vitis/signal_detect_platform/hw/signal_detect_bd_wrapper.xsa
TRACE::2026-04-26.20:09:50::SCWPlatform::DSA directory C:/Users/suren/Documents/ECE_520/Final_Project/Sandbox/signal_detect_vitis/signal_detect_platform/hw
TRACE::2026-04-26.20:09:50::SCWPlatform:: Platform Path C:/Users/suren/Documents/ECE_520/Final_Project/Sandbox/signal_detect_vitis/signal_detect_platform/hw/signal_detect_bd_wrapper.xsa
TRACE::2026-04-26.20:09:50::SCWPlatform:: Unique name xilinx:zybo-z7-10::0.0
TRACE::2026-04-26.20:09:50::SCWPlatform::Trying to set the existing hwdb with name signal_detect_bd_wrapper_38
TRACE::2026-04-26.20:09:50::SCWPlatform::Opened existing hwdb signal_detect_bd_wrapper_38
TRACE::2026-04-26.20:09:50::SCWPlatform::Found the Hw Db part of the input DSA
TRACE::2026-04-26.20:09:50::SCWMssOS::Checking the sw design at  C:/Users/suren/Documents/ECE_520/Final_Project/Sandbox/signal_detect_vitis/signal_detect_platform/ps7_cortexa9_0/standalone_domain/bsp/system.mss
TRACE::2026-04-26.20:09:50::SCWMssOS::DEBUG:  swdes dump  C:/Users/suren/Documents/ECE_520/Final_Project/Sandbox/signal_detect_vitis/signal_detect_platform/ps7_cortexa9_0/standalone_domain/bsp/system.mss|system_0||
C:/Users/suren/Documents/ECE_520/Final_Project/Sandbox/signal_detect_vitis/signal_detect_platform/zynq_fsbl/zynq_fsbl_bsp/system.mss|system||

TRACE::2026-04-26.20:09:50::SCWMssOS::Sw design exists and opened at  C:/Users/suren/Documents/ECE_520/Final_Project/Sandbox/signal_detect_vitis/signal_detect_platform/ps7_cortexa9_0/standalone_domain/bsp/system.mss
TRACE::2026-04-26.20:09:50::SCWWriter::formatted JSON is {
	"platformName":	"signal_detect_platform",
	"sprVersion":	"2.0",
	"mode":	"gui",
	"dsaType":	"Fixed",
	"platformDesc":	"signal_detect_platform",
	"platHandOff":	"C:/Users/suren/Documents/ECE_520/Final_Project/Sandbox/signal_detect_sb/signal_detect_bd_wrapper.xsa",
	"platIntHandOff":	"<platformDir>/hw/signal_detect_bd_wrapper.xsa",
	"deviceType":	"zynq",
	"platIsPrebuiltAutogen":	"false",
	"platIsNoBootBsp":	"false",
	"hasFsblMakeHasChanges":	"false",
	"hasPmufwMakeHasChanges":	"false",
	"fsblExtraCompilerFlags":	"-MMD -MP       -mcpu=cortex-a9 -mfpu=vfpv3 -mfloat-abi=hard ",
	"platPreBuiltFlag":	false,
	"platformSamplesDir":	"",
	"platActiveSys":	"signal_detect_platform",
	"systems":	[{
			"systemName":	"signal_detect_platform",
			"systemDesc":	"signal_detect_platform",
			"sysIsBootAutoGen":	"true",
			"systemDispName":	"signal_detect_platform",
			"sysActiveDom":	"standalone_domain",
			"sysDefaultDom":	"standalone_domain",
			"domains":	[{
					"domainName":	"zynq_fsbl",
					"domainDispName":	"zynq_fsbl",
					"domainDesc":	"FSBL Application BSP - Auto Generated.",
					"processors":	"ps7_cortexa9_0",
					"os":	"standalone",
					"sdxOs":	"standalone",
					"debugEnable":	"",
					"domRuntimes":	["cpp"],
					"swRepo":	"",
					"mssOsVer":	"8.1",
					"mssFile":	"",
					"md5Digest":	"24e81f5df4a1b28986eb4269e22351fe1",
					"compatibleApp":	"zynq_fsbl",
					"domType":	"bootDomain",
					"arch":	"32-bit",
					"appSettings":	{
						"appCompilerFlags":	"",
						"appLinkerFlags":	""
					},
					"addedLibs":	["xilffs:5.0", "xilrsa:1.6"],
					"libOptions":	{
						"libsContainingOptions":	[]
					},
					"prebuiltLibs":	{
						"prebuiltIncPath":	[],
						"prebuiltLibPath":	[]
					},
					"isolation":	{
					}
				}, {
					"domainName":	"standalone_domain",
					"domainDispName":	"standalone on ps7_cortexa9_0",
					"domainDesc":	"standalone_domain",
					"processors":	"ps7_cortexa9_0",
					"os":	"standalone",
					"sdxOs":	"standalone",
					"qemuArgs":	"<platformDir>/resources/signal_detect_platform/standalone_domain/qemu_args.txt",
					"qemuData":	"<platformDir>/resources/signal_detect_platform/standalone_domain/qemu",
					"debugEnable":	"False",
					"domRuntimes":	["cpp"],
					"swRepo":	"",
					"mssOsVer":	"8.1",
					"mssFile":	"",
					"md5Digest":	"9d9647dd92d7d30efd40c762a4ad20961",
					"compatibleApp":	"",
					"domType":	"mssDomain",
					"appSettings":	{
						"appCompilerFlags":	"",
						"appLinkerFlags":	""
					},
					"addedLibs":	[],
					"libOptions":	{
						"libsContainingOptions":	[]
					},
					"prebuiltLibs":	{
						"prebuiltIncPath":	[],
						"prebuiltLibPath":	[]
					},
					"isolation":	{
					}
				}]
		}]
}
TRACE::2026-04-26.20:09:51::SCWPlatform::Clearing the existing platform
TRACE::2026-04-26.20:09:51::SCWSystem::Clearing the existing sysconfig
TRACE::2026-04-26.20:09:51::SCWBDomain::clearing the fsbl build
TRACE::2026-04-26.20:09:51::SCWMssOS::Removing the swdes entry for  C:/Users/suren/Documents/ECE_520/Final_Project/Sandbox/signal_detect_vitis/signal_detect_platform/zynq_fsbl/zynq_fsbl_bsp/system.mss
TRACE::2026-04-26.20:09:51::SCWMssOS::Removing the swdes entry for  C:/Users/suren/Documents/ECE_520/Final_Project/Sandbox/signal_detect_vitis/signal_detect_platform/ps7_cortexa9_0/standalone_domain/bsp/system.mss
TRACE::2026-04-26.20:09:51::SCWSystem::Clearing the domains completed.
TRACE::2026-04-26.20:09:51::SCWPlatform::Clearing the opened hw db.
TRACE::2026-04-26.20:09:51::SCWPlatform::DSA given C:/Users/suren/Documents/ECE_520/Final_Project/Sandbox/signal_detect_vitis/signal_detect_platform/hw/signal_detect_bd_wrapper.xsa
TRACE::2026-04-26.20:09:51::SCWPlatform::DSA absoulate path C:/Users/suren/Documents/ECE_520/Final_Project/Sandbox/signal_detect_vitis/signal_detect_platform/hw/signal_detect_bd_wrapper.xsa
TRACE::2026-04-26.20:09:51::SCWPlatform:: Platform location is C:/Users/suren/Documents/ECE_520/Final_Project/Sandbox/signal_detect_vitis/signal_detect_platform/hw
TRACE::2026-04-26.20:09:51::SCWPlatform:: Platform Path C:/Users/suren/Documents/ECE_520/Final_Project/Sandbox/signal_detect_vitis/signal_detect_platform/hw/signal_detect_bd_wrapper.xsa
TRACE::2026-04-26.20:09:51::SCWPlatform:: Unique name xilinx:zybo-z7-10::0.0
TRACE::2026-04-26.20:09:51::SCWPlatform::Removing the HwDB with name C:/Users/suren/Documents/ECE_520/Final_Project/Sandbox/signal_detect_vitis/signal_detect_platform/hw/signal_detect_bd_wrapper.xsa
TRACE::2026-04-26.20:09:51::SCWPlatform::Trying to open the hw design at C:/Users/suren/Documents/ECE_520/Final_Project/Sandbox/signal_detect_vitis/signal_detect_platform/hw/signal_detect_bd_wrapper.xsa
TRACE::2026-04-26.20:09:51::SCWPlatform::DSA given C:/Users/suren/Documents/ECE_520/Final_Project/Sandbox/signal_detect_vitis/signal_detect_platform/hw/signal_detect_bd_wrapper.xsa
TRACE::2026-04-26.20:09:51::SCWPlatform::DSA absoulate path C:/Users/suren/Documents/ECE_520/Final_Project/Sandbox/signal_detect_vitis/signal_detect_platform/hw/signal_detect_bd_wrapper.xsa
TRACE::2026-04-26.20:09:51::SCWPlatform::DSA directory C:/Users/suren/Documents/ECE_520/Final_Project/Sandbox/signal_detect_vitis/signal_detect_platform/hw
TRACE::2026-04-26.20:09:51::SCWPlatform:: Platform Path C:/Users/suren/Documents/ECE_520/Final_Project/Sandbox/signal_detect_vitis/signal_detect_platform/hw/signal_detect_bd_wrapper.xsa
TRACE::2026-04-26.20:09:51::SCWPlatform:: Unique name xilinx:zybo-z7-10::0.0
TRACE::2026-04-26.20:09:51::SCWPlatform::Do not have an existing db opened. 
TRACE::2026-04-26.20:09:53::SCWPlatform::Opened new HwDB with name signal_detect_bd_wrapper_39
TRACE::2026-04-26.20:09:53::SCWReader::Active system found as  signal_detect_platform
TRACE::2026-04-26.20:09:53::SCWReader::Handling sysconfig signal_detect_platform
TRACE::2026-04-26.20:09:53::SCWDomain::checking for install qemu data   : 
TRACE::2026-04-26.20:09:53::SCWDomain:: Using the QEMU Data from install at  : C:/Xilinx/Vitis/2023.1/data/emulation/platforms/zynq/sw/a9_standalone/qemu/
TRACE::2026-04-26.20:09:53::SCWDomain:: Using the QEMU args  from install at  : C:/Xilinx/Vitis/2023.1/data/emulation/platforms/zynq/sw/a9_standalone/qemu/qemu_args.txt
TRACE::2026-04-26.20:09:53::SCWPlatform::Trying to open the hw design at C:/Users/suren/Documents/ECE_520/Final_Project/Sandbox/signal_detect_vitis/signal_detect_platform/hw/signal_detect_bd_wrapper.xsa
TRACE::2026-04-26.20:09:53::SCWPlatform::DSA given C:/Users/suren/Documents/ECE_520/Final_Project/Sandbox/signal_detect_vitis/signal_detect_platform/hw/signal_detect_bd_wrapper.xsa
TRACE::2026-04-26.20:09:53::SCWPlatform::DSA absoulate path C:/Users/suren/Documents/ECE_520/Final_Project/Sandbox/signal_detect_vitis/signal_detect_platform/hw/signal_detect_bd_wrapper.xsa
TRACE::2026-04-26.20:09:53::SCWPlatform::DSA directory C:/Users/suren/Documents/ECE_520/Final_Project/Sandbox/signal_detect_vitis/signal_detect_platform/hw
TRACE::2026-04-26.20:09:53::SCWPlatform:: Platform Path C:/Users/suren/Documents/ECE_520/Final_Project/Sandbox/signal_detect_vitis/signal_detect_platform/hw/signal_detect_bd_wrapper.xsa
TRACE::2026-04-26.20:09:53::SCWPlatform:: Unique name xilinx:zybo-z7-10::0.0
TRACE::2026-04-26.20:09:53::SCWPlatform::Trying to set the existing hwdb with name signal_detect_bd_wrapper_39
TRACE::2026-04-26.20:09:53::SCWPlatform::Opened existing hwdb signal_detect_bd_wrapper_39
TRACE::2026-04-26.20:09:53::SCWPlatform::Found the Hw Db part of the input DSA
TRACE::2026-04-26.20:09:53::SCWPlatform::Trying to open the hw design at C:/Users/suren/Documents/ECE_520/Final_Project/Sandbox/signal_detect_vitis/signal_detect_platform/hw/signal_detect_bd_wrapper.xsa
TRACE::2026-04-26.20:09:53::SCWPlatform::DSA given C:/Users/suren/Documents/ECE_520/Final_Project/Sandbox/signal_detect_vitis/signal_detect_platform/hw/signal_detect_bd_wrapper.xsa
TRACE::2026-04-26.20:09:53::SCWPlatform::DSA absoulate path C:/Users/suren/Documents/ECE_520/Final_Project/Sandbox/signal_detect_vitis/signal_detect_platform/hw/signal_detect_bd_wrapper.xsa
TRACE::2026-04-26.20:09:53::SCWPlatform::DSA directory C:/Users/suren/Documents/ECE_520/Final_Project/Sandbox/signal_detect_vitis/signal_detect_platform/hw
TRACE::2026-04-26.20:09:53::SCWPlatform:: Platform Path C:/Users/suren/Documents/ECE_520/Final_Project/Sandbox/signal_detect_vitis/signal_detect_platform/hw/signal_detect_bd_wrapper.xsa
TRACE::2026-04-26.20:09:53::SCWPlatform:: Unique name xilinx:zybo-z7-10::0.0
TRACE::2026-04-26.20:09:53::SCWPlatform::Trying to set the existing hwdb with name signal_detect_bd_wrapper_39
TRACE::2026-04-26.20:09:53::SCWPlatform::Opened existing hwdb signal_detect_bd_wrapper_39
TRACE::2026-04-26.20:09:53::SCWPlatform::Found the Hw Db part of the input DSA
TRACE::2026-04-26.20:09:53::SCWPlatform::Trying to open the hw design at C:/Users/suren/Documents/ECE_520/Final_Project/Sandbox/signal_detect_vitis/signal_detect_platform/hw/signal_detect_bd_wrapper.xsa
TRACE::2026-04-26.20:09:53::SCWPlatform::DSA given C:/Users/suren/Documents/ECE_520/Final_Project/Sandbox/signal_detect_vitis/signal_detect_platform/hw/signal_detect_bd_wrapper.xsa
TRACE::2026-04-26.20:09:53::SCWPlatform::DSA absoulate path C:/Users/suren/Documents/ECE_520/Final_Project/Sandbox/signal_detect_vitis/signal_detect_platform/hw/signal_detect_bd_wrapper.xsa
TRACE::2026-04-26.20:09:53::SCWPlatform::DSA directory C:/Users/suren/Documents/ECE_520/Final_Project/Sandbox/signal_detect_vitis/signal_detect_platform/hw
TRACE::2026-04-26.20:09:53::SCWPlatform:: Platform Path C:/Users/suren/Documents/ECE_520/Final_Project/Sandbox/signal_detect_vitis/signal_detect_platform/hw/signal_detect_bd_wrapper.xsa
TRACE::2026-04-26.20:09:53::SCWPlatform:: Unique name xilinx:zybo-z7-10::0.0
TRACE::2026-04-26.20:09:53::SCWPlatform::Trying to set the existing hwdb with name signal_detect_bd_wrapper_39
TRACE::2026-04-26.20:09:53::SCWPlatform::Opened existing hwdb signal_detect_bd_wrapper_39
TRACE::2026-04-26.20:09:53::SCWPlatform::Found the Hw Db part of the input DSA
TRACE::2026-04-26.20:09:53::SCWReader::Boot application domain added for zynq_fsbl
TRACE::2026-04-26.20:09:53::SCWPlatform::Trying to open the hw design at C:/Users/suren/Documents/ECE_520/Final_Project/Sandbox/signal_detect_vitis/signal_detect_platform/hw/signal_detect_bd_wrapper.xsa
TRACE::2026-04-26.20:09:53::SCWPlatform::DSA given C:/Users/suren/Documents/ECE_520/Final_Project/Sandbox/signal_detect_vitis/signal_detect_platform/hw/signal_detect_bd_wrapper.xsa
TRACE::2026-04-26.20:09:53::SCWPlatform::DSA absoulate path C:/Users/suren/Documents/ECE_520/Final_Project/Sandbox/signal_detect_vitis/signal_detect_platform/hw/signal_detect_bd_wrapper.xsa
TRACE::2026-04-26.20:09:53::SCWPlatform::DSA directory C:/Users/suren/Documents/ECE_520/Final_Project/Sandbox/signal_detect_vitis/signal_detect_platform/hw
TRACE::2026-04-26.20:09:53::SCWPlatform:: Platform Path C:/Users/suren/Documents/ECE_520/Final_Project/Sandbox/signal_detect_vitis/signal_detect_platform/hw/signal_detect_bd_wrapper.xsa
TRACE::2026-04-26.20:09:53::SCWPlatform:: Unique name xilinx:zybo-z7-10::0.0
TRACE::2026-04-26.20:09:53::SCWPlatform::Trying to set the existing hwdb with name signal_detect_bd_wrapper_39
TRACE::2026-04-26.20:09:53::SCWPlatform::Opened existing hwdb signal_detect_bd_wrapper_39
TRACE::2026-04-26.20:09:53::SCWPlatform::Found the Hw Db part of the input DSA
TRACE::2026-04-26.20:09:53::SCWMssOS::Checking the sw design at  C:/Users/suren/Documents/ECE_520/Final_Project/Sandbox/signal_detect_vitis/signal_detect_platform/zynq_fsbl/zynq_fsbl_bsp/system.mss
TRACE::2026-04-26.20:09:53::SCWMssOS::DEBUG:  swdes dump  
TRACE::2026-04-26.20:09:53::SCWMssOS::No sw design opened at  C:/Users/suren/Documents/ECE_520/Final_Project/Sandbox/signal_detect_vitis/signal_detect_platform/zynq_fsbl/zynq_fsbl_bsp/system.mss
TRACE::2026-04-26.20:09:53::SCWMssOS::mss exists loading the mss file  C:/Users/suren/Documents/ECE_520/Final_Project/Sandbox/signal_detect_vitis/signal_detect_platform/zynq_fsbl/zynq_fsbl_bsp/system.mss
TRACE::2026-04-26.20:09:53::SCWMssOS::Opened the sw design from mss  C:/Users/suren/Documents/ECE_520/Final_Project/Sandbox/signal_detect_vitis/signal_detect_platform/zynq_fsbl/zynq_fsbl_bsp/system.mss
TRACE::2026-04-26.20:09:53::SCWMssOS::Adding the swdes entry C:/Users/suren/Documents/ECE_520/Final_Project/Sandbox/signal_detect_vitis/signal_detect_platform/zynq_fsbl/zynq_fsbl_bsp/system.mss with des name system
TRACE::2026-04-26.20:09:53::SCWMssOS::updating the scw layer about changes
TRACE::2026-04-26.20:09:53::SCWMssOS::Opened the sw design.  C:/Users/suren/Documents/ECE_520/Final_Project/Sandbox/signal_detect_vitis/signal_detect_platform/zynq_fsbl/zynq_fsbl_bsp/system.mss
TRACE::2026-04-26.20:09:53::SCWPlatform::Trying to open the hw design at C:/Users/suren/Documents/ECE_520/Final_Project/Sandbox/signal_detect_vitis/signal_detect_platform/hw/signal_detect_bd_wrapper.xsa
TRACE::2026-04-26.20:09:53::SCWPlatform::DSA given C:/Users/suren/Documents/ECE_520/Final_Project/Sandbox/signal_detect_vitis/signal_detect_platform/hw/signal_detect_bd_wrapper.xsa
TRACE::2026-04-26.20:09:53::SCWPlatform::DSA absoulate path C:/Users/suren/Documents/ECE_520/Final_Project/Sandbox/signal_detect_vitis/signal_detect_platform/hw/signal_detect_bd_wrapper.xsa
TRACE::2026-04-26.20:09:53::SCWPlatform::DSA directory C:/Users/suren/Documents/ECE_520/Final_Project/Sandbox/signal_detect_vitis/signal_detect_platform/hw
TRACE::2026-04-26.20:09:53::SCWPlatform:: Platform Path C:/Users/suren/Documents/ECE_520/Final_Project/Sandbox/signal_detect_vitis/signal_detect_platform/hw/signal_detect_bd_wrapper.xsa
TRACE::2026-04-26.20:09:53::SCWPlatform:: Unique name xilinx:zybo-z7-10::0.0
TRACE::2026-04-26.20:09:53::SCWPlatform::Trying to set the existing hwdb with name signal_detect_bd_wrapper_39
TRACE::2026-04-26.20:09:53::SCWPlatform::Opened existing hwdb signal_detect_bd_wrapper_39
TRACE::2026-04-26.20:09:53::SCWPlatform::Found the Hw Db part of the input DSA
TRACE::2026-04-26.20:09:53::SCWMssOS::Checking the sw design at  C:/Users/suren/Documents/ECE_520/Final_Project/Sandbox/signal_detect_vitis/signal_detect_platform/zynq_fsbl/zynq_fsbl_bsp/system.mss
TRACE::2026-04-26.20:09:53::SCWMssOS::DEBUG:  swdes dump  C:/Users/suren/Documents/ECE_520/Final_Project/Sandbox/signal_detect_vitis/signal_detect_platform/zynq_fsbl/zynq_fsbl_bsp/system.mss|system||

TRACE::2026-04-26.20:09:53::SCWMssOS::Sw design exists and opened at  C:/Users/suren/Documents/ECE_520/Final_Project/Sandbox/signal_detect_vitis/signal_detect_platform/zynq_fsbl/zynq_fsbl_bsp/system.mss
TRACE::2026-04-26.20:09:53::SCWMssOS:: library already available in sw design:  xilffs:5.0
TRACE::2026-04-26.20:09:53::SCWPlatform::Trying to open the hw design at C:/Users/suren/Documents/ECE_520/Final_Project/Sandbox/signal_detect_vitis/signal_detect_platform/hw/signal_detect_bd_wrapper.xsa
TRACE::2026-04-26.20:09:53::SCWPlatform::DSA given C:/Users/suren/Documents/ECE_520/Final_Project/Sandbox/signal_detect_vitis/signal_detect_platform/hw/signal_detect_bd_wrapper.xsa
TRACE::2026-04-26.20:09:53::SCWPlatform::DSA absoulate path C:/Users/suren/Documents/ECE_520/Final_Project/Sandbox/signal_detect_vitis/signal_detect_platform/hw/signal_detect_bd_wrapper.xsa
TRACE::2026-04-26.20:09:53::SCWPlatform::DSA directory C:/Users/suren/Documents/ECE_520/Final_Project/Sandbox/signal_detect_vitis/signal_detect_platform/hw
TRACE::2026-04-26.20:09:53::SCWPlatform:: Platform Path C:/Users/suren/Documents/ECE_520/Final_Project/Sandbox/signal_detect_vitis/signal_detect_platform/hw/signal_detect_bd_wrapper.xsa
TRACE::2026-04-26.20:09:53::SCWPlatform:: Unique name xilinx:zybo-z7-10::0.0
TRACE::2026-04-26.20:09:53::SCWPlatform::Trying to set the existing hwdb with name signal_detect_bd_wrapper_39
TRACE::2026-04-26.20:09:53::SCWPlatform::Opened existing hwdb signal_detect_bd_wrapper_39
TRACE::2026-04-26.20:09:53::SCWPlatform::Found the Hw Db part of the input DSA
TRACE::2026-04-26.20:09:53::SCWMssOS::Checking the sw design at  C:/Users/suren/Documents/ECE_520/Final_Project/Sandbox/signal_detect_vitis/signal_detect_platform/zynq_fsbl/zynq_fsbl_bsp/system.mss
TRACE::2026-04-26.20:09:53::SCWMssOS::DEBUG:  swdes dump  C:/Users/suren/Documents/ECE_520/Final_Project/Sandbox/signal_detect_vitis/signal_detect_platform/zynq_fsbl/zynq_fsbl_bsp/system.mss|system||

TRACE::2026-04-26.20:09:53::SCWMssOS::Sw design exists and opened at  C:/Users/suren/Documents/ECE_520/Final_Project/Sandbox/signal_detect_vitis/signal_detect_platform/zynq_fsbl/zynq_fsbl_bsp/system.mss
TRACE::2026-04-26.20:09:53::SCWMssOS:: library already available in sw design:  xilrsa:1.6
TRACE::2026-04-26.20:09:53::SCWMssOS::Saving the mss changes C:/Users/suren/Documents/ECE_520/Final_Project/Sandbox/signal_detect_vitis/signal_detect_platform/zynq_fsbl/zynq_fsbl_bsp/system.mss
TRACE::2026-04-26.20:09:53::SCWMssOS::Found a swdesign opened with the mssfile.
TRACE::2026-04-26.20:09:53::SCWMssOS::Completed writemss as part of save.
TRACE::2026-04-26.20:09:53::SCWMssOS::Commit changes completed.
TRACE::2026-04-26.20:09:53::SCWReader::Adding prebuilt librarypaths as   
TRACE::2026-04-26.20:09:53::SCWReader::Adding prebuilt incpaths  as   
TRACE::2026-04-26.20:09:53::SCWPlatform::Trying to open the hw design at C:/Users/suren/Documents/ECE_520/Final_Project/Sandbox/signal_detect_vitis/signal_detect_platform/hw/signal_detect_bd_wrapper.xsa
TRACE::2026-04-26.20:09:53::SCWPlatform::DSA given C:/Users/suren/Documents/ECE_520/Final_Project/Sandbox/signal_detect_vitis/signal_detect_platform/hw/signal_detect_bd_wrapper.xsa
TRACE::2026-04-26.20:09:53::SCWPlatform::DSA absoulate path C:/Users/suren/Documents/ECE_520/Final_Project/Sandbox/signal_detect_vitis/signal_detect_platform/hw/signal_detect_bd_wrapper.xsa
TRACE::2026-04-26.20:09:53::SCWPlatform::DSA directory C:/Users/suren/Documents/ECE_520/Final_Project/Sandbox/signal_detect_vitis/signal_detect_platform/hw
TRACE::2026-04-26.20:09:53::SCWPlatform:: Platform Path C:/Users/suren/Documents/ECE_520/Final_Project/Sandbox/signal_detect_vitis/signal_detect_platform/hw/signal_detect_bd_wrapper.xsa
TRACE::2026-04-26.20:09:53::SCWPlatform:: Unique name xilinx:zybo-z7-10::0.0
TRACE::2026-04-26.20:09:53::SCWPlatform::Trying to set the existing hwdb with name signal_detect_bd_wrapper_39
TRACE::2026-04-26.20:09:53::SCWPlatform::Opened existing hwdb signal_detect_bd_wrapper_39
TRACE::2026-04-26.20:09:53::SCWPlatform::Found the Hw Db part of the input DSA
TRACE::2026-04-26.20:09:53::SCWMssOS::Checking the sw design at  C:/Users/suren/Documents/ECE_520/Final_Project/Sandbox/signal_detect_vitis/signal_detect_platform/zynq_fsbl/zynq_fsbl_bsp/system.mss
TRACE::2026-04-26.20:09:53::SCWMssOS::DEBUG:  swdes dump  C:/Users/suren/Documents/ECE_520/Final_Project/Sandbox/signal_detect_vitis/signal_detect_platform/zynq_fsbl/zynq_fsbl_bsp/system.mss|system||

TRACE::2026-04-26.20:09:53::SCWMssOS::Sw design exists and opened at  C:/Users/suren/Documents/ECE_520/Final_Project/Sandbox/signal_detect_vitis/signal_detect_platform/zynq_fsbl/zynq_fsbl_bsp/system.mss
TRACE::2026-04-26.20:09:53::SCWReader::No isolation master present  
TRACE::2026-04-26.20:09:53::SCWDomain::checking for install qemu data   : 
TRACE::2026-04-26.20:09:53::SCWDomain:: Using the QEMU Data from install at  : C:/Xilinx/Vitis/2023.1/data/emulation/platforms/zynq/sw/a9_standalone/qemu/
TRACE::2026-04-26.20:09:53::SCWDomain:: Using the QEMU args  from install at  : C:/Xilinx/Vitis/2023.1/data/emulation/platforms/zynq/sw/a9_standalone/qemu/qemu_args.txt
TRACE::2026-04-26.20:09:53::SCWPlatform::Trying to open the hw design at C:/Users/suren/Documents/ECE_520/Final_Project/Sandbox/signal_detect_vitis/signal_detect_platform/hw/signal_detect_bd_wrapper.xsa
TRACE::2026-04-26.20:09:53::SCWPlatform::DSA given C:/Users/suren/Documents/ECE_520/Final_Project/Sandbox/signal_detect_vitis/signal_detect_platform/hw/signal_detect_bd_wrapper.xsa
TRACE::2026-04-26.20:09:53::SCWPlatform::DSA absoulate path C:/Users/suren/Documents/ECE_520/Final_Project/Sandbox/signal_detect_vitis/signal_detect_platform/hw/signal_detect_bd_wrapper.xsa
TRACE::2026-04-26.20:09:53::SCWPlatform::DSA directory C:/Users/suren/Documents/ECE_520/Final_Project/Sandbox/signal_detect_vitis/signal_detect_platform/hw
TRACE::2026-04-26.20:09:53::SCWPlatform:: Platform Path C:/Users/suren/Documents/ECE_520/Final_Project/Sandbox/signal_detect_vitis/signal_detect_platform/hw/signal_detect_bd_wrapper.xsa
TRACE::2026-04-26.20:09:53::SCWPlatform:: Unique name xilinx:zybo-z7-10::0.0
TRACE::2026-04-26.20:09:53::SCWPlatform::Trying to set the existing hwdb with name signal_detect_bd_wrapper_39
TRACE::2026-04-26.20:09:53::SCWPlatform::Opened existing hwdb signal_detect_bd_wrapper_39
TRACE::2026-04-26.20:09:53::SCWPlatform::Found the Hw Db part of the input DSA
TRACE::2026-04-26.20:09:53::SCWPlatform::Trying to open the hw design at C:/Users/suren/Documents/ECE_520/Final_Project/Sandbox/signal_detect_vitis/signal_detect_platform/hw/signal_detect_bd_wrapper.xsa
TRACE::2026-04-26.20:09:53::SCWPlatform::DSA given C:/Users/suren/Documents/ECE_520/Final_Project/Sandbox/signal_detect_vitis/signal_detect_platform/hw/signal_detect_bd_wrapper.xsa
TRACE::2026-04-26.20:09:53::SCWPlatform::DSA absoulate path C:/Users/suren/Documents/ECE_520/Final_Project/Sandbox/signal_detect_vitis/signal_detect_platform/hw/signal_detect_bd_wrapper.xsa
TRACE::2026-04-26.20:09:53::SCWPlatform::DSA directory C:/Users/suren/Documents/ECE_520/Final_Project/Sandbox/signal_detect_vitis/signal_detect_platform/hw
TRACE::2026-04-26.20:09:53::SCWPlatform:: Platform Path C:/Users/suren/Documents/ECE_520/Final_Project/Sandbox/signal_detect_vitis/signal_detect_platform/hw/signal_detect_bd_wrapper.xsa
TRACE::2026-04-26.20:09:53::SCWPlatform:: Unique name xilinx:zybo-z7-10::0.0
TRACE::2026-04-26.20:09:53::SCWPlatform::Trying to set the existing hwdb with name signal_detect_bd_wrapper_39
TRACE::2026-04-26.20:09:53::SCWPlatform::Opened existing hwdb signal_detect_bd_wrapper_39
TRACE::2026-04-26.20:09:53::SCWPlatform::Found the Hw Db part of the input DSA
TRACE::2026-04-26.20:09:53::SCWPlatform::Trying to open the hw design at C:/Users/suren/Documents/ECE_520/Final_Project/Sandbox/signal_detect_vitis/signal_detect_platform/hw/signal_detect_bd_wrapper.xsa
TRACE::2026-04-26.20:09:53::SCWPlatform::DSA given C:/Users/suren/Documents/ECE_520/Final_Project/Sandbox/signal_detect_vitis/signal_detect_platform/hw/signal_detect_bd_wrapper.xsa
TRACE::2026-04-26.20:09:53::SCWPlatform::DSA absoulate path C:/Users/suren/Documents/ECE_520/Final_Project/Sandbox/signal_detect_vitis/signal_detect_platform/hw/signal_detect_bd_wrapper.xsa
TRACE::2026-04-26.20:09:53::SCWPlatform::DSA directory C:/Users/suren/Documents/ECE_520/Final_Project/Sandbox/signal_detect_vitis/signal_detect_platform/hw
TRACE::2026-04-26.20:09:53::SCWPlatform:: Platform Path C:/Users/suren/Documents/ECE_520/Final_Project/Sandbox/signal_detect_vitis/signal_detect_platform/hw/signal_detect_bd_wrapper.xsa
TRACE::2026-04-26.20:09:53::SCWPlatform:: Unique name xilinx:zybo-z7-10::0.0
TRACE::2026-04-26.20:09:53::SCWPlatform::Trying to set the existing hwdb with name signal_detect_bd_wrapper_39
TRACE::2026-04-26.20:09:53::SCWPlatform::Opened existing hwdb signal_detect_bd_wrapper_39
TRACE::2026-04-26.20:09:53::SCWPlatform::Found the Hw Db part of the input DSA
TRACE::2026-04-26.20:09:53::SCWMssOS::Checking the sw design at  C:/Users/suren/Documents/ECE_520/Final_Project/Sandbox/signal_detect_vitis/signal_detect_platform/ps7_cortexa9_0/standalone_domain/bsp/system.mss
TRACE::2026-04-26.20:09:53::SCWMssOS::DEBUG:  swdes dump  C:/Users/suren/Documents/ECE_520/Final_Project/Sandbox/signal_detect_vitis/signal_detect_platform/zynq_fsbl/zynq_fsbl_bsp/system.mss|system||

TRACE::2026-04-26.20:09:53::SCWMssOS::No sw design opened at  C:/Users/suren/Documents/ECE_520/Final_Project/Sandbox/signal_detect_vitis/signal_detect_platform/ps7_cortexa9_0/standalone_domain/bsp/system.mss
TRACE::2026-04-26.20:09:53::SCWMssOS::mss exists loading the mss file  C:/Users/suren/Documents/ECE_520/Final_Project/Sandbox/signal_detect_vitis/signal_detect_platform/ps7_cortexa9_0/standalone_domain/bsp/system.mss
TRACE::2026-04-26.20:09:53::SCWMssOS::Opened the sw design from mss  C:/Users/suren/Documents/ECE_520/Final_Project/Sandbox/signal_detect_vitis/signal_detect_platform/ps7_cortexa9_0/standalone_domain/bsp/system.mss
TRACE::2026-04-26.20:09:53::SCWMssOS::Adding the swdes entry C:/Users/suren/Documents/ECE_520/Final_Project/Sandbox/signal_detect_vitis/signal_detect_platform/ps7_cortexa9_0/standalone_domain/bsp/system.mss with des name system_0
TRACE::2026-04-26.20:09:53::SCWMssOS::updating the scw layer about changes
TRACE::2026-04-26.20:09:53::SCWMssOS::Opened the sw design.  C:/Users/suren/Documents/ECE_520/Final_Project/Sandbox/signal_detect_vitis/signal_detect_platform/ps7_cortexa9_0/standalone_domain/bsp/system.mss
TRACE::2026-04-26.20:09:53::SCWMssOS::Saving the mss changes C:/Users/suren/Documents/ECE_520/Final_Project/Sandbox/signal_detect_vitis/signal_detect_platform/ps7_cortexa9_0/standalone_domain/bsp/system.mss
TRACE::2026-04-26.20:09:53::SCWMssOS::Found a swdesign opened with the mssfile.
TRACE::2026-04-26.20:09:53::SCWMssOS::Completed writemss as part of save.
TRACE::2026-04-26.20:09:53::SCWMssOS::Commit changes completed.
TRACE::2026-04-26.20:09:53::SCWReader::Adding prebuilt librarypaths as   
TRACE::2026-04-26.20:09:53::SCWReader::Adding prebuilt incpaths  as   
TRACE::2026-04-26.20:09:53::SCWPlatform::Trying to open the hw design at C:/Users/suren/Documents/ECE_520/Final_Project/Sandbox/signal_detect_vitis/signal_detect_platform/hw/signal_detect_bd_wrapper.xsa
TRACE::2026-04-26.20:09:53::SCWPlatform::DSA given C:/Users/suren/Documents/ECE_520/Final_Project/Sandbox/signal_detect_vitis/signal_detect_platform/hw/signal_detect_bd_wrapper.xsa
TRACE::2026-04-26.20:09:53::SCWPlatform::DSA absoulate path C:/Users/suren/Documents/ECE_520/Final_Project/Sandbox/signal_detect_vitis/signal_detect_platform/hw/signal_detect_bd_wrapper.xsa
TRACE::2026-04-26.20:09:53::SCWPlatform::DSA directory C:/Users/suren/Documents/ECE_520/Final_Project/Sandbox/signal_detect_vitis/signal_detect_platform/hw
TRACE::2026-04-26.20:09:53::SCWPlatform:: Platform Path C:/Users/suren/Documents/ECE_520/Final_Project/Sandbox/signal_detect_vitis/signal_detect_platform/hw/signal_detect_bd_wrapper.xsa
TRACE::2026-04-26.20:09:53::SCWPlatform:: Unique name xilinx:zybo-z7-10::0.0
TRACE::2026-04-26.20:09:53::SCWPlatform::Trying to set the existing hwdb with name signal_detect_bd_wrapper_39
TRACE::2026-04-26.20:09:53::SCWPlatform::Opened existing hwdb signal_detect_bd_wrapper_39
TRACE::2026-04-26.20:09:53::SCWPlatform::Found the Hw Db part of the input DSA
TRACE::2026-04-26.20:09:53::SCWMssOS::Checking the sw design at  C:/Users/suren/Documents/ECE_520/Final_Project/Sandbox/signal_detect_vitis/signal_detect_platform/ps7_cortexa9_0/standalone_domain/bsp/system.mss
TRACE::2026-04-26.20:09:53::SCWMssOS::DEBUG:  swdes dump  C:/Users/suren/Documents/ECE_520/Final_Project/Sandbox/signal_detect_vitis/signal_detect_platform/ps7_cortexa9_0/standalone_domain/bsp/system.mss|system_0||
C:/Users/suren/Documents/ECE_520/Final_Project/Sandbox/signal_detect_vitis/signal_detect_platform/zynq_fsbl/zynq_fsbl_bsp/system.mss|system||

TRACE::2026-04-26.20:09:53::SCWMssOS::Sw design exists and opened at  C:/Users/suren/Documents/ECE_520/Final_Project/Sandbox/signal_detect_vitis/signal_detect_platform/ps7_cortexa9_0/standalone_domain/bsp/system.mss
TRACE::2026-04-26.20:09:53::SCWReader::No isolation master present  
LOG::2026-04-26.20:10:00::SCWPlatform::Started generating the artifacts platform signal_detect_platform
TRACE::2026-04-26.20:10:00::SCWPlatform::Sanity checking of platform is completed
LOG::2026-04-26.20:10:00::SCWPlatform::Started generating the artifacts for system configuration signal_detect_platform
LOG::2026-04-26.20:10:00::SCWSystem::Checking the domain zynq_fsbl
LOG::2026-04-26.20:10:00::SCWSystem::Doing application build for :  zynq_fsbl
TRACE::2026-04-26.20:10:00::SCWBDomain::Not a forced makefile updation, No changes are present. 
TRACE::2026-04-26.20:10:00::SCWDomain::Skipping the build for domain :  zynq_fsbl
LOG::2026-04-26.20:10:00::SCWSystem::Checking the domain standalone_domain
LOG::2026-04-26.20:10:00::SCWSystem::Not a boot domain 
LOG::2026-04-26.20:10:00::SCWSystem::Started Processing the domain standalone_domain
TRACE::2026-04-26.20:10:00::SCWDomain::Generating domain artifcats
TRACE::2026-04-26.20:10:00::SCWMssOS::Generating standalone artifcats
TRACE::2026-04-26.20:10:00::SCWMssOS::Copying the qemu file from  C:/Users/suren/Documents/ECE_520/Final_Project/Sandbox/signal_detect_vitis/signal_detect_platform/resources/signal_detect_platform/standalone_domain/qemu_args.txt To C:/Users/suren/Documents/ECE_520/Final_Project/Sandbox/signal_detect_vitis/signal_detect_platform/export/signal_detect_platform/sw/signal_detect_platform/qemu/
TRACE::2026-04-26.20:10:00::SCWMssOS::Copying the qemu file from  C:/Users/suren/Documents/ECE_520/Final_Project/Sandbox/signal_detect_vitis/signal_detect_platform/resources/signal_detect_platform/standalone_domain/qemu_args.txt To C:/Users/suren/Documents/ECE_520/Final_Project/Sandbox/signal_detect_vitis/signal_detect_platform/export/signal_detect_platform/sw/signal_detect_platform/standalone_domain/qemu/
TRACE::2026-04-26.20:10:00::SCWMssOS:: Copying the user libraries. 
TRACE::2026-04-26.20:10:00::SCWPlatform::Trying to open the hw design at C:/Users/suren/Documents/ECE_520/Final_Project/Sandbox/signal_detect_vitis/signal_detect_platform/hw/signal_detect_bd_wrapper.xsa
TRACE::2026-04-26.20:10:00::SCWPlatform::DSA given C:/Users/suren/Documents/ECE_520/Final_Project/Sandbox/signal_detect_vitis/signal_detect_platform/hw/signal_detect_bd_wrapper.xsa
TRACE::2026-04-26.20:10:00::SCWPlatform::DSA absoulate path C:/Users/suren/Documents/ECE_520/Final_Project/Sandbox/signal_detect_vitis/signal_detect_platform/hw/signal_detect_bd_wrapper.xsa
TRACE::2026-04-26.20:10:00::SCWPlatform::DSA directory C:/Users/suren/Documents/ECE_520/Final_Project/Sandbox/signal_detect_vitis/signal_detect_platform/hw
TRACE::2026-04-26.20:10:00::SCWPlatform:: Platform Path C:/Users/suren/Documents/ECE_520/Final_Project/Sandbox/signal_detect_vitis/signal_detect_platform/hw/signal_detect_bd_wrapper.xsa
TRACE::2026-04-26.20:10:00::SCWPlatform:: Unique name xilinx:zybo-z7-10::0.0
TRACE::2026-04-26.20:10:00::SCWPlatform::Trying to set the existing hwdb with name signal_detect_bd_wrapper_39
TRACE::2026-04-26.20:10:00::SCWPlatform::Could not get the HWDB from existing dbname
TRACE::2026-04-26.20:10:00::SCWPlatform::Do not have an existing db opened. Attempting to open the hwDb. 
TRACE::2026-04-26.20:10:00::SCWPlatform::Opened new HwDB with name signal_detect_bd_wrapper_40
TRACE::2026-04-26.20:10:00::SCWMssOS::Checking the sw design at  C:/Users/suren/Documents/ECE_520/Final_Project/Sandbox/signal_detect_vitis/signal_detect_platform/ps7_cortexa9_0/standalone_domain/bsp/system.mss
TRACE::2026-04-26.20:10:00::SCWMssOS::DEBUG:  swdes dump  C:/Users/suren/Documents/ECE_520/Final_Project/Sandbox/signal_detect_vitis/signal_detect_platform/ps7_cortexa9_0/standalone_domain/bsp/system.mss|system_0||
C:/Users/suren/Documents/ECE_520/Final_Project/Sandbox/signal_detect_vitis/signal_detect_platform/zynq_fsbl/zynq_fsbl_bsp/system.mss|system||

TRACE::2026-04-26.20:10:00::SCWMssOS::Sw design exists and opened at  C:/Users/suren/Documents/ECE_520/Final_Project/Sandbox/signal_detect_vitis/signal_detect_platform/ps7_cortexa9_0/standalone_domain/bsp/system.mss
TRACE::2026-04-26.20:10:00::SCWMssOS::Completed writing the mss file at C:/Users/suren/Documents/ECE_520/Final_Project/Sandbox/signal_detect_vitis/signal_detect_platform/ps7_cortexa9_0/standalone_domain/bsp
TRACE::2026-04-26.20:10:00::SCWMssOS::Mss edits present, copying mssfile into export location C:/Users/suren/Documents/ECE_520/Final_Project/Sandbox/signal_detect_vitis/signal_detect_platform/ps7_cortexa9_0/standalone_domain/bsp/system.mss
TRACE::2026-04-26.20:10:00::SCWMssOS::bsp generated is stale removing and regenerating. 
TRACE::2026-04-26.20:10:01::SCWMssOS::doing bsp build ... 
TRACE::2026-04-26.20:10:01::SCWMssOS::System Command Ran  C: & cd  C:/Users/suren/Documents/ECE_520/Final_Project/Sandbox/signal_detect_vitis/signal_detect_platform/ps7_cortexa9_0/standalone_domain/bsp & make 
TRACE::2026-04-26.20:10:01::SCWMssOS::make --no-print-directory seq_libs

TRACE::2026-04-26.20:10:01::SCWMssOS::'Finished building libraries sequentially.'

TRACE::2026-04-26.20:10:01::SCWMssOS::make -j 6 --no-print-directory par_libs

TRACE::2026-04-26.20:10:01::SCWMssOS::"Running Make include in ps7_cortexa9_0/libsrc/coresightps_dcc_v1_8/src"

TRACE::2026-04-26.20:10:02::SCWMssOS::make -C ps7_cortexa9_0/libsrc/coresightps_dcc_v1_8/src -s include  "SHELL=CMD" "COMPILER=arm-none-eabi-gcc" "ASSEMBLER=arm-none
TRACE::2026-04-26.20:10:02::SCWMssOS::-eabi-as" "ARCHIVER=arm-none-eabi-ar" "COMPILER_FLAGS=  -O2 -c" "EXTRA_COMPILER_FLAGS=-mcpu=cortex-a9 -mfpu=vfpv3 -mfloat-abi=h
TRACE::2026-04-26.20:10:02::SCWMssOS::ard -nostartfiles -g -Wall -Wextra -fno-tree-loop-distribute-patterns"

TRACE::2026-04-26.20:10:02::SCWMssOS::"Running Make include in ps7_cortexa9_0/libsrc/cpu_cortexa9_v2_11/src"

TRACE::2026-04-26.20:10:02::SCWMssOS::make -C ps7_cortexa9_0/libsrc/cpu_cortexa9_v2_11/src -s include  "SHELL=CMD" "COMPILER=arm-none-eabi-gcc" "ASSEMBLER=arm-none-e
TRACE::2026-04-26.20:10:02::SCWMssOS::abi-as" "ARCHIVER=arm-none-eabi-ar" "COMPILER_FLAGS=  -O2 -c" "EXTRA_COMPILER_FLAGS=-mcpu=cortex-a9 -mfpu=vfpv3 -mfloat-abi=har
TRACE::2026-04-26.20:10:02::SCWMssOS::d -nostartfiles -g -Wall -Wextra -fno-tree-loop-distribute-patterns"

TRACE::2026-04-26.20:10:02::SCWMssOS::"Running Make include in ps7_cortexa9_0/libsrc/ddrps_v1_2/src"

TRACE::2026-04-26.20:10:02::SCWMssOS::make -C ps7_cortexa9_0/libsrc/ddrps_v1_2/src -s include  "SHELL=CMD" "COMPILER=arm-none-eabi-gcc" "ASSEMBLER=arm-none-eabi-as" 
TRACE::2026-04-26.20:10:02::SCWMssOS::"ARCHIVER=arm-none-eabi-ar" "COMPILER_FLAGS=  -O2 -c" "EXTRA_COMPILER_FLAGS=-mcpu=cortex-a9 -mfpu=vfpv3 -mfloat-abi=hard -nosta
TRACE::2026-04-26.20:10:02::SCWMssOS::rtfiles -g -Wall -Wextra -fno-tree-loop-distribute-patterns"

TRACE::2026-04-26.20:10:02::SCWMssOS::"Running Make include in ps7_cortexa9_0/libsrc/devcfg_v3_7/src"

TRACE::2026-04-26.20:10:02::SCWMssOS::make -C ps7_cortexa9_0/libsrc/devcfg_v3_7/src -s include  "SHELL=CMD" "COMPILER=arm-none-eabi-gcc" "ASSEMBLER=arm-none-eabi-as"
TRACE::2026-04-26.20:10:02::SCWMssOS:: "ARCHIVER=arm-none-eabi-ar" "COMPILER_FLAGS=  -O2 -c" "EXTRA_COMPILER_FLAGS=-mcpu=cortex-a9 -mfpu=vfpv3 -mfloat-abi=hard -nost
TRACE::2026-04-26.20:10:02::SCWMssOS::artfiles -g -Wall -Wextra -fno-tree-loop-distribute-patterns"

TRACE::2026-04-26.20:10:02::SCWMssOS::"Running Make include in ps7_cortexa9_0/libsrc/dmaps_v2_8/src"

TRACE::2026-04-26.20:10:02::SCWMssOS::make -C ps7_cortexa9_0/libsrc/dmaps_v2_8/src -s include  "SHELL=CMD" "COMPILER=arm-none-eabi-gcc" "ASSEMBLER=arm-none-eabi-as" 
TRACE::2026-04-26.20:10:02::SCWMssOS::"ARCHIVER=arm-none-eabi-ar" "COMPILER_FLAGS=  -O2 -c" "EXTRA_COMPILER_FLAGS=-mcpu=cortex-a9 -mfpu=vfpv3 -mfloat-abi=hard -nosta
TRACE::2026-04-26.20:10:02::SCWMssOS::rtfiles -g -Wall -Wextra -fno-tree-loop-distribute-patterns"

TRACE::2026-04-26.20:10:02::SCWMssOS::"Running Make include in ps7_cortexa9_0/libsrc/emacps_v3_18/src"

TRACE::2026-04-26.20:10:02::SCWMssOS::make -C ps7_cortexa9_0/libsrc/emacps_v3_18/src -s include  "SHELL=CMD" "COMPILER=arm-none-eabi-gcc" "ASSEMBLER=arm-none-eabi-as
TRACE::2026-04-26.20:10:02::SCWMssOS::" "ARCHIVER=arm-none-eabi-ar" "COMPILER_FLAGS=  -O2 -c" "EXTRA_COMPILER_FLAGS=-mcpu=cortex-a9 -mfpu=vfpv3 -mfloat-abi=hard -nos
TRACE::2026-04-26.20:10:02::SCWMssOS::tartfiles -g -Wall -Wextra -fno-tree-loop-distribute-patterns"

TRACE::2026-04-26.20:10:02::SCWMssOS::"Running Make include in ps7_cortexa9_0/libsrc/gpiops_v3_11/src"

TRACE::2026-04-26.20:10:02::SCWMssOS::make -C ps7_cortexa9_0/libsrc/gpiops_v3_11/src -s include  "SHELL=CMD" "COMPILER=arm-none-eabi-gcc" "ASSEMBLER=arm-none-eabi-as
TRACE::2026-04-26.20:10:02::SCWMssOS::" "ARCHIVER=arm-none-eabi-ar" "COMPILER_FLAGS=  -O2 -c" "EXTRA_COMPILER_FLAGS=-mcpu=cortex-a9 -mfpu=vfpv3 -mfloat-abi=hard -nos
TRACE::2026-04-26.20:10:02::SCWMssOS::tartfiles -g -Wall -Wextra -fno-tree-loop-distribute-patterns"

TRACE::2026-04-26.20:10:02::SCWMssOS::"Running Make include in ps7_cortexa9_0/libsrc/gpio_v4_9/src"

TRACE::2026-04-26.20:10:02::SCWMssOS::make -C ps7_cortexa9_0/libsrc/gpio_v4_9/src -s include  "SHELL=CMD" "COMPILER=arm-none-eabi-gcc" "ASSEMBLER=arm-none-eabi-as" "
TRACE::2026-04-26.20:10:02::SCWMssOS::ARCHIVER=arm-none-eabi-ar" "COMPILER_FLAGS=  -O2 -c" "EXTRA_COMPILER_FLAGS=-mcpu=cortex-a9 -mfpu=vfpv3 -mfloat-abi=hard -nostar
TRACE::2026-04-26.20:10:02::SCWMssOS::tfiles -g -Wall -Wextra -fno-tree-loop-distribute-patterns"

TRACE::2026-04-26.20:10:02::SCWMssOS::"Running Make include in ps7_cortexa9_0/libsrc/qspips_v3_10/src"

TRACE::2026-04-26.20:10:02::SCWMssOS::make -C ps7_cortexa9_0/libsrc/qspips_v3_10/src -s include  "SHELL=CMD" "COMPILER=arm-none-eabi-gcc" "ASSEMBLER=arm-none-eabi-as
TRACE::2026-04-26.20:10:02::SCWMssOS::" "ARCHIVER=arm-none-eabi-ar" "COMPILER_FLAGS=  -O2 -c" "EXTRA_COMPILER_FLAGS=-mcpu=cortex-a9 -mfpu=vfpv3 -mfloat-abi=hard -nos
TRACE::2026-04-26.20:10:02::SCWMssOS::tartfiles -g -Wall -Wextra -fno-tree-loop-distribute-patterns"

TRACE::2026-04-26.20:10:02::SCWMssOS::"Running Make include in ps7_cortexa9_0/libsrc/scugic_v5_1/src"

TRACE::2026-04-26.20:10:02::SCWMssOS::make -C ps7_cortexa9_0/libsrc/scugic_v5_1/src -s include  "SHELL=CMD" "COMPILER=arm-none-eabi-gcc" "ASSEMBLER=arm-none-eabi-as"
TRACE::2026-04-26.20:10:02::SCWMssOS:: "ARCHIVER=arm-none-eabi-ar" "COMPILER_FLAGS=  -O2 -c" "EXTRA_COMPILER_FLAGS=-mcpu=cortex-a9 -mfpu=vfpv3 -mfloat-abi=hard -nost
TRACE::2026-04-26.20:10:02::SCWMssOS::artfiles -g -Wall -Wextra -fno-tree-loop-distribute-patterns"

TRACE::2026-04-26.20:10:02::SCWMssOS::"Running Make include in ps7_cortexa9_0/libsrc/scutimer_v2_4/src"

TRACE::2026-04-26.20:10:02::SCWMssOS::make -C ps7_cortexa9_0/libsrc/scutimer_v2_4/src -s include  "SHELL=CMD" "COMPILER=arm-none-eabi-gcc" "ASSEMBLER=arm-none-eabi-a
TRACE::2026-04-26.20:10:02::SCWMssOS::s" "ARCHIVER=arm-none-eabi-ar" "COMPILER_FLAGS=  -O2 -c" "EXTRA_COMPILER_FLAGS=-mcpu=cortex-a9 -mfpu=vfpv3 -mfloat-abi=hard -no
TRACE::2026-04-26.20:10:02::SCWMssOS::startfiles -g -Wall -Wextra -fno-tree-loop-distribute-patterns"

TRACE::2026-04-26.20:10:02::SCWMssOS::"Running Make include in ps7_cortexa9_0/libsrc/scuwdt_v2_4/src"

TRACE::2026-04-26.20:10:02::SCWMssOS::make -C ps7_cortexa9_0/libsrc/scuwdt_v2_4/src -s include  "SHELL=CMD" "COMPILER=arm-none-eabi-gcc" "ASSEMBLER=arm-none-eabi-as"
TRACE::2026-04-26.20:10:02::SCWMssOS:: "ARCHIVER=arm-none-eabi-ar" "COMPILER_FLAGS=  -O2 -c" "EXTRA_COMPILER_FLAGS=-mcpu=cortex-a9 -mfpu=vfpv3 -mfloat-abi=hard -nost
TRACE::2026-04-26.20:10:02::SCWMssOS::artfiles -g -Wall -Wextra -fno-tree-loop-distribute-patterns"

TRACE::2026-04-26.20:10:02::SCWMssOS::"Running Make include in ps7_cortexa9_0/libsrc/sdps_v4_1/src"

TRACE::2026-04-26.20:10:02::SCWMssOS::make -C ps7_cortexa9_0/libsrc/sdps_v4_1/src -s include  "SHELL=CMD" "COMPILER=arm-none-eabi-gcc" "ASSEMBLER=arm-none-eabi-as" "
TRACE::2026-04-26.20:10:02::SCWMssOS::ARCHIVER=arm-none-eabi-ar" "COMPILER_FLAGS=  -O2 -c" "EXTRA_COMPILER_FLAGS=-mcpu=cortex-a9 -mfpu=vfpv3 -mfloat-abi=hard -nostar
TRACE::2026-04-26.20:10:02::SCWMssOS::tfiles -g -Wall -Wextra -fno-tree-loop-distribute-patterns"

TRACE::2026-04-26.20:10:02::SCWMssOS::"Running Make include in ps7_cortexa9_0/libsrc/standalone_v8_1/src"

TRACE::2026-04-26.20:10:02::SCWMssOS::make -C ps7_cortexa9_0/libsrc/standalone_v8_1/src -s include  "SHELL=CMD" "COMPILER=arm-none-eabi-gcc" "ASSEMBLER=arm-none-eabi
TRACE::2026-04-26.20:10:02::SCWMssOS::-as" "ARCHIVER=arm-none-eabi-ar" "COMPILER_FLAGS=  -O2 -c" "EXTRA_COMPILER_FLAGS=-mcpu=cortex-a9 -mfpu=vfpv3 -mfloat-abi=hard -
TRACE::2026-04-26.20:10:02::SCWMssOS::nostartfiles -g -Wall -Wextra -fno-tree-loop-distribute-patterns"

TRACE::2026-04-26.20:10:02::SCWMssOS::"Running Make include in ps7_cortexa9_0/libsrc/uartps_v3_12/src"

TRACE::2026-04-26.20:10:02::SCWMssOS::make -C ps7_cortexa9_0/libsrc/uartps_v3_12/src -s include  "SHELL=CMD" "COMPILER=arm-none-eabi-gcc" "ASSEMBLER=arm-none-eabi-as
TRACE::2026-04-26.20:10:02::SCWMssOS::" "ARCHIVER=arm-none-eabi-ar" "COMPILER_FLAGS=  -O2 -c" "EXTRA_COMPILER_FLAGS=-mcpu=cortex-a9 -mfpu=vfpv3 -mfloat-abi=hard -nos
TRACE::2026-04-26.20:10:02::SCWMssOS::tartfiles -g -Wall -Wextra -fno-tree-loop-distribute-patterns"

TRACE::2026-04-26.20:10:02::SCWMssOS::"Running Make include in ps7_cortexa9_0/libsrc/usbps_v2_7/src"

TRACE::2026-04-26.20:10:02::SCWMssOS::make -C ps7_cortexa9_0/libsrc/usbps_v2_7/src -s include  "SHELL=CMD" "COMPILER=arm-none-eabi-gcc" "ASSEMBLER=arm-none-eabi-as" 
TRACE::2026-04-26.20:10:02::SCWMssOS::"ARCHIVER=arm-none-eabi-ar" "COMPILER_FLAGS=  -O2 -c" "EXTRA_COMPILER_FLAGS=-mcpu=cortex-a9 -mfpu=vfpv3 -mfloat-abi=hard -nosta
TRACE::2026-04-26.20:10:02::SCWMssOS::rtfiles -g -Wall -Wextra -fno-tree-loop-distribute-patterns"

TRACE::2026-04-26.20:10:02::SCWMssOS::"Running Make include in ps7_cortexa9_0/libsrc/xadcps_v2_6/src"

TRACE::2026-04-26.20:10:02::SCWMssOS::make -C ps7_cortexa9_0/libsrc/xadcps_v2_6/src -s include  "SHELL=CMD" "COMPILER=arm-none-eabi-gcc" "ASSEMBLER=arm-none-eabi-as"
TRACE::2026-04-26.20:10:02::SCWMssOS:: "ARCHIVER=arm-none-eabi-ar" "COMPILER_FLAGS=  -O2 -c" "EXTRA_COMPILER_FLAGS=-mcpu=cortex-a9 -mfpu=vfpv3 -mfloat-abi=hard -nost
TRACE::2026-04-26.20:10:02::SCWMssOS::artfiles -g -Wall -Wextra -fno-tree-loop-distribute-patterns"

TRACE::2026-04-26.20:10:02::SCWMssOS::"Running Make libs in ps7_cortexa9_0/libsrc/coresightps_dcc_v1_8/src"

TRACE::2026-04-26.20:10:02::SCWMssOS::make -C ps7_cortexa9_0/libsrc/coresightps_dcc_v1_8/src -s libs  "SHELL=CMD" "COMPILER=arm-none-eabi-gcc" "ASSEMBLER=arm-none-ea
TRACE::2026-04-26.20:10:02::SCWMssOS::bi-as" "ARCHIVER=arm-none-eabi-ar" "COMPILER_FLAGS=  -O2 -c" "EXTRA_COMPILER_FLAGS=-mcpu=cortex-a9 -mfpu=vfpv3 -mfloat-abi=hard
TRACE::2026-04-26.20:10:02::SCWMssOS:: -nostartfiles -g -Wall -Wextra -fno-tree-loop-distribute-patterns"

TRACE::2026-04-26.20:10:02::SCWMssOS::"Running Make libs in ps7_cortexa9_0/libsrc/cpu_cortexa9_v2_11/src"

TRACE::2026-04-26.20:10:02::SCWMssOS::make -C ps7_cortexa9_0/libsrc/cpu_cortexa9_v2_11/src -s libs  "SHELL=CMD" "COMPILER=arm-none-eabi-gcc" "ASSEMBLER=arm-none-eabi
TRACE::2026-04-26.20:10:02::SCWMssOS::-as" "ARCHIVER=arm-none-eabi-ar" "COMPILER_FLAGS=  -O2 -c" "EXTRA_COMPILER_FLAGS=-mcpu=cortex-a9 -mfpu=vfpv3 -mfloat-abi=hard -
TRACE::2026-04-26.20:10:02::SCWMssOS::nostartfiles -g -Wall -Wextra -fno-tree-loop-distribute-patterns"

TRACE::2026-04-26.20:10:02::SCWMssOS::"Running Make libs in ps7_cortexa9_0/libsrc/ddrps_v1_2/src"

TRACE::2026-04-26.20:10:02::SCWMssOS::make -C ps7_cortexa9_0/libsrc/ddrps_v1_2/src -s libs  "SHELL=CMD" "COMPILER=arm-none-eabi-gcc" "ASSEMBLER=arm-none-eabi-as" "AR
TRACE::2026-04-26.20:10:02::SCWMssOS::CHIVER=arm-none-eabi-ar" "COMPILER_FLAGS=  -O2 -c" "EXTRA_COMPILER_FLAGS=-mcpu=cortex-a9 -mfpu=vfpv3 -mfloat-abi=hard -nostartf
TRACE::2026-04-26.20:10:02::SCWMssOS::iles -g -Wall -Wextra -fno-tree-loop-distribute-patterns"

TRACE::2026-04-26.20:10:02::SCWMssOS::"Running Make libs in ps7_cortexa9_0/libsrc/devcfg_v3_7/src"

TRACE::2026-04-26.20:10:02::SCWMssOS::make -C ps7_cortexa9_0/libsrc/devcfg_v3_7/src -s libs  "SHELL=CMD" "COMPILER=arm-none-eabi-gcc" "ASSEMBLER=arm-none-eabi-as" "A
TRACE::2026-04-26.20:10:02::SCWMssOS::RCHIVER=arm-none-eabi-ar" "COMPILER_FLAGS=  -O2 -c" "EXTRA_COMPILER_FLAGS=-mcpu=cortex-a9 -mfpu=vfpv3 -mfloat-abi=hard -nostart
TRACE::2026-04-26.20:10:02::SCWMssOS::files -g -Wall -Wextra -fno-tree-loop-distribute-patterns"

TRACE::2026-04-26.20:10:02::SCWMssOS::"Running Make libs in ps7_cortexa9_0/libsrc/dmaps_v2_8/src"

TRACE::2026-04-26.20:10:02::SCWMssOS::make -C ps7_cortexa9_0/libsrc/dmaps_v2_8/src -s libs  "SHELL=CMD" "COMPILER=arm-none-eabi-gcc" "ASSEMBLER=arm-none-eabi-as" "AR
TRACE::2026-04-26.20:10:02::SCWMssOS::CHIVER=arm-none-eabi-ar" "COMPILER_FLAGS=  -O2 -c" "EXTRA_COMPILER_FLAGS=-mcpu=cortex-a9 -mfpu=vfpv3 -mfloat-abi=hard -nostartf
TRACE::2026-04-26.20:10:03::SCWMssOS::iles -g -Wall -Wextra -fno-tree-loop-distribute-patterns"

TRACE::2026-04-26.20:10:03::SCWMssOS::"Running Make libs in ps7_cortexa9_0/libsrc/emacps_v3_18/src"

TRACE::2026-04-26.20:10:03::SCWMssOS::make -C ps7_cortexa9_0/libsrc/emacps_v3_18/src -s libs  "SHELL=CMD" "COMPILER=arm-none-eabi-gcc" "ASSEMBLER=arm-none-eabi-as" "
TRACE::2026-04-26.20:10:03::SCWMssOS::ARCHIVER=arm-none-eabi-ar" "COMPILER_FLAGS=  -O2 -c" "EXTRA_COMPILER_FLAGS=-mcpu=cortex-a9 -mfpu=vfpv3 -mfloat-abi=hard -nostar
TRACE::2026-04-26.20:10:03::SCWMssOS::tfiles -g -Wall -Wextra -fno-tree-loop-distribute-patterns"

TRACE::2026-04-26.20:10:03::SCWMssOS::"Running Make libs in ps7_cortexa9_0/libsrc/gpiops_v3_11/src"

TRACE::2026-04-26.20:10:03::SCWMssOS::make -C ps7_cortexa9_0/libsrc/gpiops_v3_11/src -s libs  "SHELL=CMD" "COMPILER=arm-none-eabi-gcc" "ASSEMBLER=arm-none-eabi-as" "
TRACE::2026-04-26.20:10:03::SCWMssOS::ARCHIVER=arm-none-eabi-ar" "COMPILER_FLAGS=  -O2 -c" "EXTRA_COMPILER_FLAGS=-mcpu=cortex-a9 -mfpu=vfpv3 -mfloat-abi=hard -nostar
TRACE::2026-04-26.20:10:03::SCWMssOS::tfiles -g -Wall -Wextra -fno-tree-loop-distribute-patterns"

TRACE::2026-04-26.20:10:03::SCWMssOS::"Running Make libs in ps7_cortexa9_0/libsrc/gpio_v4_9/src"

TRACE::2026-04-26.20:10:03::SCWMssOS::make -C ps7_cortexa9_0/libsrc/gpio_v4_9/src -s libs  "SHELL=CMD" "COMPILER=arm-none-eabi-gcc" "ASSEMBLER=arm-none-eabi-as" "ARC
TRACE::2026-04-26.20:10:03::SCWMssOS::HIVER=arm-none-eabi-ar" "COMPILER_FLAGS=  -O2 -c" "EXTRA_COMPILER_FLAGS=-mcpu=cortex-a9 -mfpu=vfpv3 -mfloat-abi=hard -nostartfi
TRACE::2026-04-26.20:10:03::SCWMssOS::les -g -Wall -Wextra -fno-tree-loop-distribute-patterns"

TRACE::2026-04-26.20:10:03::SCWMssOS::"Running Make libs in ps7_cortexa9_0/libsrc/qspips_v3_10/src"

TRACE::2026-04-26.20:10:03::SCWMssOS::make -C ps7_cortexa9_0/libsrc/qspips_v3_10/src -s libs  "SHELL=CMD" "COMPILER=arm-none-eabi-gcc" "ASSEMBLER=arm-none-eabi-as" "
TRACE::2026-04-26.20:10:03::SCWMssOS::ARCHIVER=arm-none-eabi-ar" "COMPILER_FLAGS=  -O2 -c" "EXTRA_COMPILER_FLAGS=-mcpu=cortex-a9 -mfpu=vfpv3 -mfloat-abi=hard -nostar
TRACE::2026-04-26.20:10:03::SCWMssOS::tfiles -g -Wall -Wextra -fno-tree-loop-distribute-patterns"

TRACE::2026-04-26.20:10:03::SCWMssOS::"Running Make libs in ps7_cortexa9_0/libsrc/scugic_v5_1/src"

TRACE::2026-04-26.20:10:03::SCWMssOS::make -C ps7_cortexa9_0/libsrc/scugic_v5_1/src -s libs  "SHELL=CMD" "COMPILER=arm-none-eabi-gcc" "ASSEMBLER=arm-none-eabi-as" "A
TRACE::2026-04-26.20:10:03::SCWMssOS::RCHIVER=arm-none-eabi-ar" "COMPILER_FLAGS=  -O2 -c" "EXTRA_COMPILER_FLAGS=-mcpu=cortex-a9 -mfpu=vfpv3 -mfloat-abi=hard -nostart
TRACE::2026-04-26.20:10:03::SCWMssOS::files -g -Wall -Wextra -fno-tree-loop-distribute-patterns"

TRACE::2026-04-26.20:10:03::SCWMssOS::"Running Make libs in ps7_cortexa9_0/libsrc/scutimer_v2_4/src"

TRACE::2026-04-26.20:10:03::SCWMssOS::make -C ps7_cortexa9_0/libsrc/scutimer_v2_4/src -s libs  "SHELL=CMD" "COMPILER=arm-none-eabi-gcc" "ASSEMBLER=arm-none-eabi-as" 
TRACE::2026-04-26.20:10:03::SCWMssOS::"ARCHIVER=arm-none-eabi-ar" "COMPILER_FLAGS=  -O2 -c" "EXTRA_COMPILER_FLAGS=-mcpu=cortex-a9 -mfpu=vfpv3 -mfloat-abi=hard -nosta
TRACE::2026-04-26.20:10:03::SCWMssOS::rtfiles -g -Wall -Wextra -fno-tree-loop-distribute-patterns"

TRACE::2026-04-26.20:10:04::SCWMssOS::"Running Make libs in ps7_cortexa9_0/libsrc/scuwdt_v2_4/src"

TRACE::2026-04-26.20:10:04::SCWMssOS::make -C ps7_cortexa9_0/libsrc/scuwdt_v2_4/src -s libs  "SHELL=CMD" "COMPILER=arm-none-eabi-gcc" "ASSEMBLER=arm-none-eabi-as" "A
TRACE::2026-04-26.20:10:04::SCWMssOS::RCHIVER=arm-none-eabi-ar" "COMPILER_FLAGS=  -O2 -c" "EXTRA_COMPILER_FLAGS=-mcpu=cortex-a9 -mfpu=vfpv3 -mfloat-abi=hard -nostart
TRACE::2026-04-26.20:10:04::SCWMssOS::files -g -Wall -Wextra -fno-tree-loop-distribute-patterns"

TRACE::2026-04-26.20:10:04::SCWMssOS::"Running Make libs in ps7_cortexa9_0/libsrc/sdps_v4_1/src"

TRACE::2026-04-26.20:10:04::SCWMssOS::make -C ps7_cortexa9_0/libsrc/sdps_v4_1/src -s libs  "SHELL=CMD" "COMPILER=arm-none-eabi-gcc" "ASSEMBLER=arm-none-eabi-as" "ARC
TRACE::2026-04-26.20:10:04::SCWMssOS::HIVER=arm-none-eabi-ar" "COMPILER_FLAGS=  -O2 -c" "EXTRA_COMPILER_FLAGS=-mcpu=cortex-a9 -mfpu=vfpv3 -mfloat-abi=hard -nostartfi
TRACE::2026-04-26.20:10:04::SCWMssOS::les -g -Wall -Wextra -fno-tree-loop-distribute-patterns"

TRACE::2026-04-26.20:10:04::SCWMssOS::"Running Make libs in ps7_cortexa9_0/libsrc/standalone_v8_1/src"

TRACE::2026-04-26.20:10:04::SCWMssOS::make -C ps7_cortexa9_0/libsrc/standalone_v8_1/src -s libs  "SHELL=CMD" "COMPILER=arm-none-eabi-gcc" "ASSEMBLER=arm-none-eabi-as
TRACE::2026-04-26.20:10:04::SCWMssOS::" "ARCHIVER=arm-none-eabi-ar" "COMPILER_FLAGS=  -O2 -c" "EXTRA_COMPILER_FLAGS=-mcpu=cortex-a9 -mfpu=vfpv3 -mfloat-abi=hard -nos
TRACE::2026-04-26.20:10:04::SCWMssOS::tartfiles -g -Wall -Wextra -fno-tree-loop-distribute-patterns"

TRACE::2026-04-26.20:10:04::SCWMssOS::"Running Make libs in ps7_cortexa9_0/libsrc/uartps_v3_12/src"

TRACE::2026-04-26.20:10:04::SCWMssOS::make -C ps7_cortexa9_0/libsrc/uartps_v3_12/src -s libs  "SHELL=CMD" "COMPILER=arm-none-eabi-gcc" "ASSEMBLER=arm-none-eabi-as" "
TRACE::2026-04-26.20:10:04::SCWMssOS::ARCHIVER=arm-none-eabi-ar" "COMPILER_FLAGS=  -O2 -c" "EXTRA_COMPILER_FLAGS=-mcpu=cortex-a9 -mfpu=vfpv3 -mfloat-abi=hard -nostar
TRACE::2026-04-26.20:10:04::SCWMssOS::tfiles -g -Wall -Wextra -fno-tree-loop-distribute-patterns"

TRACE::2026-04-26.20:10:04::SCWMssOS::"Running Make libs in ps7_cortexa9_0/libsrc/usbps_v2_7/src"

TRACE::2026-04-26.20:10:04::SCWMssOS::make -C ps7_cortexa9_0/libsrc/usbps_v2_7/src -s libs  "SHELL=CMD" "COMPILER=arm-none-eabi-gcc" "ASSEMBLER=arm-none-eabi-as" "AR
TRACE::2026-04-26.20:10:04::SCWMssOS::CHIVER=arm-none-eabi-ar" "COMPILER_FLAGS=  -O2 -c" "EXTRA_COMPILER_FLAGS=-mcpu=cortex-a9 -mfpu=vfpv3 -mfloat-abi=hard -nostartf
TRACE::2026-04-26.20:10:04::SCWMssOS::iles -g -Wall -Wextra -fno-tree-loop-distribute-patterns"

TRACE::2026-04-26.20:10:04::SCWMssOS::"Running Make libs in ps7_cortexa9_0/libsrc/xadcps_v2_6/src"

TRACE::2026-04-26.20:10:04::SCWMssOS::make -C ps7_cortexa9_0/libsrc/xadcps_v2_6/src -s libs  "SHELL=CMD" "COMPILER=arm-none-eabi-gcc" "ASSEMBLER=arm-none-eabi-as" "A
TRACE::2026-04-26.20:10:04::SCWMssOS::RCHIVER=arm-none-eabi-ar" "COMPILER_FLAGS=  -O2 -c" "EXTRA_COMPILER_FLAGS=-mcpu=cortex-a9 -mfpu=vfpv3 -mfloat-abi=hard -nostart
TRACE::2026-04-26.20:10:04::SCWMssOS::files -g -Wall -Wextra -fno-tree-loop-distribute-patterns"

TRACE::2026-04-26.20:10:05::SCWMssOS::'Finished building libraries parallelly.'

TRACE::2026-04-26.20:10:05::SCWMssOS::make --no-print-directory archive

TRACE::2026-04-26.20:10:05::SCWMssOS::arm-none-eabi-ar -r  ps7_cortexa9_0/lib/libxil.a ps7_cortexa9_0/lib/_exit.o ps7_cortexa9_0/lib/_open.o ps7_cortexa9_0/lib/_sbrk
TRACE::2026-04-26.20:10:05::SCWMssOS::.o ps7_cortexa9_0/lib/abort.o ps7_cortexa9_0/lib/asm_vectors.o ps7_cortexa9_0/lib/boot.o ps7_cortexa9_0/lib/close.o ps7_cortexa
TRACE::2026-04-26.20:10:05::SCWMssOS::9_0/lib/cpputest_time.o ps7_cortexa9_0/lib/cpu_init.o ps7_cortexa9_0/lib/errno.o ps7_cortexa9_0/lib/fcntl.o ps7_cortexa9_0/lib/
TRACE::2026-04-26.20:10:05::SCWMssOS::fstat.o ps7_cortexa9_0/lib/getentropy.o ps7_cortexa9_0/lib/getpid.o ps7_cortexa9_0/lib/inbyte.o ps7_cortexa9_0/lib/isatty.o ps7
TRACE::2026-04-26.20:10:05::SCWMssOS::_cortexa9_0/lib/kill.o ps7_cortexa9_0/lib/lseek.o ps7_cortexa9_0/lib/open.o ps7_cortexa9_0/lib/outbyte.o ps7_cortexa9_0/lib/pri
TRACE::2026-04-26.20:10:05::SCWMssOS::nt.o ps7_cortexa9_0/lib/putnum.o ps7_cortexa9_0/lib/read.o ps7_cortexa9_0/lib/sbrk.o ps7_cortexa9_0/lib/sleep.o ps7_cortexa9_0/
TRACE::2026-04-26.20:10:05::SCWMssOS::lib/time.o ps7_cortexa9_0/lib/translation_table.o ps7_cortexa9_0/lib/unlink.o ps7_cortexa9_0/lib/usleep.o ps7_cortexa9_0/lib/ve
TRACE::2026-04-26.20:10:05::SCWMssOS::ctors.o ps7_cortexa9_0/lib/write.o ps7_cortexa9_0/lib/xadcps.o ps7_cortexa9_0/lib/xadcps_g.o ps7_cortexa9_0/lib/xadcps_intr.o p
TRACE::2026-04-26.20:10:05::SCWMssOS::s7_cortexa9_0/lib/xadcps_selftest.o ps7_cortexa9_0/lib/xadcps_sinit.o ps7_cortexa9_0/lib/xcoresightpsdcc.o ps7_cortexa9_0/lib/x
TRACE::2026-04-26.20:10:05::SCWMssOS::devcfg.o ps7_cortexa9_0/lib/xdevcfg_g.o ps7_cortexa9_0/lib/xdevcfg_hw.o ps7_cortexa9_0/lib/xdevcfg_intr.o ps7_cortexa9_0/lib/xd
TRACE::2026-04-26.20:10:05::SCWMssOS::evcfg_selftest.o ps7_cortexa9_0/lib/xdevcfg_sinit.o ps7_cortexa9_0/lib/xdmaps.o ps7_cortexa9_0/lib/xdmaps_g.o ps7_cortexa9_0/li
TRACE::2026-04-26.20:10:05::SCWMssOS::b/xdmaps_hw.o ps7_cortexa9_0/lib/xdmaps_selftest.o ps7_cortexa9_0/lib/xdmaps_sinit.o ps7_cortexa9_0/lib/xemacps.o ps7_cortexa9_
TRACE::2026-04-26.20:10:05::SCWMssOS::0/lib/xemacps_bdring.o ps7_cortexa9_0/lib/xemacps_control.o ps7_cortexa9_0/lib/xemacps_g.o ps7_cortexa9_0/lib/xemacps_hw.o ps7_
TRACE::2026-04-26.20:10:05::SCWMssOS::cortexa9_0/lib/xemacps_intr.o ps7_cortexa9_0/lib/xemacps_sinit.o ps7_cortexa9_0/lib/xgpio.o ps7_cortexa9_0/lib/xgpio_extra.o ps
TRACE::2026-04-26.20:10:05::SCWMssOS::7_cortexa9_0/lib/xgpio_g.o ps7_cortexa9_0/lib/xgpio_intr.o ps7_cortexa9_0/lib/xgpio_selftest.o ps7_cortexa9_0/lib/xgpio_sinit.o
TRACE::2026-04-26.20:10:05::SCWMssOS:: ps7_cortexa9_0/lib/xgpiops.o ps7_cortexa9_0/lib/xgpiops_g.o ps7_cortexa9_0/lib/xgpiops_hw.o ps7_cortexa9_0/lib/xgpiops_intr.o 
TRACE::2026-04-26.20:10:05::SCWMssOS::ps7_cortexa9_0/lib/xgpiops_selftest.o ps7_cortexa9_0/lib/xgpiops_sinit.o ps7_cortexa9_0/lib/xil-crt0.o ps7_cortexa9_0/lib/xil_a
TRACE::2026-04-26.20:10:05::SCWMssOS::ssert.o ps7_cortexa9_0/lib/xil_cache.o ps7_cortexa9_0/lib/xil_clocking.o ps7_cortexa9_0/lib/xil_exception.o ps7_cortexa9_0/lib/
TRACE::2026-04-26.20:10:05::SCWMssOS::xil_mem.o ps7_cortexa9_0/lib/xil_misc_psreset_api.o ps7_cortexa9_0/lib/xil_mmu.o ps7_cortexa9_0/lib/xil_printf.o ps7_cortexa9_0
TRACE::2026-04-26.20:10:05::SCWMssOS::/lib/xil_sleepcommon.o ps7_cortexa9_0/lib/xil_sleeptimer.o ps7_cortexa9_0/lib/xil_spinlock.o ps7_cortexa9_0/lib/xil_testcache.o
TRACE::2026-04-26.20:10:05::SCWMssOS:: ps7_cortexa9_0/lib/xil_testio.o ps7_cortexa9_0/lib/xil_testmem.o ps7_cortexa9_0/lib/xil_util.o ps7_cortexa9_0/lib/xinterrupt_w
TRACE::2026-04-26.20:10:05::SCWMssOS::rap.o ps7_cortexa9_0/lib/xl2cc_counter.o ps7_cortexa9_0/lib/xplatform_info.o ps7_cortexa9_0/lib/xpm_counter.o ps7_cortexa9_0/li
TRACE::2026-04-26.20:10:05::SCWMssOS::b/xqspips.o ps7_cortexa9_0/lib/xqspips_g.o ps7_cortexa9_0/lib/xqspips_hw.o ps7_cortexa9_0/lib/xqspips_options.o ps7_cortexa9_0/
TRACE::2026-04-26.20:10:05::SCWMssOS::lib/xqspips_selftest.o ps7_cortexa9_0/lib/xqspips_sinit.o ps7_cortexa9_0/lib/xscugic.o ps7_cortexa9_0/lib/xscugic_g.o ps7_corte
TRACE::2026-04-26.20:10:05::SCWMssOS::xa9_0/lib/xscugic_hw.o ps7_cortexa9_0/lib/xscugic_intr.o ps7_cortexa9_0/lib/xscugic_selftest.o ps7_cortexa9_0/lib/xscugic_sinit
TRACE::2026-04-26.20:10:05::SCWMssOS::.o ps7_cortexa9_0/lib/xscutimer.o ps7_cortexa9_0/lib/xscutimer_g.o ps7_cortexa9_0/lib/xscutimer_selftest.o ps7_cortexa9_0/lib/x
TRACE::2026-04-26.20:10:05::SCWMssOS::scutimer_sinit.o ps7_cortexa9_0/lib/xscuwdt.o ps7_cortexa9_0/lib/xscuwdt_g.o ps7_cortexa9_0/lib/xscuwdt_selftest.o ps7_cortexa9
TRACE::2026-04-26.20:10:05::SCWMssOS::_0/lib/xscuwdt_sinit.o ps7_cortexa9_0/lib/xsdps.o ps7_cortexa9_0/lib/xsdps_card.o ps7_cortexa9_0/lib/xsdps_g.o ps7_cortexa9_0/l
TRACE::2026-04-26.20:10:05::SCWMssOS::ib/xsdps_host.o ps7_cortexa9_0/lib/xsdps_options.o ps7_cortexa9_0/lib/xsdps_sinit.o ps7_cortexa9_0/lib/xtime_l.o ps7_cortexa9_0
TRACE::2026-04-26.20:10:05::SCWMssOS::/lib/xuartps.o ps7_cortexa9_0/lib/xuartps_g.o ps7_cortexa9_0/lib/xuartps_hw.o ps7_cortexa9_0/lib/xuartps_intr.o ps7_cortexa9_0/
TRACE::2026-04-26.20:10:05::SCWMssOS::lib/xuartps_options.o ps7_cortexa9_0/lib/xuartps_selftest.o ps7_cortexa9_0/lib/xuartps_sinit.o ps7_cortexa9_0/lib/xusbps.o ps7_
TRACE::2026-04-26.20:10:05::SCWMssOS::cortexa9_0/lib/xusbps_endpoint.o ps7_cortexa9_0/lib/xusbps_g.o ps7_cortexa9_0/lib/xusbps_hw.o ps7_cortexa9_0/lib/xusbps_intr.o 
TRACE::2026-04-26.20:10:05::SCWMssOS::ps7_cortexa9_0/lib/xusbps_sinit.o

TRACE::2026-04-26.20:10:06::SCWMssOS::'Finished building libraries'

TRACE::2026-04-26.20:10:06::SCWMssOS:: Checking if to create the Supporting Applications
TRACE::2026-04-26.20:10:06::SCWMssOS:: No Linux domain exists, trying to generate FSBL 
LOG::2026-04-26.20:10:06::SCWSystem::Completed Processing the domain standalone_domain
LOG::2026-04-26.20:10:06::SCWSystem::Completed Processing the sysconfig signal_detect_platform
LOG::2026-04-26.20:10:06::SCWPlatform::Completed generating the artifacts for system configuration signal_detect_platform
TRACE::2026-04-26.20:10:06::SCWPlatform::Started preparing the platform 
TRACE::2026-04-26.20:10:06::SCWSystem::Writing the bif file for system config signal_detect_platform
TRACE::2026-04-26.20:10:06::SCWSystem::dir created 
TRACE::2026-04-26.20:10:06::SCWSystem::Writing the bif 
TRACE::2026-04-26.20:10:06::SCWPlatform::Started writing the spfm file 
TRACE::2026-04-26.20:10:06::SCWPlatform::Started writing the xpfm file 
TRACE::2026-04-26.20:10:06::SCWPlatform::Completed generating the platform
TRACE::2026-04-26.20:10:06::SCWMssOS::Saving the mss changes C:/Users/suren/Documents/ECE_520/Final_Project/Sandbox/signal_detect_vitis/signal_detect_platform/zynq_fsbl/zynq_fsbl_bsp/system.mss
TRACE::2026-04-26.20:10:06::SCWMssOS::Found a swdesign opened with the mssfile.
TRACE::2026-04-26.20:10:06::SCWMssOS::Completed writemss as part of save.
TRACE::2026-04-26.20:10:06::SCWMssOS::Commit changes completed.
TRACE::2026-04-26.20:10:06::SCWMssOS::Saving the mss changes C:/Users/suren/Documents/ECE_520/Final_Project/Sandbox/signal_detect_vitis/signal_detect_platform/ps7_cortexa9_0/standalone_domain/bsp/system.mss
TRACE::2026-04-26.20:10:06::SCWMssOS::Adding the swdes entry, mss present, able to open swdb C:/Users/suren/Documents/ECE_520/Final_Project/Sandbox/signal_detect_vitis/signal_detect_platform/ps7_cortexa9_0/standalone_domain/bsp/system.mss with des name system_0
TRACE::2026-04-26.20:10:06::SCWMssOS::Writing the mss file completed C:/Users/suren/Documents/ECE_520/Final_Project/Sandbox/signal_detect_vitis/signal_detect_platform/ps7_cortexa9_0/standalone_domain/bsp/system.mss
TRACE::2026-04-26.20:10:06::SCWMssOS::Commit changes completed.
TRACE::2026-04-26.20:10:06::SCWPlatform::Trying to open the hw design at C:/Users/suren/Documents/ECE_520/Final_Project/Sandbox/signal_detect_vitis/signal_detect_platform/hw/signal_detect_bd_wrapper.xsa
TRACE::2026-04-26.20:10:06::SCWPlatform::DSA given C:/Users/suren/Documents/ECE_520/Final_Project/Sandbox/signal_detect_vitis/signal_detect_platform/hw/signal_detect_bd_wrapper.xsa
TRACE::2026-04-26.20:10:06::SCWPlatform::DSA absoulate path C:/Users/suren/Documents/ECE_520/Final_Project/Sandbox/signal_detect_vitis/signal_detect_platform/hw/signal_detect_bd_wrapper.xsa
TRACE::2026-04-26.20:10:06::SCWPlatform::DSA directory C:/Users/suren/Documents/ECE_520/Final_Project/Sandbox/signal_detect_vitis/signal_detect_platform/hw
TRACE::2026-04-26.20:10:06::SCWPlatform:: Platform Path C:/Users/suren/Documents/ECE_520/Final_Project/Sandbox/signal_detect_vitis/signal_detect_platform/hw/signal_detect_bd_wrapper.xsa
TRACE::2026-04-26.20:10:06::SCWPlatform:: Unique name xilinx:zybo-z7-10::0.0
TRACE::2026-04-26.20:10:06::SCWPlatform::Trying to set the existing hwdb with name signal_detect_bd_wrapper_40
TRACE::2026-04-26.20:10:06::SCWPlatform::Opened existing hwdb signal_detect_bd_wrapper_40
TRACE::2026-04-26.20:10:06::SCWPlatform::Found the Hw Db part of the input DSA
TRACE::2026-04-26.20:10:06::SCWMssOS::Checking the sw design at  C:/Users/suren/Documents/ECE_520/Final_Project/Sandbox/signal_detect_vitis/signal_detect_platform/zynq_fsbl/zynq_fsbl_bsp/system.mss
TRACE::2026-04-26.20:10:06::SCWMssOS::DEBUG:  swdes dump  C:/Users/suren/Documents/ECE_520/Final_Project/Sandbox/signal_detect_vitis/signal_detect_platform/ps7_cortexa9_0/standalone_domain/bsp/system.mss|system_0||
C:/Users/suren/Documents/ECE_520/Final_Project/Sandbox/signal_detect_vitis/signal_detect_platform/zynq_fsbl/zynq_fsbl_bsp/system.mss|system||

TRACE::2026-04-26.20:10:06::SCWMssOS::Sw design exists and opened at  C:/Users/suren/Documents/ECE_520/Final_Project/Sandbox/signal_detect_vitis/signal_detect_platform/zynq_fsbl/zynq_fsbl_bsp/system.mss
TRACE::2026-04-26.20:10:06::SCWPlatform::Trying to open the hw design at C:/Users/suren/Documents/ECE_520/Final_Project/Sandbox/signal_detect_vitis/signal_detect_platform/hw/signal_detect_bd_wrapper.xsa
TRACE::2026-04-26.20:10:06::SCWPlatform::DSA given C:/Users/suren/Documents/ECE_520/Final_Project/Sandbox/signal_detect_vitis/signal_detect_platform/hw/signal_detect_bd_wrapper.xsa
TRACE::2026-04-26.20:10:06::SCWPlatform::DSA absoulate path C:/Users/suren/Documents/ECE_520/Final_Project/Sandbox/signal_detect_vitis/signal_detect_platform/hw/signal_detect_bd_wrapper.xsa
TRACE::2026-04-26.20:10:06::SCWPlatform::DSA directory C:/Users/suren/Documents/ECE_520/Final_Project/Sandbox/signal_detect_vitis/signal_detect_platform/hw
TRACE::2026-04-26.20:10:06::SCWPlatform:: Platform Path C:/Users/suren/Documents/ECE_520/Final_Project/Sandbox/signal_detect_vitis/signal_detect_platform/hw/signal_detect_bd_wrapper.xsa
TRACE::2026-04-26.20:10:06::SCWPlatform:: Unique name xilinx:zybo-z7-10::0.0
TRACE::2026-04-26.20:10:06::SCWPlatform::Trying to set the existing hwdb with name signal_detect_bd_wrapper_40
TRACE::2026-04-26.20:10:06::SCWPlatform::Opened existing hwdb signal_detect_bd_wrapper_40
TRACE::2026-04-26.20:10:06::SCWPlatform::Found the Hw Db part of the input DSA
TRACE::2026-04-26.20:10:06::SCWMssOS::Checking the sw design at  C:/Users/suren/Documents/ECE_520/Final_Project/Sandbox/signal_detect_vitis/signal_detect_platform/ps7_cortexa9_0/standalone_domain/bsp/system.mss
TRACE::2026-04-26.20:10:06::SCWMssOS::DEBUG:  swdes dump  C:/Users/suren/Documents/ECE_520/Final_Project/Sandbox/signal_detect_vitis/signal_detect_platform/ps7_cortexa9_0/standalone_domain/bsp/system.mss|system_0||
C:/Users/suren/Documents/ECE_520/Final_Project/Sandbox/signal_detect_vitis/signal_detect_platform/zynq_fsbl/zynq_fsbl_bsp/system.mss|system||

TRACE::2026-04-26.20:10:06::SCWMssOS::Sw design exists and opened at  C:/Users/suren/Documents/ECE_520/Final_Project/Sandbox/signal_detect_vitis/signal_detect_platform/ps7_cortexa9_0/standalone_domain/bsp/system.mss
TRACE::2026-04-26.20:10:06::SCWWriter::formatted JSON is {
	"platformName":	"signal_detect_platform",
	"sprVersion":	"2.0",
	"mode":	"gui",
	"dsaType":	"Fixed",
	"platformDesc":	"signal_detect_platform",
	"platHandOff":	"C:/Users/suren/Documents/ECE_520/Final_Project/Sandbox/signal_detect_sb/signal_detect_bd_wrapper.xsa",
	"platIntHandOff":	"<platformDir>/hw/signal_detect_bd_wrapper.xsa",
	"deviceType":	"zynq",
	"platIsPrebuiltAutogen":	"false",
	"platIsNoBootBsp":	"false",
	"hasFsblMakeHasChanges":	"false",
	"hasPmufwMakeHasChanges":	"false",
	"fsblExtraCompilerFlags":	"-MMD -MP       -mcpu=cortex-a9 -mfpu=vfpv3 -mfloat-abi=hard ",
	"platPreBuiltFlag":	false,
	"platformSamplesDir":	"",
	"platActiveSys":	"signal_detect_platform",
	"systems":	[{
			"systemName":	"signal_detect_platform",
			"systemDesc":	"signal_detect_platform",
			"sysIsBootAutoGen":	"true",
			"systemDispName":	"signal_detect_platform",
			"sysActiveDom":	"standalone_domain",
			"sysDefaultDom":	"standalone_domain",
			"domains":	[{
					"domainName":	"zynq_fsbl",
					"domainDispName":	"zynq_fsbl",
					"domainDesc":	"FSBL Application BSP - Auto Generated.",
					"processors":	"ps7_cortexa9_0",
					"os":	"standalone",
					"sdxOs":	"standalone",
					"debugEnable":	"",
					"domRuntimes":	["cpp"],
					"swRepo":	"",
					"mssOsVer":	"8.1",
					"mssFile":	"",
					"md5Digest":	"24e81f5df4a1b28986eb4269e22351fe1",
					"compatibleApp":	"zynq_fsbl",
					"domType":	"bootDomain",
					"arch":	"32-bit",
					"appSettings":	{
						"appCompilerFlags":	"",
						"appLinkerFlags":	""
					},
					"addedLibs":	["xilffs:5.0", "xilrsa:1.6"],
					"libOptions":	{
						"libsContainingOptions":	[]
					},
					"prebuiltLibs":	{
						"prebuiltIncPath":	[],
						"prebuiltLibPath":	[]
					},
					"isolation":	{
					}
				}, {
					"domainName":	"standalone_domain",
					"domainDispName":	"standalone on ps7_cortexa9_0",
					"domainDesc":	"standalone_domain",
					"processors":	"ps7_cortexa9_0",
					"os":	"standalone",
					"sdxOs":	"standalone",
					"qemuArgs":	"<platformDir>/resources/signal_detect_platform/standalone_domain/qemu_args.txt",
					"qemuData":	"<platformDir>/resources/signal_detect_platform/standalone_domain/qemu",
					"debugEnable":	"False",
					"domRuntimes":	["cpp"],
					"swRepo":	"",
					"mssOsVer":	"8.1",
					"mssFile":	"",
					"md5Digest":	"9d9647dd92d7d30efd40c762a4ad2096",
					"compatibleApp":	"",
					"domType":	"mssDomain",
					"appSettings":	{
						"appCompilerFlags":	"",
						"appLinkerFlags":	""
					},
					"addedLibs":	[],
					"libOptions":	{
						"libsContainingOptions":	[]
					},
					"prebuiltLibs":	{
						"prebuiltIncPath":	[],
						"prebuiltLibPath":	[]
					},
					"isolation":	{
					}
				}]
		}]
}
KEYINFO::2026-04-26.20:10:06::SCWPlatform::updated the xpfm file.
TRACE::2026-04-26.20:10:06::SCWPlatform::Trying to open the hw design at C:/Users/suren/Documents/ECE_520/Final_Project/Sandbox/signal_detect_vitis/signal_detect_platform/hw/signal_detect_bd_wrapper.xsa
TRACE::2026-04-26.20:10:06::SCWPlatform::DSA given C:/Users/suren/Documents/ECE_520/Final_Project/Sandbox/signal_detect_vitis/signal_detect_platform/hw/signal_detect_bd_wrapper.xsa
TRACE::2026-04-26.20:10:06::SCWPlatform::DSA absoulate path C:/Users/suren/Documents/ECE_520/Final_Project/Sandbox/signal_detect_vitis/signal_detect_platform/hw/signal_detect_bd_wrapper.xsa
TRACE::2026-04-26.20:10:06::SCWPlatform::DSA directory C:/Users/suren/Documents/ECE_520/Final_Project/Sandbox/signal_detect_vitis/signal_detect_platform/hw
TRACE::2026-04-26.20:10:06::SCWPlatform:: Platform Path C:/Users/suren/Documents/ECE_520/Final_Project/Sandbox/signal_detect_vitis/signal_detect_platform/hw/signal_detect_bd_wrapper.xsa
TRACE::2026-04-26.20:10:06::SCWPlatform:: Unique name xilinx:zybo-z7-10::0.0
TRACE::2026-04-26.20:10:06::SCWPlatform::Trying to set the existing hwdb with name signal_detect_bd_wrapper_40
TRACE::2026-04-26.20:10:06::SCWPlatform::Opened existing hwdb signal_detect_bd_wrapper_40
TRACE::2026-04-26.20:10:06::SCWPlatform::Found the Hw Db part of the input DSA
TRACE::2026-04-26.20:10:06::SCWMssOS::Checking the sw design at  C:/Users/suren/Documents/ECE_520/Final_Project/Sandbox/signal_detect_vitis/signal_detect_platform/ps7_cortexa9_0/standalone_domain/bsp/system.mss
TRACE::2026-04-26.20:10:06::SCWMssOS::DEBUG:  swdes dump  C:/Users/suren/Documents/ECE_520/Final_Project/Sandbox/signal_detect_vitis/signal_detect_platform/ps7_cortexa9_0/standalone_domain/bsp/system.mss|system_0||
C:/Users/suren/Documents/ECE_520/Final_Project/Sandbox/signal_detect_vitis/signal_detect_platform/zynq_fsbl/zynq_fsbl_bsp/system.mss|system||

TRACE::2026-04-26.20:10:06::SCWMssOS::Sw design exists and opened at  C:/Users/suren/Documents/ECE_520/Final_Project/Sandbox/signal_detect_vitis/signal_detect_platform/ps7_cortexa9_0/standalone_domain/bsp/system.mss
TRACE::2026-04-26.20:26:03::SCWPlatform::DSA given C:/Users/suren/Documents/ECE_520/Final_Project/Sandbox/signal_detect_vitis/signal_detect_platform/tempdsa/signal_detect_bd_wrapper.xsa
TRACE::2026-04-26.20:26:03::SCWPlatform::DSA absoulate path C:/Users/suren/Documents/ECE_520/Final_Project/Sandbox/signal_detect_vitis/signal_detect_platform/tempdsa/signal_detect_bd_wrapper.xsa
TRACE::2026-04-26.20:26:03::SCWPlatform:: Platform location is C:/Users/suren/Documents/ECE_520/Final_Project/Sandbox/signal_detect_vitis/signal_detect_platform/tempdsa
TRACE::2026-04-26.20:26:03::SCWPlatform:: Platform Path C:/Users/suren/Documents/ECE_520/Final_Project/Sandbox/signal_detect_vitis/signal_detect_platform/tempdsa/signal_detect_bd_wrapper.xsa
TRACE::2026-04-26.20:26:03::SCWPlatform:: Unique name xilinx:zybo-z7-10::0.0
TRACE::2026-04-26.20:26:05::SCWPlatform::Found the Hw Db part of the input DSA
TRACE::2026-04-26.20:26:05::SCWMssOS::Doing hw sync for the mss in domain: zynq_fsbl
TRACE::2026-04-26.20:26:05::SCWPlatform::Trying to open the hw design at C:/Users/suren/Documents/ECE_520/Final_Project/Sandbox/signal_detect_vitis/signal_detect_platform/hw/signal_detect_bd_wrapper.xsa
TRACE::2026-04-26.20:26:05::SCWPlatform::DSA given C:/Users/suren/Documents/ECE_520/Final_Project/Sandbox/signal_detect_vitis/signal_detect_platform/hw/signal_detect_bd_wrapper.xsa
TRACE::2026-04-26.20:26:05::SCWPlatform::DSA absoulate path C:/Users/suren/Documents/ECE_520/Final_Project/Sandbox/signal_detect_vitis/signal_detect_platform/hw/signal_detect_bd_wrapper.xsa
TRACE::2026-04-26.20:26:05::SCWPlatform::DSA directory C:/Users/suren/Documents/ECE_520/Final_Project/Sandbox/signal_detect_vitis/signal_detect_platform/hw
TRACE::2026-04-26.20:26:05::SCWPlatform:: Platform Path C:/Users/suren/Documents/ECE_520/Final_Project/Sandbox/signal_detect_vitis/signal_detect_platform/hw/signal_detect_bd_wrapper.xsa
TRACE::2026-04-26.20:26:05::SCWPlatform:: Unique name xilinx:zybo-z7-10::0.0
TRACE::2026-04-26.20:26:05::SCWPlatform::Trying to set the existing hwdb with name signal_detect_bd_wrapper_40
TRACE::2026-04-26.20:26:05::SCWPlatform::Opened existing hwdb signal_detect_bd_wrapper_40
TRACE::2026-04-26.20:26:05::SCWPlatform::Found the Hw Db part of the input DSA
TRACE::2026-04-26.20:26:05::SCWPlatform::Trying to open the hw design at C:/Users/suren/Documents/ECE_520/Final_Project/Sandbox/signal_detect_vitis/signal_detect_platform/hw/signal_detect_bd_wrapper.xsa
TRACE::2026-04-26.20:26:05::SCWPlatform::DSA given C:/Users/suren/Documents/ECE_520/Final_Project/Sandbox/signal_detect_vitis/signal_detect_platform/hw/signal_detect_bd_wrapper.xsa
TRACE::2026-04-26.20:26:05::SCWPlatform::DSA absoulate path C:/Users/suren/Documents/ECE_520/Final_Project/Sandbox/signal_detect_vitis/signal_detect_platform/hw/signal_detect_bd_wrapper.xsa
TRACE::2026-04-26.20:26:05::SCWPlatform::DSA directory C:/Users/suren/Documents/ECE_520/Final_Project/Sandbox/signal_detect_vitis/signal_detect_platform/hw
TRACE::2026-04-26.20:26:05::SCWPlatform:: Platform Path C:/Users/suren/Documents/ECE_520/Final_Project/Sandbox/signal_detect_vitis/signal_detect_platform/hw/signal_detect_bd_wrapper.xsa
TRACE::2026-04-26.20:26:05::SCWPlatform:: Unique name xilinx:zybo-z7-10::0.0
TRACE::2026-04-26.20:26:05::SCWPlatform::Trying to set the existing hwdb with name signal_detect_bd_wrapper_40
TRACE::2026-04-26.20:26:05::SCWPlatform::Opened existing hwdb signal_detect_bd_wrapper_40
TRACE::2026-04-26.20:26:05::SCWPlatform::Found the Hw Db part of the input DSA
TRACE::2026-04-26.20:26:05::SCWMssOS::Checking the sw design at  C:/Users/suren/Documents/ECE_520/Final_Project/Sandbox/signal_detect_vitis/signal_detect_platform/zynq_fsbl/zynq_fsbl_bsp/system.mss
TRACE::2026-04-26.20:26:05::SCWMssOS::DEBUG:  swdes dump  C:/Users/suren/Documents/ECE_520/Final_Project/Sandbox/signal_detect_vitis/signal_detect_platform/ps7_cortexa9_0/standalone_domain/bsp/system.mss|system_0||
C:/Users/suren/Documents/ECE_520/Final_Project/Sandbox/signal_detect_vitis/signal_detect_platform/zynq_fsbl/zynq_fsbl_bsp/system.mss|system||

TRACE::2026-04-26.20:26:05::SCWMssOS::Sw design exists and opened at  C:/Users/suren/Documents/ECE_520/Final_Project/Sandbox/signal_detect_vitis/signal_detect_platform/zynq_fsbl/zynq_fsbl_bsp/system.mss
TRACE::2026-04-26.20:26:05::SCWPlatform::Trying to open the hw design at C:/Users/suren/Documents/ECE_520/Final_Project/Sandbox/signal_detect_vitis/signal_detect_platform/tempdsa/signal_detect_bd_wrapper.xsa
TRACE::2026-04-26.20:26:05::SCWPlatform::DSA given C:/Users/suren/Documents/ECE_520/Final_Project/Sandbox/signal_detect_vitis/signal_detect_platform/tempdsa/signal_detect_bd_wrapper.xsa
TRACE::2026-04-26.20:26:05::SCWPlatform::DSA absoulate path C:/Users/suren/Documents/ECE_520/Final_Project/Sandbox/signal_detect_vitis/signal_detect_platform/tempdsa/signal_detect_bd_wrapper.xsa
TRACE::2026-04-26.20:26:05::SCWPlatform::DSA directory C:/Users/suren/Documents/ECE_520/Final_Project/Sandbox/signal_detect_vitis/signal_detect_platform/tempdsa
TRACE::2026-04-26.20:26:05::SCWPlatform:: Platform Path C:/Users/suren/Documents/ECE_520/Final_Project/Sandbox/signal_detect_vitis/signal_detect_platform/tempdsa/signal_detect_bd_wrapper.xsa
TRACE::2026-04-26.20:26:05::SCWPlatform:: Unique name xilinx:zybo-z7-10::0.0
TRACE::2026-04-26.20:26:05::SCWPlatform::update - Opened existing hwdb signal_detect_bd_wrapper_42
TRACE::2026-04-26.20:26:05::SCWPlatform::Found the Hw Db part of the input DSA
TRACE::2026-04-26.20:26:05::SCWMssOS::Doing hw sync for the mss in domain: standalone_domain
TRACE::2026-04-26.20:26:05::SCWPlatform::Trying to open the hw design at C:/Users/suren/Documents/ECE_520/Final_Project/Sandbox/signal_detect_vitis/signal_detect_platform/hw/signal_detect_bd_wrapper.xsa
TRACE::2026-04-26.20:26:05::SCWPlatform::DSA given C:/Users/suren/Documents/ECE_520/Final_Project/Sandbox/signal_detect_vitis/signal_detect_platform/hw/signal_detect_bd_wrapper.xsa
TRACE::2026-04-26.20:26:05::SCWPlatform::DSA absoulate path C:/Users/suren/Documents/ECE_520/Final_Project/Sandbox/signal_detect_vitis/signal_detect_platform/hw/signal_detect_bd_wrapper.xsa
TRACE::2026-04-26.20:26:05::SCWPlatform::DSA directory C:/Users/suren/Documents/ECE_520/Final_Project/Sandbox/signal_detect_vitis/signal_detect_platform/hw
TRACE::2026-04-26.20:26:05::SCWPlatform:: Platform Path C:/Users/suren/Documents/ECE_520/Final_Project/Sandbox/signal_detect_vitis/signal_detect_platform/hw/signal_detect_bd_wrapper.xsa
TRACE::2026-04-26.20:26:05::SCWPlatform:: Unique name xilinx:zybo-z7-10::0.0
TRACE::2026-04-26.20:26:05::SCWPlatform::Trying to set the existing hwdb with name signal_detect_bd_wrapper_40
TRACE::2026-04-26.20:26:05::SCWPlatform::Opened existing hwdb signal_detect_bd_wrapper_40
TRACE::2026-04-26.20:26:05::SCWPlatform::Found the Hw Db part of the input DSA
TRACE::2026-04-26.20:26:05::SCWPlatform::Trying to open the hw design at C:/Users/suren/Documents/ECE_520/Final_Project/Sandbox/signal_detect_vitis/signal_detect_platform/hw/signal_detect_bd_wrapper.xsa
TRACE::2026-04-26.20:26:05::SCWPlatform::DSA given C:/Users/suren/Documents/ECE_520/Final_Project/Sandbox/signal_detect_vitis/signal_detect_platform/hw/signal_detect_bd_wrapper.xsa
TRACE::2026-04-26.20:26:05::SCWPlatform::DSA absoulate path C:/Users/suren/Documents/ECE_520/Final_Project/Sandbox/signal_detect_vitis/signal_detect_platform/hw/signal_detect_bd_wrapper.xsa
TRACE::2026-04-26.20:26:05::SCWPlatform::DSA directory C:/Users/suren/Documents/ECE_520/Final_Project/Sandbox/signal_detect_vitis/signal_detect_platform/hw
TRACE::2026-04-26.20:26:05::SCWPlatform:: Platform Path C:/Users/suren/Documents/ECE_520/Final_Project/Sandbox/signal_detect_vitis/signal_detect_platform/hw/signal_detect_bd_wrapper.xsa
TRACE::2026-04-26.20:26:05::SCWPlatform:: Unique name xilinx:zybo-z7-10::0.0
TRACE::2026-04-26.20:26:05::SCWPlatform::Trying to set the existing hwdb with name signal_detect_bd_wrapper_40
TRACE::2026-04-26.20:26:05::SCWPlatform::Opened existing hwdb signal_detect_bd_wrapper_40
TRACE::2026-04-26.20:26:05::SCWPlatform::Found the Hw Db part of the input DSA
TRACE::2026-04-26.20:26:05::SCWMssOS::Checking the sw design at  C:/Users/suren/Documents/ECE_520/Final_Project/Sandbox/signal_detect_vitis/signal_detect_platform/ps7_cortexa9_0/standalone_domain/bsp/system.mss
TRACE::2026-04-26.20:26:05::SCWMssOS::DEBUG:  swdes dump  C:/Users/suren/Documents/ECE_520/Final_Project/Sandbox/signal_detect_vitis/signal_detect_platform/ps7_cortexa9_0/standalone_domain/bsp/system.mss|system_0||
C:/Users/suren/Documents/ECE_520/Final_Project/Sandbox/signal_detect_vitis/signal_detect_platform/zynq_fsbl/zynq_fsbl_bsp/system.mss|system||

TRACE::2026-04-26.20:26:05::SCWMssOS::Sw design exists and opened at  C:/Users/suren/Documents/ECE_520/Final_Project/Sandbox/signal_detect_vitis/signal_detect_platform/ps7_cortexa9_0/standalone_domain/bsp/system.mss
TRACE::2026-04-26.20:26:05::SCWPlatform::Trying to open the hw design at C:/Users/suren/Documents/ECE_520/Final_Project/Sandbox/signal_detect_vitis/signal_detect_platform/tempdsa/signal_detect_bd_wrapper.xsa
TRACE::2026-04-26.20:26:05::SCWPlatform::DSA given C:/Users/suren/Documents/ECE_520/Final_Project/Sandbox/signal_detect_vitis/signal_detect_platform/tempdsa/signal_detect_bd_wrapper.xsa
TRACE::2026-04-26.20:26:05::SCWPlatform::DSA absoulate path C:/Users/suren/Documents/ECE_520/Final_Project/Sandbox/signal_detect_vitis/signal_detect_platform/tempdsa/signal_detect_bd_wrapper.xsa
TRACE::2026-04-26.20:26:05::SCWPlatform::DSA directory C:/Users/suren/Documents/ECE_520/Final_Project/Sandbox/signal_detect_vitis/signal_detect_platform/tempdsa
TRACE::2026-04-26.20:26:05::SCWPlatform:: Platform Path C:/Users/suren/Documents/ECE_520/Final_Project/Sandbox/signal_detect_vitis/signal_detect_platform/tempdsa/signal_detect_bd_wrapper.xsa
TRACE::2026-04-26.20:26:05::SCWPlatform:: Unique name xilinx:zybo-z7-10::0.0
TRACE::2026-04-26.20:26:05::SCWPlatform::update - Opened existing hwdb signal_detect_bd_wrapper_42
TRACE::2026-04-26.20:26:05::SCWPlatform::Found the Hw Db part of the input DSA
TRACE::2026-04-26.20:26:05::SCWMssOS::Saving the mss changes C:/Users/suren/Documents/ECE_520/Final_Project/Sandbox/signal_detect_vitis/signal_detect_platform/zynq_fsbl/zynq_fsbl_bsp/system.mss
TRACE::2026-04-26.20:26:05::SCWMssOS::Found a swdesign opened with the mssfile.
TRACE::2026-04-26.20:26:05::SCWMssOS::Completed writemss as part of save.
TRACE::2026-04-26.20:26:05::SCWMssOS::Commit changes completed.
TRACE::2026-04-26.20:26:05::SCWMssOS::Completed hw sync for the mss in domain: zynq_fsbl
TRACE::2026-04-26.20:26:05::SCWMssOS::Removing the swdes entry for  C:/Users/suren/Documents/ECE_520/Final_Project/Sandbox/signal_detect_vitis/signal_detect_platform/zynq_fsbl/zynq_fsbl_bsp/system.mss
TRACE::2026-04-26.20:26:05::SCWMssOS::Saving the mss changes C:/Users/suren/Documents/ECE_520/Final_Project/Sandbox/signal_detect_vitis/signal_detect_platform/ps7_cortexa9_0/standalone_domain/bsp/system.mss
TRACE::2026-04-26.20:26:05::SCWMssOS::Found a swdesign opened with the mssfile.
TRACE::2026-04-26.20:26:05::SCWMssOS::Completed writemss as part of save.
TRACE::2026-04-26.20:26:05::SCWMssOS::Commit changes completed.
TRACE::2026-04-26.20:26:05::SCWMssOS::Completed hw sync for the mss in domain: standalone_domain
TRACE::2026-04-26.20:26:05::SCWMssOS::Removing the swdes entry for  C:/Users/suren/Documents/ECE_520/Final_Project/Sandbox/signal_detect_vitis/signal_detect_platform/ps7_cortexa9_0/standalone_domain/bsp/system.mss
TRACE::2026-04-26.20:26:05::SCWPlatform::Trying to open the hw design at C:/Users/suren/Documents/ECE_520/Final_Project/Sandbox/signal_detect_vitis/signal_detect_platform/hw/signal_detect_bd_wrapper.xsa
TRACE::2026-04-26.20:26:05::SCWPlatform::DSA given C:/Users/suren/Documents/ECE_520/Final_Project/Sandbox/signal_detect_vitis/signal_detect_platform/hw/signal_detect_bd_wrapper.xsa
TRACE::2026-04-26.20:26:05::SCWPlatform::DSA absoulate path C:/Users/suren/Documents/ECE_520/Final_Project/Sandbox/signal_detect_vitis/signal_detect_platform/hw/signal_detect_bd_wrapper.xsa
TRACE::2026-04-26.20:26:05::SCWPlatform::DSA directory C:/Users/suren/Documents/ECE_520/Final_Project/Sandbox/signal_detect_vitis/signal_detect_platform/hw
TRACE::2026-04-26.20:26:05::SCWPlatform:: Platform Path C:/Users/suren/Documents/ECE_520/Final_Project/Sandbox/signal_detect_vitis/signal_detect_platform/hw/signal_detect_bd_wrapper.xsa
TRACE::2026-04-26.20:26:05::SCWPlatform:: Unique name xilinx:zybo-z7-10::0.0
TRACE::2026-04-26.20:26:05::SCWPlatform::Do not have an existing db opened. 
TRACE::2026-04-26.20:26:06::SCWPlatform::Opened new HwDB with name signal_detect_bd_wrapper_43
TRACE::2026-04-26.20:26:06::SCWMssOS::Saving the mss changes C:/Users/suren/Documents/ECE_520/Final_Project/Sandbox/signal_detect_vitis/signal_detect_platform/zynq_fsbl/zynq_fsbl_bsp/system.mss
TRACE::2026-04-26.20:26:06::SCWMssOS::Adding the swdes entry, mss present, able to open swdb C:/Users/suren/Documents/ECE_520/Final_Project/Sandbox/signal_detect_vitis/signal_detect_platform/zynq_fsbl/zynq_fsbl_bsp/system.mss with des name system
TRACE::2026-04-26.20:26:06::SCWMssOS::Writing the mss file completed C:/Users/suren/Documents/ECE_520/Final_Project/Sandbox/signal_detect_vitis/signal_detect_platform/zynq_fsbl/zynq_fsbl_bsp/system.mss
TRACE::2026-04-26.20:26:06::SCWMssOS::Commit changes completed.
TRACE::2026-04-26.20:26:06::SCWMssOS::Saving the mss changes C:/Users/suren/Documents/ECE_520/Final_Project/Sandbox/signal_detect_vitis/signal_detect_platform/ps7_cortexa9_0/standalone_domain/bsp/system.mss
TRACE::2026-04-26.20:26:06::SCWMssOS::Adding the swdes entry, mss present, able to open swdb C:/Users/suren/Documents/ECE_520/Final_Project/Sandbox/signal_detect_vitis/signal_detect_platform/ps7_cortexa9_0/standalone_domain/bsp/system.mss with des name system_0
TRACE::2026-04-26.20:26:06::SCWMssOS::Writing the mss file completed C:/Users/suren/Documents/ECE_520/Final_Project/Sandbox/signal_detect_vitis/signal_detect_platform/ps7_cortexa9_0/standalone_domain/bsp/system.mss
TRACE::2026-04-26.20:26:06::SCWMssOS::Commit changes completed.
TRACE::2026-04-26.20:26:06::SCWPlatform::Trying to open the hw design at C:/Users/suren/Documents/ECE_520/Final_Project/Sandbox/signal_detect_vitis/signal_detect_platform/hw/signal_detect_bd_wrapper.xsa
TRACE::2026-04-26.20:26:06::SCWPlatform::DSA given C:/Users/suren/Documents/ECE_520/Final_Project/Sandbox/signal_detect_vitis/signal_detect_platform/hw/signal_detect_bd_wrapper.xsa
TRACE::2026-04-26.20:26:06::SCWPlatform::DSA absoulate path C:/Users/suren/Documents/ECE_520/Final_Project/Sandbox/signal_detect_vitis/signal_detect_platform/hw/signal_detect_bd_wrapper.xsa
TRACE::2026-04-26.20:26:06::SCWPlatform::DSA directory C:/Users/suren/Documents/ECE_520/Final_Project/Sandbox/signal_detect_vitis/signal_detect_platform/hw
TRACE::2026-04-26.20:26:06::SCWPlatform:: Platform Path C:/Users/suren/Documents/ECE_520/Final_Project/Sandbox/signal_detect_vitis/signal_detect_platform/hw/signal_detect_bd_wrapper.xsa
TRACE::2026-04-26.20:26:06::SCWPlatform:: Unique name xilinx:zybo-z7-10::0.0
TRACE::2026-04-26.20:26:06::SCWPlatform::Trying to set the existing hwdb with name signal_detect_bd_wrapper_43
TRACE::2026-04-26.20:26:06::SCWPlatform::Opened existing hwdb signal_detect_bd_wrapper_43
TRACE::2026-04-26.20:26:06::SCWPlatform::Found the Hw Db part of the input DSA
TRACE::2026-04-26.20:26:06::SCWMssOS::Checking the sw design at  C:/Users/suren/Documents/ECE_520/Final_Project/Sandbox/signal_detect_vitis/signal_detect_platform/zynq_fsbl/zynq_fsbl_bsp/system.mss
TRACE::2026-04-26.20:26:06::SCWMssOS::DEBUG:  swdes dump  C:/Users/suren/Documents/ECE_520/Final_Project/Sandbox/signal_detect_vitis/signal_detect_platform/ps7_cortexa9_0/standalone_domain/bsp/system.mss|system_0||
C:/Users/suren/Documents/ECE_520/Final_Project/Sandbox/signal_detect_vitis/signal_detect_platform/zynq_fsbl/zynq_fsbl_bsp/system.mss|system||

TRACE::2026-04-26.20:26:06::SCWMssOS::Sw design exists and opened at  C:/Users/suren/Documents/ECE_520/Final_Project/Sandbox/signal_detect_vitis/signal_detect_platform/zynq_fsbl/zynq_fsbl_bsp/system.mss
TRACE::2026-04-26.20:26:06::SCWPlatform::Trying to open the hw design at C:/Users/suren/Documents/ECE_520/Final_Project/Sandbox/signal_detect_vitis/signal_detect_platform/hw/signal_detect_bd_wrapper.xsa
TRACE::2026-04-26.20:26:06::SCWPlatform::DSA given C:/Users/suren/Documents/ECE_520/Final_Project/Sandbox/signal_detect_vitis/signal_detect_platform/hw/signal_detect_bd_wrapper.xsa
TRACE::2026-04-26.20:26:06::SCWPlatform::DSA absoulate path C:/Users/suren/Documents/ECE_520/Final_Project/Sandbox/signal_detect_vitis/signal_detect_platform/hw/signal_detect_bd_wrapper.xsa
TRACE::2026-04-26.20:26:06::SCWPlatform::DSA directory C:/Users/suren/Documents/ECE_520/Final_Project/Sandbox/signal_detect_vitis/signal_detect_platform/hw
TRACE::2026-04-26.20:26:06::SCWPlatform:: Platform Path C:/Users/suren/Documents/ECE_520/Final_Project/Sandbox/signal_detect_vitis/signal_detect_platform/hw/signal_detect_bd_wrapper.xsa
TRACE::2026-04-26.20:26:06::SCWPlatform:: Unique name xilinx:zybo-z7-10::0.0
TRACE::2026-04-26.20:26:06::SCWPlatform::Trying to set the existing hwdb with name signal_detect_bd_wrapper_43
TRACE::2026-04-26.20:26:06::SCWPlatform::Opened existing hwdb signal_detect_bd_wrapper_43
TRACE::2026-04-26.20:26:06::SCWPlatform::Found the Hw Db part of the input DSA
TRACE::2026-04-26.20:26:06::SCWMssOS::Checking the sw design at  C:/Users/suren/Documents/ECE_520/Final_Project/Sandbox/signal_detect_vitis/signal_detect_platform/ps7_cortexa9_0/standalone_domain/bsp/system.mss
TRACE::2026-04-26.20:26:06::SCWMssOS::DEBUG:  swdes dump  C:/Users/suren/Documents/ECE_520/Final_Project/Sandbox/signal_detect_vitis/signal_detect_platform/ps7_cortexa9_0/standalone_domain/bsp/system.mss|system_0||
C:/Users/suren/Documents/ECE_520/Final_Project/Sandbox/signal_detect_vitis/signal_detect_platform/zynq_fsbl/zynq_fsbl_bsp/system.mss|system||

TRACE::2026-04-26.20:26:06::SCWMssOS::Sw design exists and opened at  C:/Users/suren/Documents/ECE_520/Final_Project/Sandbox/signal_detect_vitis/signal_detect_platform/ps7_cortexa9_0/standalone_domain/bsp/system.mss
TRACE::2026-04-26.20:26:06::SCWWriter::formatted JSON is {
	"platformName":	"signal_detect_platform",
	"sprVersion":	"2.0",
	"mode":	"gui",
	"dsaType":	"Fixed",
	"platformDesc":	"signal_detect_platform",
	"platHandOff":	"C:/Users/suren/Documents/ECE_520/Final_Project/Sandbox/signal_detect_sb/signal_detect_bd_wrapper.xsa",
	"platIntHandOff":	"<platformDir>/hw/signal_detect_bd_wrapper.xsa",
	"deviceType":	"zynq",
	"platIsPrebuiltAutogen":	"false",
	"platIsNoBootBsp":	"false",
	"hasFsblMakeHasChanges":	"false",
	"hasPmufwMakeHasChanges":	"false",
	"fsblExtraCompilerFlags":	"-MMD -MP       -mcpu=cortex-a9 -mfpu=vfpv3 -mfloat-abi=hard ",
	"platPreBuiltFlag":	false,
	"platformSamplesDir":	"",
	"platActiveSys":	"signal_detect_platform",
	"systems":	[{
			"systemName":	"signal_detect_platform",
			"systemDesc":	"signal_detect_platform",
			"sysIsBootAutoGen":	"true",
			"systemDispName":	"signal_detect_platform",
			"sysActiveDom":	"standalone_domain",
			"sysDefaultDom":	"standalone_domain",
			"domains":	[{
					"domainName":	"zynq_fsbl",
					"domainDispName":	"zynq_fsbl",
					"domainDesc":	"FSBL Application BSP - Auto Generated.",
					"processors":	"ps7_cortexa9_0",
					"os":	"standalone",
					"sdxOs":	"standalone",
					"debugEnable":	"",
					"domRuntimes":	["cpp"],
					"swRepo":	"",
					"mssOsVer":	"8.1",
					"mssFile":	"",
					"md5Digest":	"24e81f5df4a1b28986eb4269e22351fe1",
					"compatibleApp":	"zynq_fsbl",
					"domType":	"bootDomain",
					"arch":	"32-bit",
					"appSettings":	{
						"appCompilerFlags":	"",
						"appLinkerFlags":	""
					},
					"addedLibs":	["xilffs:5.0", "xilrsa:1.6"],
					"libOptions":	{
						"libsContainingOptions":	[]
					},
					"prebuiltLibs":	{
						"prebuiltIncPath":	[],
						"prebuiltLibPath":	[]
					},
					"isolation":	{
					}
				}, {
					"domainName":	"standalone_domain",
					"domainDispName":	"standalone on ps7_cortexa9_0",
					"domainDesc":	"standalone_domain",
					"processors":	"ps7_cortexa9_0",
					"os":	"standalone",
					"sdxOs":	"standalone",
					"qemuArgs":	"<platformDir>/resources/signal_detect_platform/standalone_domain/qemu_args.txt",
					"qemuData":	"<platformDir>/resources/signal_detect_platform/standalone_domain/qemu",
					"debugEnable":	"False",
					"domRuntimes":	["cpp"],
					"swRepo":	"",
					"mssOsVer":	"8.1",
					"mssFile":	"",
					"md5Digest":	"9d9647dd92d7d30efd40c762a4ad20961",
					"compatibleApp":	"",
					"domType":	"mssDomain",
					"appSettings":	{
						"appCompilerFlags":	"",
						"appLinkerFlags":	""
					},
					"addedLibs":	[],
					"libOptions":	{
						"libsContainingOptions":	[]
					},
					"prebuiltLibs":	{
						"prebuiltIncPath":	[],
						"prebuiltLibPath":	[]
					},
					"isolation":	{
					}
				}]
		}]
}
TRACE::2026-04-26.20:26:07::SCWPlatform::Clearing the existing platform
TRACE::2026-04-26.20:26:07::SCWSystem::Clearing the existing sysconfig
TRACE::2026-04-26.20:26:07::SCWBDomain::clearing the fsbl build
TRACE::2026-04-26.20:26:07::SCWMssOS::Removing the swdes entry for  C:/Users/suren/Documents/ECE_520/Final_Project/Sandbox/signal_detect_vitis/signal_detect_platform/zynq_fsbl/zynq_fsbl_bsp/system.mss
TRACE::2026-04-26.20:26:07::SCWMssOS::Removing the swdes entry for  C:/Users/suren/Documents/ECE_520/Final_Project/Sandbox/signal_detect_vitis/signal_detect_platform/ps7_cortexa9_0/standalone_domain/bsp/system.mss
TRACE::2026-04-26.20:26:07::SCWSystem::Clearing the domains completed.
TRACE::2026-04-26.20:26:07::SCWPlatform::Clearing the opened hw db.
TRACE::2026-04-26.20:26:07::SCWPlatform::DSA given C:/Users/suren/Documents/ECE_520/Final_Project/Sandbox/signal_detect_vitis/signal_detect_platform/hw/signal_detect_bd_wrapper.xsa
TRACE::2026-04-26.20:26:07::SCWPlatform::DSA absoulate path C:/Users/suren/Documents/ECE_520/Final_Project/Sandbox/signal_detect_vitis/signal_detect_platform/hw/signal_detect_bd_wrapper.xsa
TRACE::2026-04-26.20:26:07::SCWPlatform:: Platform location is C:/Users/suren/Documents/ECE_520/Final_Project/Sandbox/signal_detect_vitis/signal_detect_platform/hw
TRACE::2026-04-26.20:26:07::SCWPlatform:: Platform Path C:/Users/suren/Documents/ECE_520/Final_Project/Sandbox/signal_detect_vitis/signal_detect_platform/hw/signal_detect_bd_wrapper.xsa
TRACE::2026-04-26.20:26:07::SCWPlatform:: Unique name xilinx:zybo-z7-10::0.0
TRACE::2026-04-26.20:26:07::SCWPlatform::Removing the HwDB with name C:/Users/suren/Documents/ECE_520/Final_Project/Sandbox/signal_detect_vitis/signal_detect_platform/hw/signal_detect_bd_wrapper.xsa
TRACE::2026-04-26.20:26:07::SCWPlatform::Trying to open the hw design at C:/Users/suren/Documents/ECE_520/Final_Project/Sandbox/signal_detect_vitis/signal_detect_platform/hw/signal_detect_bd_wrapper.xsa
TRACE::2026-04-26.20:26:07::SCWPlatform::DSA given C:/Users/suren/Documents/ECE_520/Final_Project/Sandbox/signal_detect_vitis/signal_detect_platform/hw/signal_detect_bd_wrapper.xsa
TRACE::2026-04-26.20:26:07::SCWPlatform::DSA absoulate path C:/Users/suren/Documents/ECE_520/Final_Project/Sandbox/signal_detect_vitis/signal_detect_platform/hw/signal_detect_bd_wrapper.xsa
TRACE::2026-04-26.20:26:07::SCWPlatform::DSA directory C:/Users/suren/Documents/ECE_520/Final_Project/Sandbox/signal_detect_vitis/signal_detect_platform/hw
TRACE::2026-04-26.20:26:07::SCWPlatform:: Platform Path C:/Users/suren/Documents/ECE_520/Final_Project/Sandbox/signal_detect_vitis/signal_detect_platform/hw/signal_detect_bd_wrapper.xsa
TRACE::2026-04-26.20:26:07::SCWPlatform:: Unique name xilinx:zybo-z7-10::0.0
TRACE::2026-04-26.20:26:07::SCWPlatform::Do not have an existing db opened. 
TRACE::2026-04-26.20:26:08::SCWPlatform::Opened new HwDB with name signal_detect_bd_wrapper_44
TRACE::2026-04-26.20:26:08::SCWReader::Active system found as  signal_detect_platform
TRACE::2026-04-26.20:26:08::SCWReader::Handling sysconfig signal_detect_platform
TRACE::2026-04-26.20:26:08::SCWDomain::checking for install qemu data   : 
TRACE::2026-04-26.20:26:08::SCWDomain:: Using the QEMU Data from install at  : C:/Xilinx/Vitis/2023.1/data/emulation/platforms/zynq/sw/a9_standalone/qemu/
TRACE::2026-04-26.20:26:08::SCWDomain:: Using the QEMU args  from install at  : C:/Xilinx/Vitis/2023.1/data/emulation/platforms/zynq/sw/a9_standalone/qemu/qemu_args.txt
TRACE::2026-04-26.20:26:08::SCWPlatform::Trying to open the hw design at C:/Users/suren/Documents/ECE_520/Final_Project/Sandbox/signal_detect_vitis/signal_detect_platform/hw/signal_detect_bd_wrapper.xsa
TRACE::2026-04-26.20:26:08::SCWPlatform::DSA given C:/Users/suren/Documents/ECE_520/Final_Project/Sandbox/signal_detect_vitis/signal_detect_platform/hw/signal_detect_bd_wrapper.xsa
TRACE::2026-04-26.20:26:08::SCWPlatform::DSA absoulate path C:/Users/suren/Documents/ECE_520/Final_Project/Sandbox/signal_detect_vitis/signal_detect_platform/hw/signal_detect_bd_wrapper.xsa
TRACE::2026-04-26.20:26:08::SCWPlatform::DSA directory C:/Users/suren/Documents/ECE_520/Final_Project/Sandbox/signal_detect_vitis/signal_detect_platform/hw
TRACE::2026-04-26.20:26:08::SCWPlatform:: Platform Path C:/Users/suren/Documents/ECE_520/Final_Project/Sandbox/signal_detect_vitis/signal_detect_platform/hw/signal_detect_bd_wrapper.xsa
TRACE::2026-04-26.20:26:08::SCWPlatform:: Unique name xilinx:zybo-z7-10::0.0
TRACE::2026-04-26.20:26:08::SCWPlatform::Trying to set the existing hwdb with name signal_detect_bd_wrapper_44
TRACE::2026-04-26.20:26:08::SCWPlatform::Opened existing hwdb signal_detect_bd_wrapper_44
TRACE::2026-04-26.20:26:08::SCWPlatform::Found the Hw Db part of the input DSA
TRACE::2026-04-26.20:26:08::SCWPlatform::Trying to open the hw design at C:/Users/suren/Documents/ECE_520/Final_Project/Sandbox/signal_detect_vitis/signal_detect_platform/hw/signal_detect_bd_wrapper.xsa
TRACE::2026-04-26.20:26:08::SCWPlatform::DSA given C:/Users/suren/Documents/ECE_520/Final_Project/Sandbox/signal_detect_vitis/signal_detect_platform/hw/signal_detect_bd_wrapper.xsa
TRACE::2026-04-26.20:26:08::SCWPlatform::DSA absoulate path C:/Users/suren/Documents/ECE_520/Final_Project/Sandbox/signal_detect_vitis/signal_detect_platform/hw/signal_detect_bd_wrapper.xsa
TRACE::2026-04-26.20:26:08::SCWPlatform::DSA directory C:/Users/suren/Documents/ECE_520/Final_Project/Sandbox/signal_detect_vitis/signal_detect_platform/hw
TRACE::2026-04-26.20:26:08::SCWPlatform:: Platform Path C:/Users/suren/Documents/ECE_520/Final_Project/Sandbox/signal_detect_vitis/signal_detect_platform/hw/signal_detect_bd_wrapper.xsa
TRACE::2026-04-26.20:26:08::SCWPlatform:: Unique name xilinx:zybo-z7-10::0.0
TRACE::2026-04-26.20:26:08::SCWPlatform::Trying to set the existing hwdb with name signal_detect_bd_wrapper_44
TRACE::2026-04-26.20:26:08::SCWPlatform::Opened existing hwdb signal_detect_bd_wrapper_44
TRACE::2026-04-26.20:26:08::SCWPlatform::Found the Hw Db part of the input DSA
TRACE::2026-04-26.20:26:08::SCWPlatform::Trying to open the hw design at C:/Users/suren/Documents/ECE_520/Final_Project/Sandbox/signal_detect_vitis/signal_detect_platform/hw/signal_detect_bd_wrapper.xsa
TRACE::2026-04-26.20:26:08::SCWPlatform::DSA given C:/Users/suren/Documents/ECE_520/Final_Project/Sandbox/signal_detect_vitis/signal_detect_platform/hw/signal_detect_bd_wrapper.xsa
TRACE::2026-04-26.20:26:08::SCWPlatform::DSA absoulate path C:/Users/suren/Documents/ECE_520/Final_Project/Sandbox/signal_detect_vitis/signal_detect_platform/hw/signal_detect_bd_wrapper.xsa
TRACE::2026-04-26.20:26:08::SCWPlatform::DSA directory C:/Users/suren/Documents/ECE_520/Final_Project/Sandbox/signal_detect_vitis/signal_detect_platform/hw
TRACE::2026-04-26.20:26:08::SCWPlatform:: Platform Path C:/Users/suren/Documents/ECE_520/Final_Project/Sandbox/signal_detect_vitis/signal_detect_platform/hw/signal_detect_bd_wrapper.xsa
TRACE::2026-04-26.20:26:08::SCWPlatform:: Unique name xilinx:zybo-z7-10::0.0
TRACE::2026-04-26.20:26:08::SCWPlatform::Trying to set the existing hwdb with name signal_detect_bd_wrapper_44
TRACE::2026-04-26.20:26:08::SCWPlatform::Opened existing hwdb signal_detect_bd_wrapper_44
TRACE::2026-04-26.20:26:08::SCWPlatform::Found the Hw Db part of the input DSA
TRACE::2026-04-26.20:26:08::SCWReader::Boot application domain added for zynq_fsbl
TRACE::2026-04-26.20:26:08::SCWPlatform::Trying to open the hw design at C:/Users/suren/Documents/ECE_520/Final_Project/Sandbox/signal_detect_vitis/signal_detect_platform/hw/signal_detect_bd_wrapper.xsa
TRACE::2026-04-26.20:26:08::SCWPlatform::DSA given C:/Users/suren/Documents/ECE_520/Final_Project/Sandbox/signal_detect_vitis/signal_detect_platform/hw/signal_detect_bd_wrapper.xsa
TRACE::2026-04-26.20:26:08::SCWPlatform::DSA absoulate path C:/Users/suren/Documents/ECE_520/Final_Project/Sandbox/signal_detect_vitis/signal_detect_platform/hw/signal_detect_bd_wrapper.xsa
TRACE::2026-04-26.20:26:08::SCWPlatform::DSA directory C:/Users/suren/Documents/ECE_520/Final_Project/Sandbox/signal_detect_vitis/signal_detect_platform/hw
TRACE::2026-04-26.20:26:08::SCWPlatform:: Platform Path C:/Users/suren/Documents/ECE_520/Final_Project/Sandbox/signal_detect_vitis/signal_detect_platform/hw/signal_detect_bd_wrapper.xsa
TRACE::2026-04-26.20:26:08::SCWPlatform:: Unique name xilinx:zybo-z7-10::0.0
TRACE::2026-04-26.20:26:08::SCWPlatform::Trying to set the existing hwdb with name signal_detect_bd_wrapper_44
TRACE::2026-04-26.20:26:08::SCWPlatform::Opened existing hwdb signal_detect_bd_wrapper_44
TRACE::2026-04-26.20:26:08::SCWPlatform::Found the Hw Db part of the input DSA
TRACE::2026-04-26.20:26:08::SCWMssOS::Checking the sw design at  C:/Users/suren/Documents/ECE_520/Final_Project/Sandbox/signal_detect_vitis/signal_detect_platform/zynq_fsbl/zynq_fsbl_bsp/system.mss
TRACE::2026-04-26.20:26:08::SCWMssOS::DEBUG:  swdes dump  
TRACE::2026-04-26.20:26:08::SCWMssOS::No sw design opened at  C:/Users/suren/Documents/ECE_520/Final_Project/Sandbox/signal_detect_vitis/signal_detect_platform/zynq_fsbl/zynq_fsbl_bsp/system.mss
TRACE::2026-04-26.20:26:08::SCWMssOS::mss exists loading the mss file  C:/Users/suren/Documents/ECE_520/Final_Project/Sandbox/signal_detect_vitis/signal_detect_platform/zynq_fsbl/zynq_fsbl_bsp/system.mss
TRACE::2026-04-26.20:26:08::SCWMssOS::Opened the sw design from mss  C:/Users/suren/Documents/ECE_520/Final_Project/Sandbox/signal_detect_vitis/signal_detect_platform/zynq_fsbl/zynq_fsbl_bsp/system.mss
TRACE::2026-04-26.20:26:08::SCWMssOS::Adding the swdes entry C:/Users/suren/Documents/ECE_520/Final_Project/Sandbox/signal_detect_vitis/signal_detect_platform/zynq_fsbl/zynq_fsbl_bsp/system.mss with des name system
TRACE::2026-04-26.20:26:08::SCWMssOS::updating the scw layer about changes
TRACE::2026-04-26.20:26:08::SCWMssOS::Opened the sw design.  C:/Users/suren/Documents/ECE_520/Final_Project/Sandbox/signal_detect_vitis/signal_detect_platform/zynq_fsbl/zynq_fsbl_bsp/system.mss
TRACE::2026-04-26.20:26:08::SCWPlatform::Trying to open the hw design at C:/Users/suren/Documents/ECE_520/Final_Project/Sandbox/signal_detect_vitis/signal_detect_platform/hw/signal_detect_bd_wrapper.xsa
TRACE::2026-04-26.20:26:08::SCWPlatform::DSA given C:/Users/suren/Documents/ECE_520/Final_Project/Sandbox/signal_detect_vitis/signal_detect_platform/hw/signal_detect_bd_wrapper.xsa
TRACE::2026-04-26.20:26:08::SCWPlatform::DSA absoulate path C:/Users/suren/Documents/ECE_520/Final_Project/Sandbox/signal_detect_vitis/signal_detect_platform/hw/signal_detect_bd_wrapper.xsa
TRACE::2026-04-26.20:26:08::SCWPlatform::DSA directory C:/Users/suren/Documents/ECE_520/Final_Project/Sandbox/signal_detect_vitis/signal_detect_platform/hw
TRACE::2026-04-26.20:26:08::SCWPlatform:: Platform Path C:/Users/suren/Documents/ECE_520/Final_Project/Sandbox/signal_detect_vitis/signal_detect_platform/hw/signal_detect_bd_wrapper.xsa
TRACE::2026-04-26.20:26:08::SCWPlatform:: Unique name xilinx:zybo-z7-10::0.0
TRACE::2026-04-26.20:26:08::SCWPlatform::Trying to set the existing hwdb with name signal_detect_bd_wrapper_44
TRACE::2026-04-26.20:26:08::SCWPlatform::Opened existing hwdb signal_detect_bd_wrapper_44
TRACE::2026-04-26.20:26:08::SCWPlatform::Found the Hw Db part of the input DSA
TRACE::2026-04-26.20:26:08::SCWMssOS::Checking the sw design at  C:/Users/suren/Documents/ECE_520/Final_Project/Sandbox/signal_detect_vitis/signal_detect_platform/zynq_fsbl/zynq_fsbl_bsp/system.mss
TRACE::2026-04-26.20:26:08::SCWMssOS::DEBUG:  swdes dump  C:/Users/suren/Documents/ECE_520/Final_Project/Sandbox/signal_detect_vitis/signal_detect_platform/zynq_fsbl/zynq_fsbl_bsp/system.mss|system||

TRACE::2026-04-26.20:26:08::SCWMssOS::Sw design exists and opened at  C:/Users/suren/Documents/ECE_520/Final_Project/Sandbox/signal_detect_vitis/signal_detect_platform/zynq_fsbl/zynq_fsbl_bsp/system.mss
TRACE::2026-04-26.20:26:08::SCWMssOS:: library already available in sw design:  xilffs:5.0
TRACE::2026-04-26.20:26:08::SCWPlatform::Trying to open the hw design at C:/Users/suren/Documents/ECE_520/Final_Project/Sandbox/signal_detect_vitis/signal_detect_platform/hw/signal_detect_bd_wrapper.xsa
TRACE::2026-04-26.20:26:08::SCWPlatform::DSA given C:/Users/suren/Documents/ECE_520/Final_Project/Sandbox/signal_detect_vitis/signal_detect_platform/hw/signal_detect_bd_wrapper.xsa
TRACE::2026-04-26.20:26:08::SCWPlatform::DSA absoulate path C:/Users/suren/Documents/ECE_520/Final_Project/Sandbox/signal_detect_vitis/signal_detect_platform/hw/signal_detect_bd_wrapper.xsa
TRACE::2026-04-26.20:26:08::SCWPlatform::DSA directory C:/Users/suren/Documents/ECE_520/Final_Project/Sandbox/signal_detect_vitis/signal_detect_platform/hw
TRACE::2026-04-26.20:26:08::SCWPlatform:: Platform Path C:/Users/suren/Documents/ECE_520/Final_Project/Sandbox/signal_detect_vitis/signal_detect_platform/hw/signal_detect_bd_wrapper.xsa
TRACE::2026-04-26.20:26:08::SCWPlatform:: Unique name xilinx:zybo-z7-10::0.0
TRACE::2026-04-26.20:26:08::SCWPlatform::Trying to set the existing hwdb with name signal_detect_bd_wrapper_44
TRACE::2026-04-26.20:26:08::SCWPlatform::Opened existing hwdb signal_detect_bd_wrapper_44
TRACE::2026-04-26.20:26:08::SCWPlatform::Found the Hw Db part of the input DSA
TRACE::2026-04-26.20:26:08::SCWMssOS::Checking the sw design at  C:/Users/suren/Documents/ECE_520/Final_Project/Sandbox/signal_detect_vitis/signal_detect_platform/zynq_fsbl/zynq_fsbl_bsp/system.mss
TRACE::2026-04-26.20:26:08::SCWMssOS::DEBUG:  swdes dump  C:/Users/suren/Documents/ECE_520/Final_Project/Sandbox/signal_detect_vitis/signal_detect_platform/zynq_fsbl/zynq_fsbl_bsp/system.mss|system||

TRACE::2026-04-26.20:26:08::SCWMssOS::Sw design exists and opened at  C:/Users/suren/Documents/ECE_520/Final_Project/Sandbox/signal_detect_vitis/signal_detect_platform/zynq_fsbl/zynq_fsbl_bsp/system.mss
TRACE::2026-04-26.20:26:08::SCWMssOS:: library already available in sw design:  xilrsa:1.6
TRACE::2026-04-26.20:26:08::SCWMssOS::Saving the mss changes C:/Users/suren/Documents/ECE_520/Final_Project/Sandbox/signal_detect_vitis/signal_detect_platform/zynq_fsbl/zynq_fsbl_bsp/system.mss
TRACE::2026-04-26.20:26:08::SCWMssOS::Found a swdesign opened with the mssfile.
TRACE::2026-04-26.20:26:08::SCWMssOS::Completed writemss as part of save.
TRACE::2026-04-26.20:26:08::SCWMssOS::Commit changes completed.
TRACE::2026-04-26.20:26:08::SCWReader::Adding prebuilt librarypaths as   
TRACE::2026-04-26.20:26:08::SCWReader::Adding prebuilt incpaths  as   
TRACE::2026-04-26.20:26:08::SCWPlatform::Trying to open the hw design at C:/Users/suren/Documents/ECE_520/Final_Project/Sandbox/signal_detect_vitis/signal_detect_platform/hw/signal_detect_bd_wrapper.xsa
TRACE::2026-04-26.20:26:08::SCWPlatform::DSA given C:/Users/suren/Documents/ECE_520/Final_Project/Sandbox/signal_detect_vitis/signal_detect_platform/hw/signal_detect_bd_wrapper.xsa
TRACE::2026-04-26.20:26:08::SCWPlatform::DSA absoulate path C:/Users/suren/Documents/ECE_520/Final_Project/Sandbox/signal_detect_vitis/signal_detect_platform/hw/signal_detect_bd_wrapper.xsa
TRACE::2026-04-26.20:26:08::SCWPlatform::DSA directory C:/Users/suren/Documents/ECE_520/Final_Project/Sandbox/signal_detect_vitis/signal_detect_platform/hw
TRACE::2026-04-26.20:26:08::SCWPlatform:: Platform Path C:/Users/suren/Documents/ECE_520/Final_Project/Sandbox/signal_detect_vitis/signal_detect_platform/hw/signal_detect_bd_wrapper.xsa
TRACE::2026-04-26.20:26:08::SCWPlatform:: Unique name xilinx:zybo-z7-10::0.0
TRACE::2026-04-26.20:26:08::SCWPlatform::Trying to set the existing hwdb with name signal_detect_bd_wrapper_44
TRACE::2026-04-26.20:26:08::SCWPlatform::Opened existing hwdb signal_detect_bd_wrapper_44
TRACE::2026-04-26.20:26:08::SCWPlatform::Found the Hw Db part of the input DSA
TRACE::2026-04-26.20:26:08::SCWMssOS::Checking the sw design at  C:/Users/suren/Documents/ECE_520/Final_Project/Sandbox/signal_detect_vitis/signal_detect_platform/zynq_fsbl/zynq_fsbl_bsp/system.mss
TRACE::2026-04-26.20:26:08::SCWMssOS::DEBUG:  swdes dump  C:/Users/suren/Documents/ECE_520/Final_Project/Sandbox/signal_detect_vitis/signal_detect_platform/zynq_fsbl/zynq_fsbl_bsp/system.mss|system||

TRACE::2026-04-26.20:26:08::SCWMssOS::Sw design exists and opened at  C:/Users/suren/Documents/ECE_520/Final_Project/Sandbox/signal_detect_vitis/signal_detect_platform/zynq_fsbl/zynq_fsbl_bsp/system.mss
TRACE::2026-04-26.20:26:08::SCWReader::No isolation master present  
TRACE::2026-04-26.20:26:08::SCWDomain::checking for install qemu data   : 
TRACE::2026-04-26.20:26:08::SCWDomain:: Using the QEMU Data from install at  : C:/Xilinx/Vitis/2023.1/data/emulation/platforms/zynq/sw/a9_standalone/qemu/
TRACE::2026-04-26.20:26:08::SCWDomain:: Using the QEMU args  from install at  : C:/Xilinx/Vitis/2023.1/data/emulation/platforms/zynq/sw/a9_standalone/qemu/qemu_args.txt
TRACE::2026-04-26.20:26:08::SCWPlatform::Trying to open the hw design at C:/Users/suren/Documents/ECE_520/Final_Project/Sandbox/signal_detect_vitis/signal_detect_platform/hw/signal_detect_bd_wrapper.xsa
TRACE::2026-04-26.20:26:08::SCWPlatform::DSA given C:/Users/suren/Documents/ECE_520/Final_Project/Sandbox/signal_detect_vitis/signal_detect_platform/hw/signal_detect_bd_wrapper.xsa
TRACE::2026-04-26.20:26:08::SCWPlatform::DSA absoulate path C:/Users/suren/Documents/ECE_520/Final_Project/Sandbox/signal_detect_vitis/signal_detect_platform/hw/signal_detect_bd_wrapper.xsa
TRACE::2026-04-26.20:26:08::SCWPlatform::DSA directory C:/Users/suren/Documents/ECE_520/Final_Project/Sandbox/signal_detect_vitis/signal_detect_platform/hw
TRACE::2026-04-26.20:26:08::SCWPlatform:: Platform Path C:/Users/suren/Documents/ECE_520/Final_Project/Sandbox/signal_detect_vitis/signal_detect_platform/hw/signal_detect_bd_wrapper.xsa
TRACE::2026-04-26.20:26:08::SCWPlatform:: Unique name xilinx:zybo-z7-10::0.0
TRACE::2026-04-26.20:26:08::SCWPlatform::Trying to set the existing hwdb with name signal_detect_bd_wrapper_44
TRACE::2026-04-26.20:26:08::SCWPlatform::Opened existing hwdb signal_detect_bd_wrapper_44
TRACE::2026-04-26.20:26:08::SCWPlatform::Found the Hw Db part of the input DSA
TRACE::2026-04-26.20:26:08::SCWPlatform::Trying to open the hw design at C:/Users/suren/Documents/ECE_520/Final_Project/Sandbox/signal_detect_vitis/signal_detect_platform/hw/signal_detect_bd_wrapper.xsa
TRACE::2026-04-26.20:26:08::SCWPlatform::DSA given C:/Users/suren/Documents/ECE_520/Final_Project/Sandbox/signal_detect_vitis/signal_detect_platform/hw/signal_detect_bd_wrapper.xsa
TRACE::2026-04-26.20:26:08::SCWPlatform::DSA absoulate path C:/Users/suren/Documents/ECE_520/Final_Project/Sandbox/signal_detect_vitis/signal_detect_platform/hw/signal_detect_bd_wrapper.xsa
TRACE::2026-04-26.20:26:08::SCWPlatform::DSA directory C:/Users/suren/Documents/ECE_520/Final_Project/Sandbox/signal_detect_vitis/signal_detect_platform/hw
TRACE::2026-04-26.20:26:08::SCWPlatform:: Platform Path C:/Users/suren/Documents/ECE_520/Final_Project/Sandbox/signal_detect_vitis/signal_detect_platform/hw/signal_detect_bd_wrapper.xsa
TRACE::2026-04-26.20:26:08::SCWPlatform:: Unique name xilinx:zybo-z7-10::0.0
TRACE::2026-04-26.20:26:08::SCWPlatform::Trying to set the existing hwdb with name signal_detect_bd_wrapper_44
TRACE::2026-04-26.20:26:08::SCWPlatform::Opened existing hwdb signal_detect_bd_wrapper_44
TRACE::2026-04-26.20:26:08::SCWPlatform::Found the Hw Db part of the input DSA
TRACE::2026-04-26.20:26:08::SCWPlatform::Trying to open the hw design at C:/Users/suren/Documents/ECE_520/Final_Project/Sandbox/signal_detect_vitis/signal_detect_platform/hw/signal_detect_bd_wrapper.xsa
TRACE::2026-04-26.20:26:08::SCWPlatform::DSA given C:/Users/suren/Documents/ECE_520/Final_Project/Sandbox/signal_detect_vitis/signal_detect_platform/hw/signal_detect_bd_wrapper.xsa
TRACE::2026-04-26.20:26:08::SCWPlatform::DSA absoulate path C:/Users/suren/Documents/ECE_520/Final_Project/Sandbox/signal_detect_vitis/signal_detect_platform/hw/signal_detect_bd_wrapper.xsa
TRACE::2026-04-26.20:26:08::SCWPlatform::DSA directory C:/Users/suren/Documents/ECE_520/Final_Project/Sandbox/signal_detect_vitis/signal_detect_platform/hw
TRACE::2026-04-26.20:26:08::SCWPlatform:: Platform Path C:/Users/suren/Documents/ECE_520/Final_Project/Sandbox/signal_detect_vitis/signal_detect_platform/hw/signal_detect_bd_wrapper.xsa
TRACE::2026-04-26.20:26:08::SCWPlatform:: Unique name xilinx:zybo-z7-10::0.0
TRACE::2026-04-26.20:26:08::SCWPlatform::Trying to set the existing hwdb with name signal_detect_bd_wrapper_44
TRACE::2026-04-26.20:26:08::SCWPlatform::Opened existing hwdb signal_detect_bd_wrapper_44
TRACE::2026-04-26.20:26:08::SCWPlatform::Found the Hw Db part of the input DSA
TRACE::2026-04-26.20:26:08::SCWMssOS::Checking the sw design at  C:/Users/suren/Documents/ECE_520/Final_Project/Sandbox/signal_detect_vitis/signal_detect_platform/ps7_cortexa9_0/standalone_domain/bsp/system.mss
TRACE::2026-04-26.20:26:08::SCWMssOS::DEBUG:  swdes dump  C:/Users/suren/Documents/ECE_520/Final_Project/Sandbox/signal_detect_vitis/signal_detect_platform/zynq_fsbl/zynq_fsbl_bsp/system.mss|system||

TRACE::2026-04-26.20:26:08::SCWMssOS::No sw design opened at  C:/Users/suren/Documents/ECE_520/Final_Project/Sandbox/signal_detect_vitis/signal_detect_platform/ps7_cortexa9_0/standalone_domain/bsp/system.mss
TRACE::2026-04-26.20:26:08::SCWMssOS::mss exists loading the mss file  C:/Users/suren/Documents/ECE_520/Final_Project/Sandbox/signal_detect_vitis/signal_detect_platform/ps7_cortexa9_0/standalone_domain/bsp/system.mss
TRACE::2026-04-26.20:26:08::SCWMssOS::Opened the sw design from mss  C:/Users/suren/Documents/ECE_520/Final_Project/Sandbox/signal_detect_vitis/signal_detect_platform/ps7_cortexa9_0/standalone_domain/bsp/system.mss
TRACE::2026-04-26.20:26:08::SCWMssOS::Adding the swdes entry C:/Users/suren/Documents/ECE_520/Final_Project/Sandbox/signal_detect_vitis/signal_detect_platform/ps7_cortexa9_0/standalone_domain/bsp/system.mss with des name system_0
TRACE::2026-04-26.20:26:08::SCWMssOS::updating the scw layer about changes
TRACE::2026-04-26.20:26:08::SCWMssOS::Opened the sw design.  C:/Users/suren/Documents/ECE_520/Final_Project/Sandbox/signal_detect_vitis/signal_detect_platform/ps7_cortexa9_0/standalone_domain/bsp/system.mss
TRACE::2026-04-26.20:26:08::SCWMssOS::Saving the mss changes C:/Users/suren/Documents/ECE_520/Final_Project/Sandbox/signal_detect_vitis/signal_detect_platform/ps7_cortexa9_0/standalone_domain/bsp/system.mss
TRACE::2026-04-26.20:26:08::SCWMssOS::Found a swdesign opened with the mssfile.
TRACE::2026-04-26.20:26:08::SCWMssOS::Completed writemss as part of save.
TRACE::2026-04-26.20:26:08::SCWMssOS::Commit changes completed.
TRACE::2026-04-26.20:26:08::SCWReader::Adding prebuilt librarypaths as   
TRACE::2026-04-26.20:26:08::SCWReader::Adding prebuilt incpaths  as   
TRACE::2026-04-26.20:26:08::SCWPlatform::Trying to open the hw design at C:/Users/suren/Documents/ECE_520/Final_Project/Sandbox/signal_detect_vitis/signal_detect_platform/hw/signal_detect_bd_wrapper.xsa
TRACE::2026-04-26.20:26:08::SCWPlatform::DSA given C:/Users/suren/Documents/ECE_520/Final_Project/Sandbox/signal_detect_vitis/signal_detect_platform/hw/signal_detect_bd_wrapper.xsa
TRACE::2026-04-26.20:26:08::SCWPlatform::DSA absoulate path C:/Users/suren/Documents/ECE_520/Final_Project/Sandbox/signal_detect_vitis/signal_detect_platform/hw/signal_detect_bd_wrapper.xsa
TRACE::2026-04-26.20:26:08::SCWPlatform::DSA directory C:/Users/suren/Documents/ECE_520/Final_Project/Sandbox/signal_detect_vitis/signal_detect_platform/hw
TRACE::2026-04-26.20:26:08::SCWPlatform:: Platform Path C:/Users/suren/Documents/ECE_520/Final_Project/Sandbox/signal_detect_vitis/signal_detect_platform/hw/signal_detect_bd_wrapper.xsa
TRACE::2026-04-26.20:26:08::SCWPlatform:: Unique name xilinx:zybo-z7-10::0.0
TRACE::2026-04-26.20:26:08::SCWPlatform::Trying to set the existing hwdb with name signal_detect_bd_wrapper_44
TRACE::2026-04-26.20:26:08::SCWPlatform::Opened existing hwdb signal_detect_bd_wrapper_44
TRACE::2026-04-26.20:26:08::SCWPlatform::Found the Hw Db part of the input DSA
TRACE::2026-04-26.20:26:08::SCWMssOS::Checking the sw design at  C:/Users/suren/Documents/ECE_520/Final_Project/Sandbox/signal_detect_vitis/signal_detect_platform/ps7_cortexa9_0/standalone_domain/bsp/system.mss
TRACE::2026-04-26.20:26:08::SCWMssOS::DEBUG:  swdes dump  C:/Users/suren/Documents/ECE_520/Final_Project/Sandbox/signal_detect_vitis/signal_detect_platform/ps7_cortexa9_0/standalone_domain/bsp/system.mss|system_0||
C:/Users/suren/Documents/ECE_520/Final_Project/Sandbox/signal_detect_vitis/signal_detect_platform/zynq_fsbl/zynq_fsbl_bsp/system.mss|system||

TRACE::2026-04-26.20:26:08::SCWMssOS::Sw design exists and opened at  C:/Users/suren/Documents/ECE_520/Final_Project/Sandbox/signal_detect_vitis/signal_detect_platform/ps7_cortexa9_0/standalone_domain/bsp/system.mss
TRACE::2026-04-26.20:26:08::SCWReader::No isolation master present  
LOG::2026-04-26.20:26:30::SCWPlatform::Started generating the artifacts platform signal_detect_platform
TRACE::2026-04-26.20:26:30::SCWPlatform::Sanity checking of platform is completed
LOG::2026-04-26.20:26:30::SCWPlatform::Started generating the artifacts for system configuration signal_detect_platform
LOG::2026-04-26.20:26:30::SCWSystem::Checking the domain zynq_fsbl
LOG::2026-04-26.20:26:30::SCWSystem::Doing application build for :  zynq_fsbl
TRACE::2026-04-26.20:26:30::SCWBDomain::Not a forced makefile updation, No changes are present. 
TRACE::2026-04-26.20:26:30::SCWDomain::Skipping the build for domain :  zynq_fsbl
LOG::2026-04-26.20:26:30::SCWSystem::Checking the domain standalone_domain
LOG::2026-04-26.20:26:30::SCWSystem::Not a boot domain 
LOG::2026-04-26.20:26:30::SCWSystem::Started Processing the domain standalone_domain
TRACE::2026-04-26.20:26:30::SCWDomain::Generating domain artifcats
TRACE::2026-04-26.20:26:30::SCWMssOS::Generating standalone artifcats
TRACE::2026-04-26.20:26:30::SCWMssOS::Copying the qemu file from  C:/Users/suren/Documents/ECE_520/Final_Project/Sandbox/signal_detect_vitis/signal_detect_platform/resources/signal_detect_platform/standalone_domain/qemu_args.txt To C:/Users/suren/Documents/ECE_520/Final_Project/Sandbox/signal_detect_vitis/signal_detect_platform/export/signal_detect_platform/sw/signal_detect_platform/qemu/
TRACE::2026-04-26.20:26:30::SCWMssOS::Copying the qemu file from  C:/Users/suren/Documents/ECE_520/Final_Project/Sandbox/signal_detect_vitis/signal_detect_platform/resources/signal_detect_platform/standalone_domain/qemu_args.txt To C:/Users/suren/Documents/ECE_520/Final_Project/Sandbox/signal_detect_vitis/signal_detect_platform/export/signal_detect_platform/sw/signal_detect_platform/standalone_domain/qemu/
TRACE::2026-04-26.20:26:30::SCWMssOS:: Copying the user libraries. 
TRACE::2026-04-26.20:26:30::SCWPlatform::Trying to open the hw design at C:/Users/suren/Documents/ECE_520/Final_Project/Sandbox/signal_detect_vitis/signal_detect_platform/hw/signal_detect_bd_wrapper.xsa
TRACE::2026-04-26.20:26:30::SCWPlatform::DSA given C:/Users/suren/Documents/ECE_520/Final_Project/Sandbox/signal_detect_vitis/signal_detect_platform/hw/signal_detect_bd_wrapper.xsa
TRACE::2026-04-26.20:26:30::SCWPlatform::DSA absoulate path C:/Users/suren/Documents/ECE_520/Final_Project/Sandbox/signal_detect_vitis/signal_detect_platform/hw/signal_detect_bd_wrapper.xsa
TRACE::2026-04-26.20:26:30::SCWPlatform::DSA directory C:/Users/suren/Documents/ECE_520/Final_Project/Sandbox/signal_detect_vitis/signal_detect_platform/hw
TRACE::2026-04-26.20:26:30::SCWPlatform:: Platform Path C:/Users/suren/Documents/ECE_520/Final_Project/Sandbox/signal_detect_vitis/signal_detect_platform/hw/signal_detect_bd_wrapper.xsa
TRACE::2026-04-26.20:26:30::SCWPlatform:: Unique name xilinx:zybo-z7-10::0.0
TRACE::2026-04-26.20:26:30::SCWPlatform::Trying to set the existing hwdb with name signal_detect_bd_wrapper_44
TRACE::2026-04-26.20:26:30::SCWPlatform::Could not get the HWDB from existing dbname
TRACE::2026-04-26.20:26:30::SCWPlatform::Do not have an existing db opened. Attempting to open the hwDb. 
TRACE::2026-04-26.20:26:30::SCWPlatform::Opened new HwDB with name signal_detect_bd_wrapper_45
TRACE::2026-04-26.20:26:30::SCWMssOS::Checking the sw design at  C:/Users/suren/Documents/ECE_520/Final_Project/Sandbox/signal_detect_vitis/signal_detect_platform/ps7_cortexa9_0/standalone_domain/bsp/system.mss
TRACE::2026-04-26.20:26:30::SCWMssOS::DEBUG:  swdes dump  C:/Users/suren/Documents/ECE_520/Final_Project/Sandbox/signal_detect_vitis/signal_detect_platform/ps7_cortexa9_0/standalone_domain/bsp/system.mss|system_0||
C:/Users/suren/Documents/ECE_520/Final_Project/Sandbox/signal_detect_vitis/signal_detect_platform/zynq_fsbl/zynq_fsbl_bsp/system.mss|system||

TRACE::2026-04-26.20:26:30::SCWMssOS::Sw design exists and opened at  C:/Users/suren/Documents/ECE_520/Final_Project/Sandbox/signal_detect_vitis/signal_detect_platform/ps7_cortexa9_0/standalone_domain/bsp/system.mss
TRACE::2026-04-26.20:26:30::SCWMssOS::Completed writing the mss file at C:/Users/suren/Documents/ECE_520/Final_Project/Sandbox/signal_detect_vitis/signal_detect_platform/ps7_cortexa9_0/standalone_domain/bsp
TRACE::2026-04-26.20:26:30::SCWMssOS::Mss edits present, copying mssfile into export location C:/Users/suren/Documents/ECE_520/Final_Project/Sandbox/signal_detect_vitis/signal_detect_platform/ps7_cortexa9_0/standalone_domain/bsp/system.mss
TRACE::2026-04-26.20:26:30::SCWMssOS::bsp generated is stale removing and regenerating. 
TRACE::2026-04-26.20:26:31::SCWMssOS::doing bsp build ... 
TRACE::2026-04-26.20:26:31::SCWMssOS::System Command Ran  C: & cd  C:/Users/suren/Documents/ECE_520/Final_Project/Sandbox/signal_detect_vitis/signal_detect_platform/ps7_cortexa9_0/standalone_domain/bsp & make 
TRACE::2026-04-26.20:26:31::SCWMssOS::make --no-print-directory seq_libs

TRACE::2026-04-26.20:26:31::SCWMssOS::'Finished building libraries sequentially.'

TRACE::2026-04-26.20:26:31::SCWMssOS::make -j 6 --no-print-directory par_libs

TRACE::2026-04-26.20:26:31::SCWMssOS::"Running Make include in ps7_cortexa9_0/libsrc/coresightps_dcc_v1_8/src"

TRACE::2026-04-26.20:26:31::SCWMssOS::make -C ps7_cortexa9_0/libsrc/coresightps_dcc_v1_8/src -s include  "SHELL=CMD" "COMPILER=arm-none-eabi-gcc" "ASSEMBLER=arm-none
TRACE::2026-04-26.20:26:31::SCWMssOS::-eabi-as" "ARCHIVER=arm-none-eabi-ar" "COMPILER_FLAGS=  -O2 -c" "EXTRA_COMPILER_FLAGS=-mcpu=cortex-a9 -mfpu=vfpv3 -mfloat-abi=h
TRACE::2026-04-26.20:26:31::SCWMssOS::ard -nostartfiles -g -Wall -Wextra -fno-tree-loop-distribute-patterns"

TRACE::2026-04-26.20:26:31::SCWMssOS::"Running Make include in ps7_cortexa9_0/libsrc/cpu_cortexa9_v2_11/src"

TRACE::2026-04-26.20:26:31::SCWMssOS::make -C ps7_cortexa9_0/libsrc/cpu_cortexa9_v2_11/src -s include  "SHELL=CMD" "COMPILER=arm-none-eabi-gcc" "ASSEMBLER=arm-none-e
TRACE::2026-04-26.20:26:31::SCWMssOS::abi-as" "ARCHIVER=arm-none-eabi-ar" "COMPILER_FLAGS=  -O2 -c" "EXTRA_COMPILER_FLAGS=-mcpu=cortex-a9 -mfpu=vfpv3 -mfloat-abi=har
TRACE::2026-04-26.20:26:31::SCWMssOS::d -nostartfiles -g -Wall -Wextra -fno-tree-loop-distribute-patterns"

TRACE::2026-04-26.20:26:31::SCWMssOS::"Running Make include in ps7_cortexa9_0/libsrc/ddrps_v1_2/src"

TRACE::2026-04-26.20:26:32::SCWMssOS::make -C ps7_cortexa9_0/libsrc/ddrps_v1_2/src -s include  "SHELL=CMD" "COMPILER=arm-none-eabi-gcc" "ASSEMBLER=arm-none-eabi-as" 
TRACE::2026-04-26.20:26:32::SCWMssOS::"ARCHIVER=arm-none-eabi-ar" "COMPILER_FLAGS=  -O2 -c" "EXTRA_COMPILER_FLAGS=-mcpu=cortex-a9 -mfpu=vfpv3 -mfloat-abi=hard -nosta
TRACE::2026-04-26.20:26:32::SCWMssOS::rtfiles -g -Wall -Wextra -fno-tree-loop-distribute-patterns"

TRACE::2026-04-26.20:26:32::SCWMssOS::"Running Make include in ps7_cortexa9_0/libsrc/devcfg_v3_7/src"

TRACE::2026-04-26.20:26:32::SCWMssOS::make -C ps7_cortexa9_0/libsrc/devcfg_v3_7/src -s include  "SHELL=CMD" "COMPILER=arm-none-eabi-gcc" "ASSEMBLER=arm-none-eabi-as"
TRACE::2026-04-26.20:26:32::SCWMssOS:: "ARCHIVER=arm-none-eabi-ar" "COMPILER_FLAGS=  -O2 -c" "EXTRA_COMPILER_FLAGS=-mcpu=cortex-a9 -mfpu=vfpv3 -mfloat-abi=hard -nost
TRACE::2026-04-26.20:26:32::SCWMssOS::artfiles -g -Wall -Wextra -fno-tree-loop-distribute-patterns"

TRACE::2026-04-26.20:26:32::SCWMssOS::"Running Make include in ps7_cortexa9_0/libsrc/dmaps_v2_8/src"

TRACE::2026-04-26.20:26:32::SCWMssOS::make -C ps7_cortexa9_0/libsrc/dmaps_v2_8/src -s include  "SHELL=CMD" "COMPILER=arm-none-eabi-gcc" "ASSEMBLER=arm-none-eabi-as" 
TRACE::2026-04-26.20:26:32::SCWMssOS::"ARCHIVER=arm-none-eabi-ar" "COMPILER_FLAGS=  -O2 -c" "EXTRA_COMPILER_FLAGS=-mcpu=cortex-a9 -mfpu=vfpv3 -mfloat-abi=hard -nosta
TRACE::2026-04-26.20:26:32::SCWMssOS::rtfiles -g -Wall -Wextra -fno-tree-loop-distribute-patterns"

TRACE::2026-04-26.20:26:32::SCWMssOS::"Running Make include in ps7_cortexa9_0/libsrc/emacps_v3_18/src"

TRACE::2026-04-26.20:26:32::SCWMssOS::make -C ps7_cortexa9_0/libsrc/emacps_v3_18/src -s include  "SHELL=CMD" "COMPILER=arm-none-eabi-gcc" "ASSEMBLER=arm-none-eabi-as
TRACE::2026-04-26.20:26:32::SCWMssOS::" "ARCHIVER=arm-none-eabi-ar" "COMPILER_FLAGS=  -O2 -c" "EXTRA_COMPILER_FLAGS=-mcpu=cortex-a9 -mfpu=vfpv3 -mfloat-abi=hard -nos
TRACE::2026-04-26.20:26:32::SCWMssOS::tartfiles -g -Wall -Wextra -fno-tree-loop-distribute-patterns"

TRACE::2026-04-26.20:26:32::SCWMssOS::"Running Make include in ps7_cortexa9_0/libsrc/gpiops_v3_11/src"

TRACE::2026-04-26.20:26:32::SCWMssOS::make -C ps7_cortexa9_0/libsrc/gpiops_v3_11/src -s include  "SHELL=CMD" "COMPILER=arm-none-eabi-gcc" "ASSEMBLER=arm-none-eabi-as
TRACE::2026-04-26.20:26:32::SCWMssOS::" "ARCHIVER=arm-none-eabi-ar" "COMPILER_FLAGS=  -O2 -c" "EXTRA_COMPILER_FLAGS=-mcpu=cortex-a9 -mfpu=vfpv3 -mfloat-abi=hard -nos
TRACE::2026-04-26.20:26:32::SCWMssOS::tartfiles -g -Wall -Wextra -fno-tree-loop-distribute-patterns"

TRACE::2026-04-26.20:26:32::SCWMssOS::"Running Make include in ps7_cortexa9_0/libsrc/gpio_v4_9/src"

TRACE::2026-04-26.20:26:32::SCWMssOS::make -C ps7_cortexa9_0/libsrc/gpio_v4_9/src -s include  "SHELL=CMD" "COMPILER=arm-none-eabi-gcc" "ASSEMBLER=arm-none-eabi-as" "
TRACE::2026-04-26.20:26:32::SCWMssOS::ARCHIVER=arm-none-eabi-ar" "COMPILER_FLAGS=  -O2 -c" "EXTRA_COMPILER_FLAGS=-mcpu=cortex-a9 -mfpu=vfpv3 -mfloat-abi=hard -nostar
TRACE::2026-04-26.20:26:32::SCWMssOS::tfiles -g -Wall -Wextra -fno-tree-loop-distribute-patterns"

TRACE::2026-04-26.20:26:32::SCWMssOS::"Running Make include in ps7_cortexa9_0/libsrc/qspips_v3_10/src"

TRACE::2026-04-26.20:26:32::SCWMssOS::make -C ps7_cortexa9_0/libsrc/qspips_v3_10/src -s include  "SHELL=CMD" "COMPILER=arm-none-eabi-gcc" "ASSEMBLER=arm-none-eabi-as
TRACE::2026-04-26.20:26:32::SCWMssOS::" "ARCHIVER=arm-none-eabi-ar" "COMPILER_FLAGS=  -O2 -c" "EXTRA_COMPILER_FLAGS=-mcpu=cortex-a9 -mfpu=vfpv3 -mfloat-abi=hard -nos
TRACE::2026-04-26.20:26:32::SCWMssOS::tartfiles -g -Wall -Wextra -fno-tree-loop-distribute-patterns"

TRACE::2026-04-26.20:26:32::SCWMssOS::"Running Make include in ps7_cortexa9_0/libsrc/scugic_v5_1/src"

TRACE::2026-04-26.20:26:32::SCWMssOS::make -C ps7_cortexa9_0/libsrc/scugic_v5_1/src -s include  "SHELL=CMD" "COMPILER=arm-none-eabi-gcc" "ASSEMBLER=arm-none-eabi-as"
TRACE::2026-04-26.20:26:32::SCWMssOS:: "ARCHIVER=arm-none-eabi-ar" "COMPILER_FLAGS=  -O2 -c" "EXTRA_COMPILER_FLAGS=-mcpu=cortex-a9 -mfpu=vfpv3 -mfloat-abi=hard -nost
TRACE::2026-04-26.20:26:32::SCWMssOS::artfiles -g -Wall -Wextra -fno-tree-loop-distribute-patterns"

TRACE::2026-04-26.20:26:32::SCWMssOS::"Running Make include in ps7_cortexa9_0/libsrc/scutimer_v2_4/src"

TRACE::2026-04-26.20:26:32::SCWMssOS::make -C ps7_cortexa9_0/libsrc/scutimer_v2_4/src -s include  "SHELL=CMD" "COMPILER=arm-none-eabi-gcc" "ASSEMBLER=arm-none-eabi-a
TRACE::2026-04-26.20:26:32::SCWMssOS::s" "ARCHIVER=arm-none-eabi-ar" "COMPILER_FLAGS=  -O2 -c" "EXTRA_COMPILER_FLAGS=-mcpu=cortex-a9 -mfpu=vfpv3 -mfloat-abi=hard -no
TRACE::2026-04-26.20:26:32::SCWMssOS::startfiles -g -Wall -Wextra -fno-tree-loop-distribute-patterns"

TRACE::2026-04-26.20:26:32::SCWMssOS::"Running Make include in ps7_cortexa9_0/libsrc/scuwdt_v2_4/src"

TRACE::2026-04-26.20:26:32::SCWMssOS::make -C ps7_cortexa9_0/libsrc/scuwdt_v2_4/src -s include  "SHELL=CMD" "COMPILER=arm-none-eabi-gcc" "ASSEMBLER=arm-none-eabi-as"
TRACE::2026-04-26.20:26:32::SCWMssOS:: "ARCHIVER=arm-none-eabi-ar" "COMPILER_FLAGS=  -O2 -c" "EXTRA_COMPILER_FLAGS=-mcpu=cortex-a9 -mfpu=vfpv3 -mfloat-abi=hard -nost
TRACE::2026-04-26.20:26:32::SCWMssOS::artfiles -g -Wall -Wextra -fno-tree-loop-distribute-patterns"

TRACE::2026-04-26.20:26:32::SCWMssOS::"Running Make include in ps7_cortexa9_0/libsrc/sdps_v4_1/src"

TRACE::2026-04-26.20:26:32::SCWMssOS::make -C ps7_cortexa9_0/libsrc/sdps_v4_1/src -s include  "SHELL=CMD" "COMPILER=arm-none-eabi-gcc" "ASSEMBLER=arm-none-eabi-as" "
TRACE::2026-04-26.20:26:32::SCWMssOS::ARCHIVER=arm-none-eabi-ar" "COMPILER_FLAGS=  -O2 -c" "EXTRA_COMPILER_FLAGS=-mcpu=cortex-a9 -mfpu=vfpv3 -mfloat-abi=hard -nostar
TRACE::2026-04-26.20:26:32::SCWMssOS::tfiles -g -Wall -Wextra -fno-tree-loop-distribute-patterns"

TRACE::2026-04-26.20:26:32::SCWMssOS::"Running Make include in ps7_cortexa9_0/libsrc/standalone_v8_1/src"

TRACE::2026-04-26.20:26:32::SCWMssOS::make -C ps7_cortexa9_0/libsrc/standalone_v8_1/src -s include  "SHELL=CMD" "COMPILER=arm-none-eabi-gcc" "ASSEMBLER=arm-none-eabi
TRACE::2026-04-26.20:26:32::SCWMssOS::-as" "ARCHIVER=arm-none-eabi-ar" "COMPILER_FLAGS=  -O2 -c" "EXTRA_COMPILER_FLAGS=-mcpu=cortex-a9 -mfpu=vfpv3 -mfloat-abi=hard -
TRACE::2026-04-26.20:26:32::SCWMssOS::nostartfiles -g -Wall -Wextra -fno-tree-loop-distribute-patterns"

TRACE::2026-04-26.20:26:32::SCWMssOS::"Running Make include in ps7_cortexa9_0/libsrc/uartps_v3_12/src"

TRACE::2026-04-26.20:26:32::SCWMssOS::make -C ps7_cortexa9_0/libsrc/uartps_v3_12/src -s include  "SHELL=CMD" "COMPILER=arm-none-eabi-gcc" "ASSEMBLER=arm-none-eabi-as
TRACE::2026-04-26.20:26:32::SCWMssOS::" "ARCHIVER=arm-none-eabi-ar" "COMPILER_FLAGS=  -O2 -c" "EXTRA_COMPILER_FLAGS=-mcpu=cortex-a9 -mfpu=vfpv3 -mfloat-abi=hard -nos
TRACE::2026-04-26.20:26:32::SCWMssOS::tartfiles -g -Wall -Wextra -fno-tree-loop-distribute-patterns"

TRACE::2026-04-26.20:26:32::SCWMssOS::"Running Make include in ps7_cortexa9_0/libsrc/usbps_v2_7/src"

TRACE::2026-04-26.20:26:32::SCWMssOS::make -C ps7_cortexa9_0/libsrc/usbps_v2_7/src -s include  "SHELL=CMD" "COMPILER=arm-none-eabi-gcc" "ASSEMBLER=arm-none-eabi-as" 
TRACE::2026-04-26.20:26:32::SCWMssOS::"ARCHIVER=arm-none-eabi-ar" "COMPILER_FLAGS=  -O2 -c" "EXTRA_COMPILER_FLAGS=-mcpu=cortex-a9 -mfpu=vfpv3 -mfloat-abi=hard -nosta
TRACE::2026-04-26.20:26:32::SCWMssOS::rtfiles -g -Wall -Wextra -fno-tree-loop-distribute-patterns"

TRACE::2026-04-26.20:26:32::SCWMssOS::"Running Make include in ps7_cortexa9_0/libsrc/xadcps_v2_6/src"

TRACE::2026-04-26.20:26:32::SCWMssOS::make -C ps7_cortexa9_0/libsrc/xadcps_v2_6/src -s include  "SHELL=CMD" "COMPILER=arm-none-eabi-gcc" "ASSEMBLER=arm-none-eabi-as"
TRACE::2026-04-26.20:26:32::SCWMssOS:: "ARCHIVER=arm-none-eabi-ar" "COMPILER_FLAGS=  -O2 -c" "EXTRA_COMPILER_FLAGS=-mcpu=cortex-a9 -mfpu=vfpv3 -mfloat-abi=hard -nost
TRACE::2026-04-26.20:26:32::SCWMssOS::artfiles -g -Wall -Wextra -fno-tree-loop-distribute-patterns"

TRACE::2026-04-26.20:26:33::SCWMssOS::"Running Make libs in ps7_cortexa9_0/libsrc/coresightps_dcc_v1_8/src"

TRACE::2026-04-26.20:26:33::SCWMssOS::make -C ps7_cortexa9_0/libsrc/coresightps_dcc_v1_8/src -s libs  "SHELL=CMD" "COMPILER=arm-none-eabi-gcc" "ASSEMBLER=arm-none-ea
TRACE::2026-04-26.20:26:33::SCWMssOS::bi-as" "ARCHIVER=arm-none-eabi-ar" "COMPILER_FLAGS=  -O2 -c" "EXTRA_COMPILER_FLAGS=-mcpu=cortex-a9 -mfpu=vfpv3 -mfloat-abi=hard
TRACE::2026-04-26.20:26:33::SCWMssOS:: -nostartfiles -g -Wall -Wextra -fno-tree-loop-distribute-patterns"

TRACE::2026-04-26.20:26:33::SCWMssOS::"Running Make libs in ps7_cortexa9_0/libsrc/cpu_cortexa9_v2_11/src"

TRACE::2026-04-26.20:26:33::SCWMssOS::make -C ps7_cortexa9_0/libsrc/cpu_cortexa9_v2_11/src -s libs  "SHELL=CMD" "COMPILER=arm-none-eabi-gcc" "ASSEMBLER=arm-none-eabi
TRACE::2026-04-26.20:26:33::SCWMssOS::-as" "ARCHIVER=arm-none-eabi-ar" "COMPILER_FLAGS=  -O2 -c" "EXTRA_COMPILER_FLAGS=-mcpu=cortex-a9 -mfpu=vfpv3 -mfloat-abi=hard -
TRACE::2026-04-26.20:26:33::SCWMssOS::nostartfiles -g -Wall -Wextra -fno-tree-loop-distribute-patterns"

TRACE::2026-04-26.20:26:33::SCWMssOS::"Running Make libs in ps7_cortexa9_0/libsrc/ddrps_v1_2/src"

TRACE::2026-04-26.20:26:33::SCWMssOS::make -C ps7_cortexa9_0/libsrc/ddrps_v1_2/src -s libs  "SHELL=CMD" "COMPILER=arm-none-eabi-gcc" "ASSEMBLER=arm-none-eabi-as" "AR
TRACE::2026-04-26.20:26:33::SCWMssOS::CHIVER=arm-none-eabi-ar" "COMPILER_FLAGS=  -O2 -c" "EXTRA_COMPILER_FLAGS=-mcpu=cortex-a9 -mfpu=vfpv3 -mfloat-abi=hard -nostartf
TRACE::2026-04-26.20:26:33::SCWMssOS::iles -g -Wall -Wextra -fno-tree-loop-distribute-patterns"

TRACE::2026-04-26.20:26:33::SCWMssOS::"Running Make libs in ps7_cortexa9_0/libsrc/devcfg_v3_7/src"

TRACE::2026-04-26.20:26:33::SCWMssOS::make -C ps7_cortexa9_0/libsrc/devcfg_v3_7/src -s libs  "SHELL=CMD" "COMPILER=arm-none-eabi-gcc" "ASSEMBLER=arm-none-eabi-as" "A
TRACE::2026-04-26.20:26:33::SCWMssOS::RCHIVER=arm-none-eabi-ar" "COMPILER_FLAGS=  -O2 -c" "EXTRA_COMPILER_FLAGS=-mcpu=cortex-a9 -mfpu=vfpv3 -mfloat-abi=hard -nostart
TRACE::2026-04-26.20:26:33::SCWMssOS::files -g -Wall -Wextra -fno-tree-loop-distribute-patterns"

TRACE::2026-04-26.20:26:33::SCWMssOS::"Running Make libs in ps7_cortexa9_0/libsrc/dmaps_v2_8/src"

TRACE::2026-04-26.20:26:33::SCWMssOS::make -C ps7_cortexa9_0/libsrc/dmaps_v2_8/src -s libs  "SHELL=CMD" "COMPILER=arm-none-eabi-gcc" "ASSEMBLER=arm-none-eabi-as" "AR
TRACE::2026-04-26.20:26:33::SCWMssOS::CHIVER=arm-none-eabi-ar" "COMPILER_FLAGS=  -O2 -c" "EXTRA_COMPILER_FLAGS=-mcpu=cortex-a9 -mfpu=vfpv3 -mfloat-abi=hard -nostartf
TRACE::2026-04-26.20:26:33::SCWMssOS::iles -g -Wall -Wextra -fno-tree-loop-distribute-patterns"

TRACE::2026-04-26.20:26:33::SCWMssOS::"Running Make libs in ps7_cortexa9_0/libsrc/emacps_v3_18/src"

TRACE::2026-04-26.20:26:33::SCWMssOS::make -C ps7_cortexa9_0/libsrc/emacps_v3_18/src -s libs  "SHELL=CMD" "COMPILER=arm-none-eabi-gcc" "ASSEMBLER=arm-none-eabi-as" "
TRACE::2026-04-26.20:26:33::SCWMssOS::ARCHIVER=arm-none-eabi-ar" "COMPILER_FLAGS=  -O2 -c" "EXTRA_COMPILER_FLAGS=-mcpu=cortex-a9 -mfpu=vfpv3 -mfloat-abi=hard -nostar
TRACE::2026-04-26.20:26:33::SCWMssOS::tfiles -g -Wall -Wextra -fno-tree-loop-distribute-patterns"

TRACE::2026-04-26.20:26:33::SCWMssOS::"Running Make libs in ps7_cortexa9_0/libsrc/gpiops_v3_11/src"

TRACE::2026-04-26.20:26:33::SCWMssOS::make -C ps7_cortexa9_0/libsrc/gpiops_v3_11/src -s libs  "SHELL=CMD" "COMPILER=arm-none-eabi-gcc" "ASSEMBLER=arm-none-eabi-as" "
TRACE::2026-04-26.20:26:33::SCWMssOS::ARCHIVER=arm-none-eabi-ar" "COMPILER_FLAGS=  -O2 -c" "EXTRA_COMPILER_FLAGS=-mcpu=cortex-a9 -mfpu=vfpv3 -mfloat-abi=hard -nostar
TRACE::2026-04-26.20:26:33::SCWMssOS::tfiles -g -Wall -Wextra -fno-tree-loop-distribute-patterns"

TRACE::2026-04-26.20:26:33::SCWMssOS::"Running Make libs in ps7_cortexa9_0/libsrc/gpio_v4_9/src"

TRACE::2026-04-26.20:26:33::SCWMssOS::make -C ps7_cortexa9_0/libsrc/gpio_v4_9/src -s libs  "SHELL=CMD" "COMPILER=arm-none-eabi-gcc" "ASSEMBLER=arm-none-eabi-as" "ARC
TRACE::2026-04-26.20:26:33::SCWMssOS::HIVER=arm-none-eabi-ar" "COMPILER_FLAGS=  -O2 -c" "EXTRA_COMPILER_FLAGS=-mcpu=cortex-a9 -mfpu=vfpv3 -mfloat-abi=hard -nostartfi
TRACE::2026-04-26.20:26:33::SCWMssOS::les -g -Wall -Wextra -fno-tree-loop-distribute-patterns"

TRACE::2026-04-26.20:26:33::SCWMssOS::"Running Make libs in ps7_cortexa9_0/libsrc/qspips_v3_10/src"

TRACE::2026-04-26.20:26:33::SCWMssOS::make -C ps7_cortexa9_0/libsrc/qspips_v3_10/src -s libs  "SHELL=CMD" "COMPILER=arm-none-eabi-gcc" "ASSEMBLER=arm-none-eabi-as" "
TRACE::2026-04-26.20:26:33::SCWMssOS::ARCHIVER=arm-none-eabi-ar" "COMPILER_FLAGS=  -O2 -c" "EXTRA_COMPILER_FLAGS=-mcpu=cortex-a9 -mfpu=vfpv3 -mfloat-abi=hard -nostar
TRACE::2026-04-26.20:26:33::SCWMssOS::tfiles -g -Wall -Wextra -fno-tree-loop-distribute-patterns"

TRACE::2026-04-26.20:26:34::SCWMssOS::"Running Make libs in ps7_cortexa9_0/libsrc/scugic_v5_1/src"

TRACE::2026-04-26.20:26:34::SCWMssOS::make -C ps7_cortexa9_0/libsrc/scugic_v5_1/src -s libs  "SHELL=CMD" "COMPILER=arm-none-eabi-gcc" "ASSEMBLER=arm-none-eabi-as" "A
TRACE::2026-04-26.20:26:34::SCWMssOS::RCHIVER=arm-none-eabi-ar" "COMPILER_FLAGS=  -O2 -c" "EXTRA_COMPILER_FLAGS=-mcpu=cortex-a9 -mfpu=vfpv3 -mfloat-abi=hard -nostart
TRACE::2026-04-26.20:26:34::SCWMssOS::files -g -Wall -Wextra -fno-tree-loop-distribute-patterns"

TRACE::2026-04-26.20:26:34::SCWMssOS::"Running Make libs in ps7_cortexa9_0/libsrc/scutimer_v2_4/src"

TRACE::2026-04-26.20:26:34::SCWMssOS::make -C ps7_cortexa9_0/libsrc/scutimer_v2_4/src -s libs  "SHELL=CMD" "COMPILER=arm-none-eabi-gcc" "ASSEMBLER=arm-none-eabi-as" 
TRACE::2026-04-26.20:26:34::SCWMssOS::"ARCHIVER=arm-none-eabi-ar" "COMPILER_FLAGS=  -O2 -c" "EXTRA_COMPILER_FLAGS=-mcpu=cortex-a9 -mfpu=vfpv3 -mfloat-abi=hard -nosta
TRACE::2026-04-26.20:26:34::SCWMssOS::rtfiles -g -Wall -Wextra -fno-tree-loop-distribute-patterns"

TRACE::2026-04-26.20:26:34::SCWMssOS::"Running Make libs in ps7_cortexa9_0/libsrc/scuwdt_v2_4/src"

TRACE::2026-04-26.20:26:34::SCWMssOS::make -C ps7_cortexa9_0/libsrc/scuwdt_v2_4/src -s libs  "SHELL=CMD" "COMPILER=arm-none-eabi-gcc" "ASSEMBLER=arm-none-eabi-as" "A
TRACE::2026-04-26.20:26:34::SCWMssOS::RCHIVER=arm-none-eabi-ar" "COMPILER_FLAGS=  -O2 -c" "EXTRA_COMPILER_FLAGS=-mcpu=cortex-a9 -mfpu=vfpv3 -mfloat-abi=hard -nostart
TRACE::2026-04-26.20:26:34::SCWMssOS::files -g -Wall -Wextra -fno-tree-loop-distribute-patterns"

TRACE::2026-04-26.20:26:34::SCWMssOS::"Running Make libs in ps7_cortexa9_0/libsrc/sdps_v4_1/src"

TRACE::2026-04-26.20:26:34::SCWMssOS::make -C ps7_cortexa9_0/libsrc/sdps_v4_1/src -s libs  "SHELL=CMD" "COMPILER=arm-none-eabi-gcc" "ASSEMBLER=arm-none-eabi-as" "ARC
TRACE::2026-04-26.20:26:34::SCWMssOS::HIVER=arm-none-eabi-ar" "COMPILER_FLAGS=  -O2 -c" "EXTRA_COMPILER_FLAGS=-mcpu=cortex-a9 -mfpu=vfpv3 -mfloat-abi=hard -nostartfi
TRACE::2026-04-26.20:26:34::SCWMssOS::les -g -Wall -Wextra -fno-tree-loop-distribute-patterns"

TRACE::2026-04-26.20:26:34::SCWMssOS::"Running Make libs in ps7_cortexa9_0/libsrc/standalone_v8_1/src"

TRACE::2026-04-26.20:26:34::SCWMssOS::make -C ps7_cortexa9_0/libsrc/standalone_v8_1/src -s libs  "SHELL=CMD" "COMPILER=arm-none-eabi-gcc" "ASSEMBLER=arm-none-eabi-as
TRACE::2026-04-26.20:26:34::SCWMssOS::" "ARCHIVER=arm-none-eabi-ar" "COMPILER_FLAGS=  -O2 -c" "EXTRA_COMPILER_FLAGS=-mcpu=cortex-a9 -mfpu=vfpv3 -mfloat-abi=hard -nos
TRACE::2026-04-26.20:26:34::SCWMssOS::tartfiles -g -Wall -Wextra -fno-tree-loop-distribute-patterns"

TRACE::2026-04-26.20:26:34::SCWMssOS::"Running Make libs in ps7_cortexa9_0/libsrc/uartps_v3_12/src"

TRACE::2026-04-26.20:26:34::SCWMssOS::make -C ps7_cortexa9_0/libsrc/uartps_v3_12/src -s libs  "SHELL=CMD" "COMPILER=arm-none-eabi-gcc" "ASSEMBLER=arm-none-eabi-as" "
TRACE::2026-04-26.20:26:34::SCWMssOS::ARCHIVER=arm-none-eabi-ar" "COMPILER_FLAGS=  -O2 -c" "EXTRA_COMPILER_FLAGS=-mcpu=cortex-a9 -mfpu=vfpv3 -mfloat-abi=hard -nostar
TRACE::2026-04-26.20:26:34::SCWMssOS::tfiles -g -Wall -Wextra -fno-tree-loop-distribute-patterns"

TRACE::2026-04-26.20:26:34::SCWMssOS::"Running Make libs in ps7_cortexa9_0/libsrc/usbps_v2_7/src"

TRACE::2026-04-26.20:26:34::SCWMssOS::make -C ps7_cortexa9_0/libsrc/usbps_v2_7/src -s libs  "SHELL=CMD" "COMPILER=arm-none-eabi-gcc" "ASSEMBLER=arm-none-eabi-as" "AR
TRACE::2026-04-26.20:26:34::SCWMssOS::CHIVER=arm-none-eabi-ar" "COMPILER_FLAGS=  -O2 -c" "EXTRA_COMPILER_FLAGS=-mcpu=cortex-a9 -mfpu=vfpv3 -mfloat-abi=hard -nostartf
TRACE::2026-04-26.20:26:34::SCWMssOS::iles -g -Wall -Wextra -fno-tree-loop-distribute-patterns"

TRACE::2026-04-26.20:26:34::SCWMssOS::"Running Make libs in ps7_cortexa9_0/libsrc/xadcps_v2_6/src"

TRACE::2026-04-26.20:26:34::SCWMssOS::make -C ps7_cortexa9_0/libsrc/xadcps_v2_6/src -s libs  "SHELL=CMD" "COMPILER=arm-none-eabi-gcc" "ASSEMBLER=arm-none-eabi-as" "A
TRACE::2026-04-26.20:26:34::SCWMssOS::RCHIVER=arm-none-eabi-ar" "COMPILER_FLAGS=  -O2 -c" "EXTRA_COMPILER_FLAGS=-mcpu=cortex-a9 -mfpu=vfpv3 -mfloat-abi=hard -nostart
TRACE::2026-04-26.20:26:34::SCWMssOS::files -g -Wall -Wextra -fno-tree-loop-distribute-patterns"

TRACE::2026-04-26.20:26:36::SCWMssOS::'Finished building libraries parallelly.'

TRACE::2026-04-26.20:26:36::SCWMssOS::make --no-print-directory archive

TRACE::2026-04-26.20:26:36::SCWMssOS::arm-none-eabi-ar -r  ps7_cortexa9_0/lib/libxil.a ps7_cortexa9_0/lib/_exit.o ps7_cortexa9_0/lib/_open.o ps7_cortexa9_0/lib/_sbrk
TRACE::2026-04-26.20:26:36::SCWMssOS::.o ps7_cortexa9_0/lib/abort.o ps7_cortexa9_0/lib/asm_vectors.o ps7_cortexa9_0/lib/boot.o ps7_cortexa9_0/lib/close.o ps7_cortexa
TRACE::2026-04-26.20:26:36::SCWMssOS::9_0/lib/cpputest_time.o ps7_cortexa9_0/lib/cpu_init.o ps7_cortexa9_0/lib/errno.o ps7_cortexa9_0/lib/fcntl.o ps7_cortexa9_0/lib/
TRACE::2026-04-26.20:26:36::SCWMssOS::fstat.o ps7_cortexa9_0/lib/getentropy.o ps7_cortexa9_0/lib/getpid.o ps7_cortexa9_0/lib/inbyte.o ps7_cortexa9_0/lib/isatty.o ps7
TRACE::2026-04-26.20:26:36::SCWMssOS::_cortexa9_0/lib/kill.o ps7_cortexa9_0/lib/lseek.o ps7_cortexa9_0/lib/open.o ps7_cortexa9_0/lib/outbyte.o ps7_cortexa9_0/lib/pri
TRACE::2026-04-26.20:26:36::SCWMssOS::nt.o ps7_cortexa9_0/lib/putnum.o ps7_cortexa9_0/lib/read.o ps7_cortexa9_0/lib/sbrk.o ps7_cortexa9_0/lib/sleep.o ps7_cortexa9_0/
TRACE::2026-04-26.20:26:36::SCWMssOS::lib/time.o ps7_cortexa9_0/lib/translation_table.o ps7_cortexa9_0/lib/unlink.o ps7_cortexa9_0/lib/usleep.o ps7_cortexa9_0/lib/ve
TRACE::2026-04-26.20:26:36::SCWMssOS::ctors.o ps7_cortexa9_0/lib/write.o ps7_cortexa9_0/lib/xadcps.o ps7_cortexa9_0/lib/xadcps_g.o ps7_cortexa9_0/lib/xadcps_intr.o p
TRACE::2026-04-26.20:26:36::SCWMssOS::s7_cortexa9_0/lib/xadcps_selftest.o ps7_cortexa9_0/lib/xadcps_sinit.o ps7_cortexa9_0/lib/xcoresightpsdcc.o ps7_cortexa9_0/lib/x
TRACE::2026-04-26.20:26:36::SCWMssOS::devcfg.o ps7_cortexa9_0/lib/xdevcfg_g.o ps7_cortexa9_0/lib/xdevcfg_hw.o ps7_cortexa9_0/lib/xdevcfg_intr.o ps7_cortexa9_0/lib/xd
TRACE::2026-04-26.20:26:36::SCWMssOS::evcfg_selftest.o ps7_cortexa9_0/lib/xdevcfg_sinit.o ps7_cortexa9_0/lib/xdmaps.o ps7_cortexa9_0/lib/xdmaps_g.o ps7_cortexa9_0/li
TRACE::2026-04-26.20:26:36::SCWMssOS::b/xdmaps_hw.o ps7_cortexa9_0/lib/xdmaps_selftest.o ps7_cortexa9_0/lib/xdmaps_sinit.o ps7_cortexa9_0/lib/xemacps.o ps7_cortexa9_
TRACE::2026-04-26.20:26:36::SCWMssOS::0/lib/xemacps_bdring.o ps7_cortexa9_0/lib/xemacps_control.o ps7_cortexa9_0/lib/xemacps_g.o ps7_cortexa9_0/lib/xemacps_hw.o ps7_
TRACE::2026-04-26.20:26:36::SCWMssOS::cortexa9_0/lib/xemacps_intr.o ps7_cortexa9_0/lib/xemacps_sinit.o ps7_cortexa9_0/lib/xgpio.o ps7_cortexa9_0/lib/xgpio_extra.o ps
TRACE::2026-04-26.20:26:36::SCWMssOS::7_cortexa9_0/lib/xgpio_g.o ps7_cortexa9_0/lib/xgpio_intr.o ps7_cortexa9_0/lib/xgpio_selftest.o ps7_cortexa9_0/lib/xgpio_sinit.o
TRACE::2026-04-26.20:26:36::SCWMssOS:: ps7_cortexa9_0/lib/xgpiops.o ps7_cortexa9_0/lib/xgpiops_g.o ps7_cortexa9_0/lib/xgpiops_hw.o ps7_cortexa9_0/lib/xgpiops_intr.o 
TRACE::2026-04-26.20:26:36::SCWMssOS::ps7_cortexa9_0/lib/xgpiops_selftest.o ps7_cortexa9_0/lib/xgpiops_sinit.o ps7_cortexa9_0/lib/xil-crt0.o ps7_cortexa9_0/lib/xil_a
TRACE::2026-04-26.20:26:36::SCWMssOS::ssert.o ps7_cortexa9_0/lib/xil_cache.o ps7_cortexa9_0/lib/xil_clocking.o ps7_cortexa9_0/lib/xil_exception.o ps7_cortexa9_0/lib/
TRACE::2026-04-26.20:26:36::SCWMssOS::xil_mem.o ps7_cortexa9_0/lib/xil_misc_psreset_api.o ps7_cortexa9_0/lib/xil_mmu.o ps7_cortexa9_0/lib/xil_printf.o ps7_cortexa9_0
TRACE::2026-04-26.20:26:36::SCWMssOS::/lib/xil_sleepcommon.o ps7_cortexa9_0/lib/xil_sleeptimer.o ps7_cortexa9_0/lib/xil_spinlock.o ps7_cortexa9_0/lib/xil_testcache.o
TRACE::2026-04-26.20:26:36::SCWMssOS:: ps7_cortexa9_0/lib/xil_testio.o ps7_cortexa9_0/lib/xil_testmem.o ps7_cortexa9_0/lib/xil_util.o ps7_cortexa9_0/lib/xinterrupt_w
TRACE::2026-04-26.20:26:36::SCWMssOS::rap.o ps7_cortexa9_0/lib/xl2cc_counter.o ps7_cortexa9_0/lib/xplatform_info.o ps7_cortexa9_0/lib/xpm_counter.o ps7_cortexa9_0/li
TRACE::2026-04-26.20:26:36::SCWMssOS::b/xqspips.o ps7_cortexa9_0/lib/xqspips_g.o ps7_cortexa9_0/lib/xqspips_hw.o ps7_cortexa9_0/lib/xqspips_options.o ps7_cortexa9_0/
TRACE::2026-04-26.20:26:36::SCWMssOS::lib/xqspips_selftest.o ps7_cortexa9_0/lib/xqspips_sinit.o ps7_cortexa9_0/lib/xscugic.o ps7_cortexa9_0/lib/xscugic_g.o ps7_corte
TRACE::2026-04-26.20:26:36::SCWMssOS::xa9_0/lib/xscugic_hw.o ps7_cortexa9_0/lib/xscugic_intr.o ps7_cortexa9_0/lib/xscugic_selftest.o ps7_cortexa9_0/lib/xscugic_sinit
TRACE::2026-04-26.20:26:36::SCWMssOS::.o ps7_cortexa9_0/lib/xscutimer.o ps7_cortexa9_0/lib/xscutimer_g.o ps7_cortexa9_0/lib/xscutimer_selftest.o ps7_cortexa9_0/lib/x
TRACE::2026-04-26.20:26:36::SCWMssOS::scutimer_sinit.o ps7_cortexa9_0/lib/xscuwdt.o ps7_cortexa9_0/lib/xscuwdt_g.o ps7_cortexa9_0/lib/xscuwdt_selftest.o ps7_cortexa9
TRACE::2026-04-26.20:26:36::SCWMssOS::_0/lib/xscuwdt_sinit.o ps7_cortexa9_0/lib/xsdps.o ps7_cortexa9_0/lib/xsdps_card.o ps7_cortexa9_0/lib/xsdps_g.o ps7_cortexa9_0/l
TRACE::2026-04-26.20:26:36::SCWMssOS::ib/xsdps_host.o ps7_cortexa9_0/lib/xsdps_options.o ps7_cortexa9_0/lib/xsdps_sinit.o ps7_cortexa9_0/lib/xtime_l.o ps7_cortexa9_0
TRACE::2026-04-26.20:26:36::SCWMssOS::/lib/xuartps.o ps7_cortexa9_0/lib/xuartps_g.o ps7_cortexa9_0/lib/xuartps_hw.o ps7_cortexa9_0/lib/xuartps_intr.o ps7_cortexa9_0/
TRACE::2026-04-26.20:26:36::SCWMssOS::lib/xuartps_options.o ps7_cortexa9_0/lib/xuartps_selftest.o ps7_cortexa9_0/lib/xuartps_sinit.o ps7_cortexa9_0/lib/xusbps.o ps7_
TRACE::2026-04-26.20:26:36::SCWMssOS::cortexa9_0/lib/xusbps_endpoint.o ps7_cortexa9_0/lib/xusbps_g.o ps7_cortexa9_0/lib/xusbps_hw.o ps7_cortexa9_0/lib/xusbps_intr.o 
TRACE::2026-04-26.20:26:36::SCWMssOS::ps7_cortexa9_0/lib/xusbps_sinit.o

TRACE::2026-04-26.20:26:36::SCWMssOS::'Finished building libraries'

TRACE::2026-04-26.20:26:36::SCWMssOS:: Checking if to create the Supporting Applications
TRACE::2026-04-26.20:26:36::SCWMssOS:: No Linux domain exists, trying to generate FSBL 
LOG::2026-04-26.20:26:36::SCWSystem::Completed Processing the domain standalone_domain
LOG::2026-04-26.20:26:36::SCWSystem::Completed Processing the sysconfig signal_detect_platform
LOG::2026-04-26.20:26:36::SCWPlatform::Completed generating the artifacts for system configuration signal_detect_platform
TRACE::2026-04-26.20:26:36::SCWPlatform::Started preparing the platform 
TRACE::2026-04-26.20:26:36::SCWSystem::Writing the bif file for system config signal_detect_platform
TRACE::2026-04-26.20:26:36::SCWSystem::dir created 
TRACE::2026-04-26.20:26:36::SCWSystem::Writing the bif 
TRACE::2026-04-26.20:26:36::SCWPlatform::Started writing the spfm file 
TRACE::2026-04-26.20:26:36::SCWPlatform::Started writing the xpfm file 
TRACE::2026-04-26.20:26:36::SCWPlatform::Completed generating the platform
TRACE::2026-04-26.20:26:36::SCWMssOS::Saving the mss changes C:/Users/suren/Documents/ECE_520/Final_Project/Sandbox/signal_detect_vitis/signal_detect_platform/zynq_fsbl/zynq_fsbl_bsp/system.mss
TRACE::2026-04-26.20:26:36::SCWMssOS::Found a swdesign opened with the mssfile.
TRACE::2026-04-26.20:26:36::SCWMssOS::Completed writemss as part of save.
TRACE::2026-04-26.20:26:36::SCWMssOS::Commit changes completed.
TRACE::2026-04-26.20:26:36::SCWMssOS::Saving the mss changes C:/Users/suren/Documents/ECE_520/Final_Project/Sandbox/signal_detect_vitis/signal_detect_platform/ps7_cortexa9_0/standalone_domain/bsp/system.mss
TRACE::2026-04-26.20:26:36::SCWMssOS::Adding the swdes entry, mss present, able to open swdb C:/Users/suren/Documents/ECE_520/Final_Project/Sandbox/signal_detect_vitis/signal_detect_platform/ps7_cortexa9_0/standalone_domain/bsp/system.mss with des name system_0
TRACE::2026-04-26.20:26:36::SCWMssOS::Writing the mss file completed C:/Users/suren/Documents/ECE_520/Final_Project/Sandbox/signal_detect_vitis/signal_detect_platform/ps7_cortexa9_0/standalone_domain/bsp/system.mss
TRACE::2026-04-26.20:26:36::SCWMssOS::Commit changes completed.
TRACE::2026-04-26.20:26:36::SCWPlatform::Trying to open the hw design at C:/Users/suren/Documents/ECE_520/Final_Project/Sandbox/signal_detect_vitis/signal_detect_platform/hw/signal_detect_bd_wrapper.xsa
TRACE::2026-04-26.20:26:36::SCWPlatform::DSA given C:/Users/suren/Documents/ECE_520/Final_Project/Sandbox/signal_detect_vitis/signal_detect_platform/hw/signal_detect_bd_wrapper.xsa
TRACE::2026-04-26.20:26:36::SCWPlatform::DSA absoulate path C:/Users/suren/Documents/ECE_520/Final_Project/Sandbox/signal_detect_vitis/signal_detect_platform/hw/signal_detect_bd_wrapper.xsa
TRACE::2026-04-26.20:26:36::SCWPlatform::DSA directory C:/Users/suren/Documents/ECE_520/Final_Project/Sandbox/signal_detect_vitis/signal_detect_platform/hw
TRACE::2026-04-26.20:26:36::SCWPlatform:: Platform Path C:/Users/suren/Documents/ECE_520/Final_Project/Sandbox/signal_detect_vitis/signal_detect_platform/hw/signal_detect_bd_wrapper.xsa
TRACE::2026-04-26.20:26:36::SCWPlatform:: Unique name xilinx:zybo-z7-10::0.0
TRACE::2026-04-26.20:26:36::SCWPlatform::Trying to set the existing hwdb with name signal_detect_bd_wrapper_45
TRACE::2026-04-26.20:26:36::SCWPlatform::Opened existing hwdb signal_detect_bd_wrapper_45
TRACE::2026-04-26.20:26:36::SCWPlatform::Found the Hw Db part of the input DSA
TRACE::2026-04-26.20:26:36::SCWMssOS::Checking the sw design at  C:/Users/suren/Documents/ECE_520/Final_Project/Sandbox/signal_detect_vitis/signal_detect_platform/zynq_fsbl/zynq_fsbl_bsp/system.mss
TRACE::2026-04-26.20:26:36::SCWMssOS::DEBUG:  swdes dump  C:/Users/suren/Documents/ECE_520/Final_Project/Sandbox/signal_detect_vitis/signal_detect_platform/ps7_cortexa9_0/standalone_domain/bsp/system.mss|system_0||
C:/Users/suren/Documents/ECE_520/Final_Project/Sandbox/signal_detect_vitis/signal_detect_platform/zynq_fsbl/zynq_fsbl_bsp/system.mss|system||

TRACE::2026-04-26.20:26:36::SCWMssOS::Sw design exists and opened at  C:/Users/suren/Documents/ECE_520/Final_Project/Sandbox/signal_detect_vitis/signal_detect_platform/zynq_fsbl/zynq_fsbl_bsp/system.mss
TRACE::2026-04-26.20:26:36::SCWPlatform::Trying to open the hw design at C:/Users/suren/Documents/ECE_520/Final_Project/Sandbox/signal_detect_vitis/signal_detect_platform/hw/signal_detect_bd_wrapper.xsa
TRACE::2026-04-26.20:26:36::SCWPlatform::DSA given C:/Users/suren/Documents/ECE_520/Final_Project/Sandbox/signal_detect_vitis/signal_detect_platform/hw/signal_detect_bd_wrapper.xsa
TRACE::2026-04-26.20:26:36::SCWPlatform::DSA absoulate path C:/Users/suren/Documents/ECE_520/Final_Project/Sandbox/signal_detect_vitis/signal_detect_platform/hw/signal_detect_bd_wrapper.xsa
TRACE::2026-04-26.20:26:36::SCWPlatform::DSA directory C:/Users/suren/Documents/ECE_520/Final_Project/Sandbox/signal_detect_vitis/signal_detect_platform/hw
TRACE::2026-04-26.20:26:36::SCWPlatform:: Platform Path C:/Users/suren/Documents/ECE_520/Final_Project/Sandbox/signal_detect_vitis/signal_detect_platform/hw/signal_detect_bd_wrapper.xsa
TRACE::2026-04-26.20:26:36::SCWPlatform:: Unique name xilinx:zybo-z7-10::0.0
TRACE::2026-04-26.20:26:36::SCWPlatform::Trying to set the existing hwdb with name signal_detect_bd_wrapper_45
TRACE::2026-04-26.20:26:36::SCWPlatform::Opened existing hwdb signal_detect_bd_wrapper_45
TRACE::2026-04-26.20:26:36::SCWPlatform::Found the Hw Db part of the input DSA
TRACE::2026-04-26.20:26:36::SCWMssOS::Checking the sw design at  C:/Users/suren/Documents/ECE_520/Final_Project/Sandbox/signal_detect_vitis/signal_detect_platform/ps7_cortexa9_0/standalone_domain/bsp/system.mss
TRACE::2026-04-26.20:26:36::SCWMssOS::DEBUG:  swdes dump  C:/Users/suren/Documents/ECE_520/Final_Project/Sandbox/signal_detect_vitis/signal_detect_platform/ps7_cortexa9_0/standalone_domain/bsp/system.mss|system_0||
C:/Users/suren/Documents/ECE_520/Final_Project/Sandbox/signal_detect_vitis/signal_detect_platform/zynq_fsbl/zynq_fsbl_bsp/system.mss|system||

TRACE::2026-04-26.20:26:36::SCWMssOS::Sw design exists and opened at  C:/Users/suren/Documents/ECE_520/Final_Project/Sandbox/signal_detect_vitis/signal_detect_platform/ps7_cortexa9_0/standalone_domain/bsp/system.mss
TRACE::2026-04-26.20:26:36::SCWWriter::formatted JSON is {
	"platformName":	"signal_detect_platform",
	"sprVersion":	"2.0",
	"mode":	"gui",
	"dsaType":	"Fixed",
	"platformDesc":	"signal_detect_platform",
	"platHandOff":	"C:/Users/suren/Documents/ECE_520/Final_Project/Sandbox/signal_detect_sb/signal_detect_bd_wrapper.xsa",
	"platIntHandOff":	"<platformDir>/hw/signal_detect_bd_wrapper.xsa",
	"deviceType":	"zynq",
	"platIsPrebuiltAutogen":	"false",
	"platIsNoBootBsp":	"false",
	"hasFsblMakeHasChanges":	"false",
	"hasPmufwMakeHasChanges":	"false",
	"fsblExtraCompilerFlags":	"-MMD -MP       -mcpu=cortex-a9 -mfpu=vfpv3 -mfloat-abi=hard ",
	"platPreBuiltFlag":	false,
	"platformSamplesDir":	"",
	"platActiveSys":	"signal_detect_platform",
	"systems":	[{
			"systemName":	"signal_detect_platform",
			"systemDesc":	"signal_detect_platform",
			"sysIsBootAutoGen":	"true",
			"systemDispName":	"signal_detect_platform",
			"sysActiveDom":	"standalone_domain",
			"sysDefaultDom":	"standalone_domain",
			"domains":	[{
					"domainName":	"zynq_fsbl",
					"domainDispName":	"zynq_fsbl",
					"domainDesc":	"FSBL Application BSP - Auto Generated.",
					"processors":	"ps7_cortexa9_0",
					"os":	"standalone",
					"sdxOs":	"standalone",
					"debugEnable":	"",
					"domRuntimes":	["cpp"],
					"swRepo":	"",
					"mssOsVer":	"8.1",
					"mssFile":	"",
					"md5Digest":	"24e81f5df4a1b28986eb4269e22351fe1",
					"compatibleApp":	"zynq_fsbl",
					"domType":	"bootDomain",
					"arch":	"32-bit",
					"appSettings":	{
						"appCompilerFlags":	"",
						"appLinkerFlags":	""
					},
					"addedLibs":	["xilffs:5.0", "xilrsa:1.6"],
					"libOptions":	{
						"libsContainingOptions":	[]
					},
					"prebuiltLibs":	{
						"prebuiltIncPath":	[],
						"prebuiltLibPath":	[]
					},
					"isolation":	{
					}
				}, {
					"domainName":	"standalone_domain",
					"domainDispName":	"standalone on ps7_cortexa9_0",
					"domainDesc":	"standalone_domain",
					"processors":	"ps7_cortexa9_0",
					"os":	"standalone",
					"sdxOs":	"standalone",
					"qemuArgs":	"<platformDir>/resources/signal_detect_platform/standalone_domain/qemu_args.txt",
					"qemuData":	"<platformDir>/resources/signal_detect_platform/standalone_domain/qemu",
					"debugEnable":	"False",
					"domRuntimes":	["cpp"],
					"swRepo":	"",
					"mssOsVer":	"8.1",
					"mssFile":	"",
					"md5Digest":	"9d9647dd92d7d30efd40c762a4ad2096",
					"compatibleApp":	"",
					"domType":	"mssDomain",
					"appSettings":	{
						"appCompilerFlags":	"",
						"appLinkerFlags":	""
					},
					"addedLibs":	[],
					"libOptions":	{
						"libsContainingOptions":	[]
					},
					"prebuiltLibs":	{
						"prebuiltIncPath":	[],
						"prebuiltLibPath":	[]
					},
					"isolation":	{
					}
				}]
		}]
}
KEYINFO::2026-04-26.20:26:36::SCWPlatform::updated the xpfm file.
TRACE::2026-04-26.20:26:36::SCWPlatform::Trying to open the hw design at C:/Users/suren/Documents/ECE_520/Final_Project/Sandbox/signal_detect_vitis/signal_detect_platform/hw/signal_detect_bd_wrapper.xsa
TRACE::2026-04-26.20:26:36::SCWPlatform::DSA given C:/Users/suren/Documents/ECE_520/Final_Project/Sandbox/signal_detect_vitis/signal_detect_platform/hw/signal_detect_bd_wrapper.xsa
TRACE::2026-04-26.20:26:36::SCWPlatform::DSA absoulate path C:/Users/suren/Documents/ECE_520/Final_Project/Sandbox/signal_detect_vitis/signal_detect_platform/hw/signal_detect_bd_wrapper.xsa
TRACE::2026-04-26.20:26:36::SCWPlatform::DSA directory C:/Users/suren/Documents/ECE_520/Final_Project/Sandbox/signal_detect_vitis/signal_detect_platform/hw
TRACE::2026-04-26.20:26:36::SCWPlatform:: Platform Path C:/Users/suren/Documents/ECE_520/Final_Project/Sandbox/signal_detect_vitis/signal_detect_platform/hw/signal_detect_bd_wrapper.xsa
TRACE::2026-04-26.20:26:36::SCWPlatform:: Unique name xilinx:zybo-z7-10::0.0
TRACE::2026-04-26.20:26:36::SCWPlatform::Trying to set the existing hwdb with name signal_detect_bd_wrapper_45
TRACE::2026-04-26.20:26:36::SCWPlatform::Opened existing hwdb signal_detect_bd_wrapper_45
TRACE::2026-04-26.20:26:36::SCWPlatform::Found the Hw Db part of the input DSA
TRACE::2026-04-26.20:26:36::SCWMssOS::Checking the sw design at  C:/Users/suren/Documents/ECE_520/Final_Project/Sandbox/signal_detect_vitis/signal_detect_platform/ps7_cortexa9_0/standalone_domain/bsp/system.mss
TRACE::2026-04-26.20:26:36::SCWMssOS::DEBUG:  swdes dump  C:/Users/suren/Documents/ECE_520/Final_Project/Sandbox/signal_detect_vitis/signal_detect_platform/ps7_cortexa9_0/standalone_domain/bsp/system.mss|system_0||
C:/Users/suren/Documents/ECE_520/Final_Project/Sandbox/signal_detect_vitis/signal_detect_platform/zynq_fsbl/zynq_fsbl_bsp/system.mss|system||

TRACE::2026-04-26.20:26:36::SCWMssOS::Sw design exists and opened at  C:/Users/suren/Documents/ECE_520/Final_Project/Sandbox/signal_detect_vitis/signal_detect_platform/ps7_cortexa9_0/standalone_domain/bsp/system.mss
